-- phpMyAdmin SQL Dump
-- version 4.0.10.14
-- http://www.phpmyadmin.net
--
-- Host: localhost:3306
-- Generation Time: Oct 30, 2016 at 07:58 PM
-- Server version: 5.5.49-cll-lve
-- PHP Version: 5.6.20

SET SQL_MODE = "NO_AUTO_VALUE_ON_ZERO";
SET time_zone = "+00:00";


/*!40101 SET @OLD_CHARACTER_SET_CLIENT=@@CHARACTER_SET_CLIENT */;
/*!40101 SET @OLD_CHARACTER_SET_RESULTS=@@CHARACTER_SET_RESULTS */;
/*!40101 SET @OLD_COLLATION_CONNECTION=@@COLLATION_CONNECTION */;
/*!40101 SET NAMES utf8 */;

--
-- Database: `db_longroom`
--

-- --------------------------------------------------------

--
-- Table structure for table `tblcustomer_get_promo`
--

CREATE TABLE IF NOT EXISTS `tblcustomer_get_promo` (
  `id` int(11) NOT NULL AUTO_INCREMENT,
  `customer_id` int(11) DEFAULT NULL,
  `promo_option` tinyint(1) DEFAULT '1',
  `created_date` datetime DEFAULT NULL,
  `remark` varchar(255) COLLATE utf8_unicode_ci DEFAULT NULL,
  PRIMARY KEY (`id`)
) ENGINE=MyISAM DEFAULT CHARSET=utf8 COLLATE=utf8_unicode_ci AUTO_INCREMENT=1 ;

-- --------------------------------------------------------

--
-- Table structure for table `tblcustomer_group_promo`
--

CREATE TABLE IF NOT EXISTS `tblcustomer_group_promo` (
  `id` int(11) NOT NULL AUTO_INCREMENT,
  `username` varchar(64) COLLATE utf8_unicode_ci DEFAULT NULL,
  `fullname` varchar(128) COLLATE utf8_unicode_ci DEFAULT NULL,
  `email` varchar(128) COLLATE utf8_unicode_ci DEFAULT NULL,
  `phone` varchar(128) COLLATE utf8_unicode_ci DEFAULT NULL,
  `address` varchar(255) COLLATE utf8_unicode_ci DEFAULT NULL,
  `createddate` datetime DEFAULT NULL,
  PRIMARY KEY (`id`)
) ENGINE=MyISAM DEFAULT CHARSET=utf8 COLLATE=utf8_unicode_ci AUTO_INCREMENT=1 ;

-- --------------------------------------------------------

--
-- Table structure for table `tblmember_invite`
--

CREATE TABLE IF NOT EXISTS `tblmember_invite` (
  `id` int(11) NOT NULL AUTO_INCREMENT,
  `customer_id` int(11) DEFAULT NULL,
  `invite_fullname` varchar(64) COLLATE utf8_unicode_ci DEFAULT NULL,
  `invite_email` varchar(128) COLLATE utf8_unicode_ci DEFAULT NULL,
  `invite_phone` varchar(64) COLLATE utf8_unicode_ci DEFAULT NULL,
  `created_date` datetime DEFAULT NULL,
  PRIMARY KEY (`id`)
) ENGINE=MyISAM DEFAULT CHARSET=utf8 COLLATE=utf8_unicode_ci AUTO_INCREMENT=1 ;

-- --------------------------------------------------------

--
-- Table structure for table `tblquiz`
--

CREATE TABLE IF NOT EXISTS `tblquiz` (
  `id` int(11) NOT NULL AUTO_INCREMENT,
  `quiz` varchar(255) COLLATE utf8_unicode_ci DEFAULT NULL,
  `status` tinyint(1) DEFAULT '1',
  `created_date` datetime DEFAULT NULL,
  PRIMARY KEY (`id`)
) ENGINE=MyISAM DEFAULT CHARSET=utf8 COLLATE=utf8_unicode_ci AUTO_INCREMENT=1 ;

-- --------------------------------------------------------

--
-- Table structure for table `tblquiz_answer`
--

CREATE TABLE IF NOT EXISTS `tblquiz_answer` (
  `id` int(11) NOT NULL AUTO_INCREMENT,
  `quiz_id` int(11) NOT NULL,
  `answer` varchar(255) COLLATE utf8_unicode_ci DEFAULT NULL,
  `is_correct` tinyint(1) NOT NULL DEFAULT '0',
  PRIMARY KEY (`id`)
) ENGINE=MyISAM DEFAULT CHARSET=utf8 COLLATE=utf8_unicode_ci AUTO_INCREMENT=1 ;

-- --------------------------------------------------------

--
-- Table structure for table `tbl_activity_log`
--

CREATE TABLE IF NOT EXISTS `tbl_activity_log` (
  `id` int(11) NOT NULL AUTO_INCREMENT,
  `user_id` int(11) DEFAULT NULL,
  `action` varchar(50) COLLATE utf8_unicode_ci DEFAULT NULL,
  `menu_code` varchar(50) COLLATE utf8_unicode_ci DEFAULT NULL,
  `ip_address` varchar(50) COLLATE utf8_unicode_ci DEFAULT NULL,
  `created_at` timestamp NULL DEFAULT NULL,
  PRIMARY KEY (`id`)
) ENGINE=InnoDB  DEFAULT CHARSET=utf8 COLLATE=utf8_unicode_ci AUTO_INCREMENT=1774 ;

--
-- Dumping data for table `tbl_activity_log`
--

INSERT INTO `tbl_activity_log` (`id`, `user_id`, `action`, `menu_code`, `ip_address`, `created_at`) VALUES
(1, 1, 'update', 's02', NULL, '2015-12-01 07:33:24'),
(2, 1, 'update', 's01', NULL, '2015-12-01 07:33:42'),
(3, 1, 'create', 's01', NULL, '2015-12-01 07:46:57'),
(4, 1, 'create', 's01', NULL, '2015-12-01 07:47:32'),
(5, 1, 'create', 's01', NULL, '2015-12-01 07:48:18'),
(6, 1, 'create', 's01', NULL, '2015-12-01 07:51:22'),
(7, 1, 'create', 's01', NULL, '2015-12-01 07:56:27'),
(8, 1, 'create', 's01', NULL, '2015-12-01 07:57:05'),
(9, 1, 'create', 's01', NULL, '2015-12-01 07:59:20'),
(10, 1, 'create', 's01', NULL, '2015-12-01 08:00:34'),
(11, 1, 'delete', 's01', NULL, '2015-12-01 08:01:23'),
(12, 1, 'create', 's01', NULL, '2015-12-01 08:04:51'),
(13, 1, 'create', 's01', NULL, '2015-12-01 08:05:23'),
(14, 1, 'create', 's01', NULL, '2015-12-01 08:05:40'),
(15, 1, 'delete', 's01', NULL, '2015-12-01 08:05:45'),
(16, 1, 'update', 's05', NULL, '2015-12-01 08:06:57'),
(17, 1, 'create', 's01', NULL, '2015-11-30 21:36:42'),
(18, 1, 'delete', 's01', NULL, '2015-11-30 21:37:03'),
(19, 1, 'create', 's01', NULL, '2015-11-30 21:37:43'),
(20, 1, 'create', 's01', NULL, '2015-11-30 21:38:44'),
(21, 1, 'create', 's01', NULL, '2015-11-30 21:39:09'),
(22, 1, 'create', 's01', NULL, '2015-11-30 21:39:50'),
(23, 1, 'create', 's01', NULL, '2015-11-30 21:42:28'),
(24, 1, 'login', NULL, NULL, '2015-12-01 02:44:19'),
(25, 1, 'delete', 's01', NULL, '2015-12-03 01:27:09'),
(26, 1, 'delete', 's01', NULL, '2015-12-03 01:27:24'),
(27, 1, 'delete', 's01', NULL, '2015-12-03 01:27:29'),
(28, 1, 'update', 's01', NULL, '2015-12-03 01:27:44'),
(29, 1, 'delete', 's02', NULL, '2015-12-03 01:28:25'),
(30, 1, 'update', 's02', NULL, '2015-12-03 01:28:49'),
(31, 1, 'update', 's02', NULL, '2015-12-03 01:30:50'),
(32, 1, 'delete', 's03', NULL, '2015-12-03 01:31:16'),
(33, 1, 'login', NULL, NULL, '2015-12-03 21:23:36'),
(34, 1, 'login', NULL, NULL, '2015-12-04 02:24:32'),
(35, 1, 'update', 's01', NULL, '2015-12-04 23:13:08'),
(36, 1, 'create', 's01', NULL, '2015-12-04 23:21:28'),
(37, 1, 'update', 's01', NULL, '2015-12-04 23:25:09'),
(38, 1, 'update', 's01', NULL, '2015-12-05 00:16:18'),
(39, 1, 'update permission', 's03', NULL, '2015-12-05 00:39:09'),
(40, 1, 'logout', 's24', NULL, '2015-12-05 05:40:41'),
(41, 2, 'login', NULL, NULL, '2015-12-05 05:40:53'),
(42, 2, 'logout', NULL, NULL, '2015-12-05 05:44:08'),
(43, 2, 'login', NULL, NULL, '2015-12-05 06:04:26'),
(44, 2, 'logout', 's24', NULL, '2015-12-05 06:17:39'),
(45, 1, 'login', NULL, NULL, '2015-12-05 06:20:33'),
(46, 1, 'create', 's03', NULL, '2015-12-05 01:21:26'),
(47, 1, 'update permission', 's03', NULL, '2015-12-05 01:21:56'),
(48, 1, 'logout', 's03', NULL, '2015-12-05 06:24:26'),
(49, 2, 'login', NULL, NULL, '2015-12-05 06:24:35'),
(50, 2, 'logout', 's24', NULL, '2015-12-05 06:31:24'),
(51, 1, 'login', NULL, NULL, '2015-12-05 06:31:34'),
(52, 1, 'login', NULL, NULL, '2015-12-05 22:29:51'),
(53, 1, 'update', 's02', NULL, '2015-12-06 05:47:26'),
(54, 1, 'logout', 's02', NULL, '2015-12-05 22:47:32'),
(55, 2, 'login', NULL, NULL, '2015-12-05 22:47:38'),
(56, 2, 'logout', 's24', NULL, '2015-12-05 22:58:33'),
(57, 1, 'login', NULL, NULL, '2015-12-05 22:58:38'),
(58, 1, 'update permission', 's03', NULL, '2015-12-06 05:59:05'),
(59, 1, 'logout', 's03', NULL, '2015-12-05 22:59:09'),
(60, 2, 'login', NULL, NULL, '2015-12-05 22:59:17'),
(61, 2, 'logout', 's24', NULL, '2015-12-05 23:00:54'),
(62, 1, 'login', NULL, NULL, '2015-12-05 23:00:59'),
(63, 1, 'logout', 's02', NULL, '2015-12-05 23:04:01'),
(64, 1, 'login', NULL, NULL, '2015-12-05 23:04:15'),
(65, 1, 'update permission', 's03', NULL, '2015-12-06 06:04:24'),
(66, 1, 'logout', 's03', NULL, '2015-12-05 23:04:36'),
(67, 2, 'login', NULL, NULL, '2015-12-05 23:04:51'),
(68, 2, 'logout', 's24', NULL, '2015-12-05 23:06:15'),
(69, 1, 'login', NULL, NULL, '2015-12-05 23:06:20'),
(70, 1, 'update permission', 's03', NULL, '2015-12-06 06:12:04'),
(71, 1, 'update permission', 's03', NULL, '2015-12-06 06:12:16'),
(72, 1, 'update permission', 's03', NULL, '2015-12-06 06:14:29'),
(73, 1, 'update permission', 's03', NULL, '2015-12-06 06:15:21'),
(74, 1, 'update', 's02', NULL, '2015-12-06 06:15:29'),
(75, 1, 'update permission', 's03', NULL, '2015-12-06 06:15:38'),
(76, 1, 'update permission', 's03', NULL, '2015-12-06 06:18:03'),
(77, 1, 'update permission', 's03', NULL, '2015-12-06 06:18:07'),
(78, 1, 'update permission', 's03', NULL, '2015-12-06 06:18:38'),
(79, 1, 'update permission', 's03', NULL, '2015-12-06 06:18:45'),
(80, 1, 'update permission', 's03', NULL, '2015-12-06 06:19:37'),
(81, 1, 'update permission', 's03', NULL, '2015-12-06 07:05:56'),
(82, 1, 'logout', 's03', NULL, '2015-12-06 00:06:15'),
(83, 1, 'login', NULL, NULL, '2015-12-06 00:06:20'),
(84, 1, 'update permission', 's03', NULL, '2015-12-06 07:13:48'),
(85, 1, 'logout', 's03', NULL, '2015-12-06 00:13:53'),
(86, 1, 'login', NULL, NULL, '2015-12-06 00:13:58'),
(87, 1, 'login', NULL, NULL, '2015-12-07 21:49:34'),
(88, 1, 'create', 's01', NULL, '2015-12-08 06:35:14'),
(89, 1, 'login', NULL, NULL, '2015-12-08 05:12:13'),
(90, 1, 'login', NULL, NULL, '2015-12-09 03:10:36'),
(91, 1, 'login', NULL, NULL, '2015-12-10 06:15:57'),
(92, 1, 'login', NULL, NULL, '2015-12-11 22:59:34'),
(93, 1, 'create', 's36', NULL, '2015-12-11 23:18:46'),
(94, 1, 'login', NULL, NULL, '2015-12-12 21:40:57'),
(95, 1, 'login', NULL, NULL, '2015-12-14 23:43:11'),
(96, 1, 'login', NULL, NULL, '2015-12-15 04:40:56'),
(97, 1, 'create', 's36', NULL, '2015-12-15 01:15:35'),
(98, 1, 'login', NULL, NULL, '2015-12-15 21:27:09'),
(99, 1, 'update', 's36', NULL, '2015-12-16 05:38:17'),
(100, 1, 'update', 's36', NULL, '2015-12-16 05:39:04'),
(101, 1, 'update', 's36', NULL, '2015-12-16 05:39:46'),
(102, 1, 'create', 's36', NULL, '2015-12-16 05:41:15'),
(103, 1, 'update', 's36', NULL, '2015-12-16 05:43:22'),
(104, 1, 'update', 's36', NULL, '2015-12-16 05:44:14'),
(105, 1, 'login', NULL, NULL, '2015-12-16 02:33:21'),
(106, 1, 'create', 's38', NULL, '2015-12-16 00:40:38'),
(107, 1, 'update', 's38', NULL, '2015-12-16 00:46:56'),
(108, 1, 'create', 's38', NULL, '2015-12-16 00:47:44'),
(109, 1, 'create', 's38', NULL, '2015-12-16 00:48:43'),
(110, 1, 'create', 's38', NULL, '2015-12-16 00:50:45'),
(111, 1, 'update', 's38', NULL, '2015-12-16 00:50:54'),
(112, 1, 'create', 's39', NULL, '2015-12-16 02:02:00'),
(113, 1, 'update', 's39', NULL, '2015-12-16 02:02:38'),
(114, 1, 'create', 's39', NULL, '2015-12-16 02:15:36'),
(115, 1, 'update', 's39', NULL, '2015-12-16 02:15:43'),
(116, 1, 'delete', 's39', NULL, '2015-12-16 02:15:49'),
(117, 1, 'login', NULL, NULL, '2015-12-16 21:24:15'),
(118, 1, 'update permission', 's03', NULL, '2015-12-17 04:32:44'),
(119, 1, 'create', 's41', NULL, '2015-12-17 06:46:57'),
(120, 1, 'create', 's41', NULL, '2015-12-17 07:00:49'),
(121, 1, 'update', 's41', NULL, '2015-12-17 07:14:00'),
(122, 1, 'update', 's41', NULL, '2015-12-17 07:20:36'),
(123, 1, 'update', 's41', NULL, '2015-12-17 07:20:47'),
(124, 1, 'update', 's41', NULL, '2015-12-17 07:21:05'),
(125, 1, 'update', 's41', NULL, '2015-12-17 07:21:45'),
(126, 1, 'update', 's41', NULL, '2015-12-17 07:23:58'),
(127, 1, 'update', 's41', NULL, '2015-12-17 07:41:12'),
(128, 1, 'create', 's42', NULL, '2015-12-16 22:02:43'),
(129, 1, 'update', 's42', NULL, '2015-12-16 22:51:12'),
(130, 1, 'update', 's42', NULL, '2015-12-16 22:51:26'),
(131, 1, 'update', 's42', NULL, '2015-12-16 22:52:03'),
(132, 1, 'update', 's42', NULL, '2015-12-16 22:52:21'),
(133, 1, 'update', 's42', NULL, '2015-12-16 22:53:08'),
(134, 1, 'update', 's42', NULL, '2015-12-16 22:53:35'),
(135, 1, 'update', 's42', NULL, '2015-12-16 22:53:48'),
(136, 1, 'update', 's42', NULL, '2015-12-16 22:53:58'),
(137, 1, 'update', 's42', NULL, '2015-12-17 01:09:10'),
(138, 1, 'create', 's42', NULL, '2015-12-17 01:11:34'),
(139, 1, 'delete', 's42', NULL, '2015-12-17 01:11:40'),
(140, 1, 'delete', 's42', NULL, '2015-12-17 01:11:44'),
(141, 1, 'update', 's42', NULL, '2015-12-17 01:24:29'),
(142, 1, 'login', NULL, NULL, '2015-12-17 21:22:57'),
(143, 1, 'create', 's38', NULL, '2015-12-18 04:44:11'),
(144, 1, 'update', 's38', NULL, '2015-12-18 04:44:34'),
(145, 1, 'login', NULL, NULL, '2015-12-18 07:12:39'),
(146, 1, 'update permission', 's03', NULL, '2015-12-18 08:22:23'),
(147, 1, 'login', NULL, NULL, '2015-12-18 08:40:49'),
(148, 1, 'create', 's42', NULL, '2015-12-17 23:09:16'),
(149, 1, 'create', 's42', NULL, '2015-12-17 23:09:37'),
(150, 1, 'create', 's39', NULL, '2015-12-18 01:22:28'),
(151, 1, 'create', 's38', NULL, '2015-12-18 01:25:09'),
(152, 1, 'create', 's38', NULL, '2015-12-18 01:26:50'),
(153, 1, 'create', 's38', NULL, '2015-12-18 01:28:08'),
(154, 1, 'login', NULL, NULL, '2015-12-19 07:24:36'),
(155, 1, 'update', 's42', NULL, '2015-12-19 08:09:24'),
(156, 1, 'update', 's42', NULL, '2015-12-19 08:13:18'),
(157, 1, 'login', NULL, NULL, '2015-12-20 06:48:21'),
(158, 1, 'create', 's38', NULL, '2015-12-23 05:56:06'),
(159, 1, 'create', 's01', NULL, '2015-12-23 06:58:54'),
(160, 1, 'update', 's01', NULL, '2015-12-23 07:14:51'),
(161, 1, 'update', 's01', NULL, '2015-12-23 07:14:58'),
(162, 1, 'update', 's01', NULL, '2015-12-23 07:15:14'),
(163, 1, 'update', 's42', NULL, '2015-12-23 08:26:22'),
(164, 1, 'update', 's42', NULL, '2015-12-23 08:28:08'),
(165, 1, 'update', 's42', NULL, '2015-12-22 21:06:55'),
(166, 1, 'update', 's42', NULL, '2015-12-22 21:08:02'),
(167, 1, 'update', 's01', NULL, '2015-12-22 21:29:32'),
(168, 1, 'update permission', 's03', NULL, '2015-12-23 01:45:14'),
(169, 1, 'update', 's44', NULL, '2015-12-23 02:23:19'),
(170, 1, 'update', 's44', NULL, '2015-12-23 02:25:31'),
(171, 1, 'update', 's44', NULL, '2015-12-23 02:25:43'),
(172, 1, 'create', 's44', NULL, '2015-12-23 02:30:58'),
(173, 1, 'delete', 's44', NULL, '2015-12-23 02:31:05'),
(174, 1, 'create', 's44', NULL, '2015-12-23 02:33:28'),
(175, 1, 'delete', 's44', NULL, '2015-12-23 02:34:05'),
(176, 1, 'update', 's41', NULL, '2015-12-24 08:10:57'),
(177, 1, 'update', 's41', NULL, '2015-12-24 08:15:29'),
(178, 1, 'update', 's36', NULL, '2015-12-24 08:26:34'),
(179, 1, 'create', 's36', NULL, '2015-12-24 08:27:48'),
(180, 1, 'update', 's36', NULL, '2015-12-24 08:28:08'),
(181, 1, 'create', 's36', NULL, '2015-12-24 08:28:29'),
(182, 1, 'create', 's36', NULL, '2015-12-24 08:29:02'),
(183, 1, 'create', 's36', NULL, '2015-12-24 08:29:39'),
(184, 1, 'update', 's36', NULL, '2015-12-24 08:32:47'),
(185, 1, 'update', 's36', NULL, '2015-12-24 08:36:47'),
(186, 1, 'update', 's36', NULL, '2015-12-24 08:36:56'),
(187, 1, 'update', 's36', NULL, '2015-12-24 08:37:03'),
(188, 1, 'update', 's36', NULL, '2015-12-24 08:37:14'),
(189, 1, 'update', 's36', NULL, '2015-12-24 08:37:24'),
(190, 1, 'update', 's36', NULL, '2015-12-24 08:37:35'),
(191, 1, 'create', 's36', NULL, '2015-12-24 08:44:32'),
(192, 1, 'update', 's36', NULL, '2015-12-24 08:45:05'),
(193, 1, 'update', 's36', NULL, '2015-12-24 08:47:41'),
(194, 1, 'update', 's44', NULL, '2015-12-24 08:52:27'),
(195, 1, 'update', 's44', NULL, '2015-12-24 08:52:34'),
(196, 1, 'update', 's42', NULL, '2015-12-23 21:11:26'),
(197, 1, 'update', 's42', NULL, '2015-12-23 21:16:44'),
(198, 1, 'update', 's42', NULL, '2015-12-23 21:18:29'),
(199, 1, 'update permission', 's03', NULL, '2015-12-23 21:38:00'),
(200, 1, 'create', 's36', NULL, '2015-12-29 23:59:23'),
(201, 1, 'update', 's36', NULL, '2015-12-30 00:12:48'),
(202, 1, 'update', 's36', NULL, '2015-12-30 00:17:12'),
(203, 1, 'update', 's36', NULL, '2015-12-30 01:53:16'),
(204, 1, 'update', 's36', NULL, '2015-12-30 01:54:06'),
(205, 1, 'update', 's36', NULL, '2015-12-30 01:55:36'),
(206, 1, 'update', 's36', NULL, '2015-12-30 01:56:14'),
(207, 1, 'update', 's36', NULL, '2015-12-30 01:56:40'),
(208, 1, 'update', 's36', NULL, '2015-12-30 01:56:57'),
(209, 1, 'update', 's36', NULL, '2016-01-01 04:50:45'),
(210, 1, 'update', 's36', NULL, '2016-01-01 04:51:02'),
(211, 1, 'update', 's36', NULL, '2016-01-01 04:52:28'),
(212, 1, 'update', 's36', NULL, '2016-01-01 05:05:32'),
(213, 1, 'update', 's36', NULL, '2016-01-01 05:06:53'),
(214, 1, 'update', 's36', NULL, '2016-01-01 05:07:46'),
(215, 1, 'create', 's36', NULL, '2016-01-01 05:13:42'),
(216, 1, 'create', 's36', NULL, '2016-01-01 05:17:37'),
(217, 1, 'create', 's36', NULL, '2016-01-01 07:09:00'),
(218, 1, 'update', 's36', NULL, '2016-01-03 07:07:14'),
(219, 1, 'update', 's36', NULL, '2016-01-03 07:08:47'),
(220, 1, 'update', 's36', NULL, '2016-01-08 21:34:20'),
(221, 1, 'update', 's36', NULL, '2016-01-08 21:34:42'),
(222, 1, 'update', 's36', NULL, '2016-01-08 21:48:52'),
(223, 1, 'login', NULL, NULL, '2016-01-14 20:59:00'),
(224, 1, 'logout', 's24', NULL, '2016-01-15 00:01:58'),
(225, 1, 'login', NULL, NULL, '2016-01-15 00:02:03'),
(226, 1, 'update', 's44', NULL, '2016-01-15 00:05:10'),
(227, 1, 'login', NULL, NULL, '2016-01-16 03:16:44'),
(228, 1, 'update', 's42', NULL, '2016-01-16 03:27:58'),
(229, 1, 'update', 's01', NULL, '2016-01-16 03:31:40'),
(230, 1, 'login', NULL, NULL, '2016-01-15 22:09:22'),
(231, 1, 'update', 's01', NULL, '2016-01-15 22:51:46'),
(232, 1, 'update', 's01', NULL, '2016-01-15 22:52:02'),
(233, 1, 'update', 's36', NULL, '2016-01-15 23:04:35'),
(234, 1, 'logout', 's24', NULL, '2016-01-15 23:21:58'),
(235, 1, 'login', NULL, NULL, '2016-01-15 23:22:00'),
(236, 1, 'login', NULL, NULL, '2016-01-16 00:17:19'),
(237, 1, 'login', NULL, NULL, '2016-01-16 00:34:38'),
(238, 1, 'login', NULL, NULL, '2016-01-17 03:00:22'),
(239, 1, 'logout', NULL, NULL, '2016-01-17 03:00:29'),
(240, 1, 'login', NULL, NULL, '2016-01-17 03:00:42'),
(241, 1, 'update', 's38', NULL, '2016-01-17 03:03:05'),
(242, 1, 'update', 's38', NULL, '2016-01-17 03:03:12'),
(243, 1, 'update', 's38', NULL, '2016-01-17 03:04:01'),
(244, 1, 'update', 's38', NULL, '2016-01-17 03:17:38'),
(245, 1, 'update', 's38', NULL, '2016-01-17 03:18:26'),
(246, 1, 'update permission', 's03', NULL, '2016-01-17 04:47:41'),
(247, 1, 'update permission', 's03', NULL, '2016-01-17 04:48:17'),
(248, 1, 'update permission', 's03', NULL, '2016-01-17 05:18:13'),
(249, 1, 'delete', 's42', NULL, '2016-01-17 05:20:09'),
(250, 1, 'delete', 's42', NULL, '2016-01-17 05:20:12'),
(251, 1, 'delete', 's42', NULL, '2016-01-17 05:20:15'),
(252, 1, 'delete', 's42', NULL, '2016-01-17 05:20:17'),
(253, 1, 'delete', 's42', NULL, '2016-01-17 05:20:20'),
(254, 1, 'delete', 's42', NULL, '2016-01-17 05:20:22'),
(255, 1, 'delete', 's42', NULL, '2016-01-17 05:20:24'),
(256, 1, 'delete', 's42', NULL, '2016-01-17 05:20:26'),
(257, 1, 'login', NULL, NULL, '2016-01-19 03:14:39'),
(258, 1, 'update', 's38', NULL, '2016-01-19 03:18:31'),
(259, 1, 'update', 's38', NULL, '2016-01-19 03:18:35'),
(260, 1, 'login', NULL, NULL, '2016-01-19 05:08:03'),
(261, 1, 'login', NULL, NULL, '2016-01-19 06:27:12'),
(262, 1, 'login', NULL, NULL, '2016-01-19 06:27:23'),
(263, 1, 'update permission', 's03', NULL, '2016-01-18 20:43:09'),
(264, 1, 'update permission', 's03', NULL, '2016-01-18 21:36:00'),
(265, 1, 'login', NULL, NULL, '2016-01-20 03:11:48'),
(266, 1, 'update', 's38', NULL, '2016-01-20 03:39:00'),
(267, 1, 'update', 's38', NULL, '2016-01-20 03:39:16'),
(268, 1, 'update', 's38', NULL, '2016-01-20 04:02:56'),
(269, 1, 'login', NULL, NULL, '2016-01-20 06:16:22'),
(270, 1, 'update', 's36', NULL, '2016-01-20 06:16:58'),
(271, 1, 'update', 's36', NULL, '2016-01-20 06:17:09'),
(272, 1, 'update', 's36', NULL, '2016-01-20 06:17:21'),
(273, 1, 'login', NULL, NULL, '2016-01-19 21:43:06'),
(274, 1, 'create', 's42', NULL, '2016-01-19 21:48:58'),
(275, 1, 'create', 's42', NULL, '2016-01-19 21:50:28'),
(276, 1, 'create', 's42', NULL, '2016-01-19 21:55:40'),
(277, 1, 'create', 's42', NULL, '2016-01-19 21:57:03'),
(278, 1, 'create', 's42', NULL, '2016-01-19 21:57:45'),
(279, 1, 'create', 's42', NULL, '2016-01-19 21:58:46'),
(280, 1, 'create', 's42', NULL, '2016-01-19 22:18:20'),
(281, 1, 'create', 's42', NULL, '2016-01-19 22:22:57'),
(282, 1, 'create', 's42', NULL, '2016-01-19 22:23:21'),
(283, 1, 'create', 's42', NULL, '2016-01-19 22:26:05'),
(284, 1, 'create', 's42', NULL, '2016-01-19 22:26:45'),
(285, 1, 'create', 's42', NULL, '2016-01-19 22:33:36'),
(286, 1, 'create', 's42', NULL, '2016-01-19 22:46:28'),
(287, 1, 'create', 's42', NULL, '2016-01-19 22:48:17'),
(288, 1, 'create', 's42', NULL, '2016-01-19 22:49:20'),
(289, 1, 'create', 's42', NULL, '2016-01-19 22:52:10'),
(290, 1, 'create', 's42', NULL, '2016-01-19 22:53:12'),
(291, 1, 'delete', 's42', NULL, '2016-01-19 22:57:46'),
(292, 1, 'delete', 's42', NULL, '2016-01-19 23:50:34'),
(293, 1, 'delete', 's42', NULL, '2016-01-19 23:50:52'),
(294, 1, 'update', 's42', NULL, '2016-01-20 00:46:47'),
(295, 1, 'update', 's42', NULL, '2016-01-20 00:47:01'),
(296, 1, 'update', 's42', NULL, '2016-01-20 00:48:24'),
(297, 1, 'delete', 's42', NULL, '2016-01-20 00:49:01'),
(298, 1, 'delete', 's42', NULL, '2016-01-20 00:49:03'),
(299, 1, 'delete', 's42', NULL, '2016-01-20 00:49:05'),
(300, 1, 'delete', 's42', NULL, '2016-01-20 00:49:07'),
(301, 1, 'delete', 's42', NULL, '2016-01-20 00:49:09'),
(302, 1, 'delete', 's42', NULL, '2016-01-20 00:49:11'),
(303, 1, 'delete', 's42', NULL, '2016-01-20 00:49:13'),
(304, 1, 'delete', 's42', NULL, '2016-01-20 00:49:15'),
(305, 1, 'delete', 's42', NULL, '2016-01-20 00:49:17'),
(306, 1, 'create', 's42', NULL, '2016-01-20 00:50:20'),
(307, 1, 'delete', 's42', NULL, '2016-01-20 00:50:26'),
(308, 1, 'delete', 's42', NULL, '2016-01-20 00:50:28'),
(309, 1, 'create', 's42', NULL, '2016-01-20 00:50:44'),
(310, 1, 'update', 's42', NULL, '2016-01-20 00:51:19'),
(311, 1, 'delete', 's42', NULL, '2016-01-20 00:51:55'),
(312, 1, 'create', 's42', NULL, '2016-01-20 00:52:34'),
(313, 1, 'update', 's42', NULL, '2016-01-20 00:52:43'),
(314, 1, 'update', 's42', NULL, '2016-01-20 00:52:52'),
(315, 1, 'update', 's42', NULL, '2016-01-20 00:52:59'),
(316, 1, 'update', 's42', NULL, '2016-01-20 00:53:22'),
(317, 1, 'login', NULL, NULL, '2016-01-21 03:44:45'),
(318, 1, 'update', 's38', NULL, '2016-01-21 03:46:31'),
(319, 1, 'update', 's38', NULL, '2016-01-21 03:47:04'),
(320, 1, 'update', 's38', NULL, '2016-01-21 03:47:11'),
(321, 1, 'update', 's39', NULL, '2016-01-21 03:47:30'),
(322, 1, 'create', 's42', NULL, '2016-01-21 03:54:42'),
(323, 1, 'create', 's42', NULL, '2016-01-21 04:10:11'),
(324, 1, 'login', NULL, NULL, '2016-01-21 05:20:38'),
(325, 1, 'create', 's42', NULL, '2016-01-21 05:21:50'),
(326, 1, 'login', NULL, NULL, '2016-01-22 06:36:01'),
(327, 1, 'delete', 's42', NULL, '2016-01-22 06:49:49'),
(328, 1, 'delete', 's42', NULL, '2016-01-22 06:49:52'),
(329, 1, 'delete', 's42', NULL, '2016-01-22 06:49:54'),
(330, 1, 'delete', 's42', NULL, '2016-01-22 06:49:56'),
(331, 1, 'update permission', 's03', NULL, '2016-01-22 06:54:42'),
(332, 1, 'update permission', 's03', NULL, '2016-01-22 06:59:23'),
(333, 1, 'update permission', 's03', NULL, '2016-01-22 07:00:55'),
(334, 1, 'create', 's42', NULL, '2016-01-21 21:31:25'),
(335, 1, 'update', 's42', NULL, '2016-01-21 21:33:38'),
(336, 1, 'update', 's42', NULL, '2016-01-21 21:33:46'),
(337, 1, 'update', 's42', NULL, '2016-01-21 21:35:13'),
(338, 1, 'update', 's42', NULL, '2016-01-21 21:35:20'),
(339, 1, 'update permission', 's03', NULL, '2016-01-21 22:57:56'),
(340, 1, 'login', NULL, NULL, '2016-01-22 00:06:20'),
(341, 1, 'login', NULL, NULL, '2016-01-23 03:20:43'),
(342, 1, 'create', 's50', NULL, '2016-01-23 04:18:30'),
(343, 1, 'create', 's50', NULL, '2016-01-23 04:20:00'),
(344, 1, 'create', 's50', NULL, '2016-01-23 04:22:23'),
(345, 1, 'create', 's50', NULL, '2016-01-23 04:24:44'),
(346, 1, 'create', 's50', NULL, '2016-01-23 04:26:12'),
(347, 1, 'create', 's50', NULL, '2016-01-23 04:33:22'),
(348, 1, 'create', 's50', NULL, '2016-01-23 04:34:54'),
(349, 1, 'create', 's50', NULL, '2016-01-23 04:38:46'),
(350, 1, 'create', 's50', NULL, '2016-01-23 04:40:16'),
(351, 1, 'login', NULL, NULL, '2016-01-23 05:00:25'),
(352, 1, 'login', NULL, NULL, '2016-01-23 05:07:09'),
(353, 1, 'create', 's50', NULL, '2016-01-23 05:19:27'),
(354, 1, 'create', 's50', NULL, '2016-01-23 05:21:48'),
(355, 1, 'create', 's50', NULL, '2016-01-23 05:25:54'),
(356, 1, 'create', 's50', NULL, '2016-01-23 05:29:57'),
(357, 1, 'login', NULL, NULL, '2016-01-23 05:56:32'),
(358, 1, 'create', 's50', NULL, '2016-01-23 05:57:56'),
(359, 1, 'create', 's50', NULL, '2016-01-23 05:58:30'),
(360, 1, 'Update', 's50', NULL, '2016-01-23 06:50:15'),
(361, 1, 'Update', 's50', NULL, '2016-01-23 06:50:24'),
(362, 1, 'Update', 's50', NULL, '2016-01-23 06:50:44'),
(363, 1, 'Update', 's50', NULL, '2016-01-23 06:50:57'),
(364, 1, 'Update', 's50', NULL, '2016-01-23 06:51:17'),
(365, 1, 'update', 's38', NULL, '2016-01-23 07:11:39'),
(366, 1, 'update', 's39', NULL, '2016-01-23 07:12:03'),
(367, 1, 'login', NULL, NULL, '2016-01-22 23:07:50'),
(368, 1, 'create', 's47', NULL, '2016-01-22 23:52:09'),
(369, 1, 'create', 's47', NULL, '2016-01-23 00:04:52'),
(370, 1, 'create', 's47', NULL, '2016-01-23 00:22:46'),
(371, 1, 'Update', 's47', NULL, '2016-01-23 00:26:33'),
(372, 1, 'create', 's47', NULL, '2016-01-23 00:27:18'),
(373, 1, 'Update', 's47', NULL, '2016-01-23 00:27:24'),
(374, 1, 'Update', 's47', NULL, '2016-01-23 00:28:31'),
(375, 1, 'Update', 's47', NULL, '2016-01-23 00:28:37'),
(376, 1, 'login', NULL, NULL, '2016-01-24 03:21:47'),
(377, 1, 'create', 's47', NULL, '2016-01-24 03:38:41'),
(378, 1, 'Update', 's47', NULL, '2016-01-24 03:38:50'),
(379, 1, 'Update', 's47', NULL, '2016-01-24 03:38:59'),
(380, 1, 'create', 's46', NULL, '2016-01-24 03:46:21'),
(381, 1, 'create', 's46', NULL, '2016-01-24 03:46:48'),
(382, 1, 'create', 's46', NULL, '2016-01-24 03:53:19'),
(383, 1, 'Update', 's46', NULL, '2016-01-24 03:56:05'),
(384, 1, 'Update', 's46', NULL, '2016-01-24 03:58:18'),
(385, 1, 'Update', 's46', NULL, '2016-01-24 03:58:27'),
(386, 1, 'create', 's48', NULL, '2016-01-24 04:20:38'),
(387, 1, 'create', 's48', NULL, '2016-01-24 04:21:07'),
(388, 1, 'Update', 's48', NULL, '2016-01-24 04:22:26'),
(389, 1, 'Update', 's48', NULL, '2016-01-24 04:22:31'),
(390, 1, 'Update', 's48', NULL, '2016-01-24 04:22:36'),
(391, 1, 'Update', 's48', NULL, '2016-01-24 04:22:41'),
(392, 1, 'create', 's48', NULL, '2016-01-24 04:27:30'),
(393, 1, 'create', 's48', NULL, '2016-01-24 04:27:57'),
(394, 1, 'create', 's48', NULL, '2016-01-24 04:29:10'),
(395, 1, 'create', 's48', NULL, '2016-01-24 04:30:24'),
(396, 1, 'create', 's48', NULL, '2016-01-24 04:31:02'),
(397, 1, 'create', 's48', NULL, '2016-01-24 04:32:19'),
(398, 1, 'logout', 's48', NULL, '2016-01-24 04:33:14'),
(399, 1, 'login', NULL, NULL, '2016-01-24 04:33:17'),
(400, 1, 'create', 's48', NULL, '2016-01-24 04:33:30'),
(401, 1, 'create', 's48', NULL, '2016-01-24 04:34:26'),
(402, 1, 'create', 's48', NULL, '2016-01-24 04:36:01'),
(403, 1, 'Update', 's48', NULL, '2016-01-24 04:36:07'),
(404, 1, 'Update', 's48', NULL, '2016-01-24 04:36:13'),
(405, 1, 'create', 's48', NULL, '2016-01-24 04:37:03'),
(406, 1, 'Update', 's48', NULL, '2016-01-24 04:37:25'),
(407, 1, 'create', 's48', NULL, '2016-01-24 04:39:25'),
(408, 1, 'Update', 's48', NULL, '2016-01-24 04:39:46'),
(409, 1, 'Update', 's48', NULL, '2016-01-24 04:40:00'),
(410, 1, 'Update', 's48', NULL, '2016-01-24 04:41:54'),
(411, 1, 'create', 's49', NULL, '2016-01-24 05:23:43'),
(412, 1, 'create', 's49', NULL, '2016-01-24 05:24:48'),
(413, 1, 'Update', 's49', NULL, '2016-01-24 05:29:20'),
(414, 1, 'create', 's49', NULL, '2016-01-24 05:29:47'),
(415, 1, 'Update', 's49', NULL, '2016-01-24 05:29:52'),
(416, 1, 'create', 's51', NULL, '2016-01-24 05:44:59'),
(417, 1, 'Update', 's51', NULL, '2016-01-24 05:50:28'),
(418, 1, 'Update', 's51', NULL, '2016-01-24 05:50:50'),
(419, 1, 'Update', 's51', NULL, '2016-01-24 05:51:01'),
(420, 1, 'update', 's01', NULL, '2016-01-24 05:55:48'),
(421, 1, 'update', 's01', NULL, '2016-01-24 05:56:36'),
(422, 1, 'update', 's01', NULL, '2016-01-24 06:03:04'),
(423, 1, 'update', 's01', NULL, '2016-01-24 06:03:30'),
(424, 1, 'login', NULL, NULL, '2016-01-24 06:19:14'),
(425, 1, 'create', 's46', NULL, '2016-01-24 06:19:23'),
(426, 1, 'create', 's46', NULL, '2016-01-24 06:24:46'),
(427, 1, 'login', NULL, NULL, '2016-01-26 03:42:01'),
(428, 1, 'create', 's46', NULL, '2016-01-26 04:41:21'),
(429, 1, 'login', NULL, NULL, '2016-01-26 04:41:54'),
(430, 1, 'create', 's46', NULL, '2016-01-26 04:42:07'),
(431, 1, 'create', 's46', NULL, '2016-01-26 04:43:19'),
(432, 1, 'create', 's46', NULL, '2016-01-26 04:46:03'),
(433, 1, 'create', 's46', NULL, '2016-01-26 04:47:32'),
(434, 1, 'Update', 's46', NULL, '2016-01-26 04:52:43'),
(435, 1, 'update permission', 's03', NULL, '2016-01-26 06:33:39'),
(436, 1, 'login', NULL, NULL, '2016-01-25 21:35:19'),
(437, 1, 'create', 's57', NULL, '2016-01-25 22:07:32'),
(438, 1, 'Update', 's57', NULL, '2016-01-25 22:12:54'),
(439, 1, 'Update', 's57', NULL, '2016-01-25 22:12:59'),
(440, 1, 'Update', 's57', NULL, '2016-01-25 22:14:22'),
(441, 1, 'Update', 's57', NULL, '2016-01-25 22:14:26'),
(442, 1, 'Update', 's57', NULL, '2016-01-25 22:14:30'),
(443, 1, 'create', 's57', NULL, '2016-01-25 22:15:42'),
(444, 1, 'Update', 's57', NULL, '2016-01-25 22:22:04'),
(445, 1, 'Update', 's57', NULL, '2016-01-25 22:22:09'),
(446, 1, 'Update', 's57', NULL, '2016-01-25 22:27:06'),
(447, 1, 'Update', 's57', NULL, '2016-01-25 22:27:12'),
(448, 1, 'Update', 's57', NULL, '2016-01-25 22:27:16'),
(449, 1, 'create', 's57', NULL, '2016-01-25 22:27:20'),
(450, 1, 'Update', 's57', NULL, '2016-01-25 22:27:53'),
(451, 1, 'Update', 's57', NULL, '2016-01-25 22:28:00'),
(452, 1, 'create', 's57', NULL, '2016-01-25 22:28:03'),
(453, 1, 'Update', 's57', NULL, '2016-01-25 22:28:13'),
(454, 1, 'Update', 's57', NULL, '2016-01-25 22:28:17'),
(455, 1, 'Update', 's54', NULL, '2016-01-25 22:34:13'),
(456, 1, 'Update', 's54', NULL, '2016-01-25 22:34:18'),
(457, 1, 'create', 's57', NULL, '2016-01-25 22:34:24'),
(458, 1, 'create', 's54', NULL, '2016-01-25 22:35:29'),
(459, 1, 'Update', 's55', NULL, '2016-01-25 22:40:35'),
(460, 1, 'Update', 's55', NULL, '2016-01-25 22:40:40'),
(461, 1, 'Update', 's55', NULL, '2016-01-25 22:40:45'),
(462, 1, 'create', 's55', NULL, '2016-01-25 22:40:50'),
(463, 1, 'Update', 's54', NULL, '2016-01-25 23:02:52'),
(464, 1, 'Update', 's54', NULL, '2016-01-25 23:03:27'),
(465, 1, 'Update', 's54', NULL, '2016-01-25 23:03:34'),
(466, 1, 'Update', 's54', NULL, '2016-01-25 23:03:40'),
(467, 1, 'create', 's54', NULL, '2016-01-25 23:03:47'),
(468, 1, 'Update', 's54', NULL, '2016-01-25 23:25:41'),
(469, 1, 'Update', 's54', NULL, '2016-01-25 23:25:45'),
(470, 1, 'Update', 's54', NULL, '2016-01-25 23:25:49'),
(471, 1, 'Update', 's54', NULL, '2016-01-25 23:25:52'),
(472, 1, 'Update', 's54', NULL, '2016-01-25 23:25:55'),
(473, 1, 'create', 's53', NULL, '2016-01-25 23:46:53'),
(474, 1, 'Update', 's53', NULL, '2016-01-26 00:03:26'),
(475, 1, 'Update', 's53', NULL, '2016-01-26 00:04:13'),
(476, 1, 'Update', 's53', NULL, '2016-01-26 00:04:18'),
(477, 1, 'Update', 's53', NULL, '2016-01-26 00:04:21'),
(478, 1, 'Update', 's53', NULL, '2016-01-26 00:04:51'),
(479, 1, 'login', NULL, NULL, '2016-01-26 05:14:37'),
(480, 1, 'create', 's46', NULL, '2016-01-26 05:24:23'),
(481, 1, 'create', 's46', NULL, '2016-01-26 05:26:21'),
(482, 1, 'create', 's49', NULL, '2016-01-26 05:49:36'),
(483, 1, 'create', 's49', NULL, '2016-01-26 05:50:10'),
(484, 1, 'create', 's49', NULL, '2016-01-26 05:50:31'),
(485, 1, 'create', 's48', NULL, '2016-01-26 06:02:54'),
(486, 1, 'create', 's48', NULL, '2016-01-26 06:04:17'),
(487, 1, 'create', 's48', NULL, '2016-01-26 06:04:28'),
(488, 1, 'create', 's48', NULL, '2016-01-26 06:05:42'),
(489, 1, 'create', 's48', NULL, '2016-01-26 06:06:03'),
(490, 1, 'create', 's48', NULL, '2016-01-26 06:06:07'),
(491, 1, 'login', NULL, NULL, '2016-01-26 06:12:49'),
(492, 1, 'create', 's46', NULL, '2016-01-26 06:26:15'),
(493, 1, 'Updated', 's46', NULL, '2016-01-26 06:29:48'),
(494, 1, 'Updated', 's46', NULL, '2016-01-26 06:30:07'),
(495, 1, 'Updated', 's46', NULL, '2016-01-26 06:30:44'),
(496, 1, 'Updated', 's46', NULL, '2016-01-26 06:31:51'),
(497, 1, 'Updated', 's46', NULL, '2016-01-26 06:32:00'),
(498, 1, 'create', 's46', NULL, '2016-01-26 06:43:56'),
(499, 1, 'create', 's47', NULL, '2016-01-26 06:44:52'),
(500, 1, 'Updated', 's47', NULL, '2016-01-26 06:50:13'),
(501, 1, 'Updated', 's47', NULL, '2016-01-26 06:50:20'),
(502, 1, 'create', 's47', NULL, '2016-01-26 06:52:43'),
(503, 1, 'Update', 's49', NULL, '2016-01-27 07:01:26'),
(504, 1, 'create', 's49', NULL, '2016-01-27 07:07:44'),
(505, 1, 'create', 's49', NULL, '2016-01-27 07:08:35'),
(506, 1, 'Updated', 's49', NULL, '2016-01-27 07:09:21'),
(507, 1, 'create', 's49', NULL, '2016-01-27 07:09:30'),
(508, 1, 'create', 's49', NULL, '2016-01-27 07:10:21'),
(509, 1, 'create', 's49', NULL, '2016-01-27 07:10:30'),
(510, 1, 'create', 's49', NULL, '2016-01-27 07:10:37'),
(511, 1, 'create', 's51', NULL, '2016-01-27 07:27:09'),
(512, 1, 'Updated', 's46', NULL, '2016-01-27 07:32:23'),
(513, 1, 'Updated', 's51', NULL, '2016-01-27 07:33:24'),
(514, 1, 'Updated', 's51', NULL, '2016-01-27 07:33:31'),
(515, 1, 'Updated', 's51', NULL, '2016-01-27 07:33:41'),
(516, 1, 'create', 's51', NULL, '2016-01-27 07:34:28'),
(517, 1, 'create', 's50', NULL, '2016-01-27 07:41:48'),
(518, 1, 'Update', 's50', NULL, '2016-01-27 07:49:08'),
(519, 1, 'Update', 's50', NULL, '2016-01-27 07:49:54'),
(520, 1, 'Update', 's50', NULL, '2016-01-27 07:50:19'),
(521, 1, 'Update', 's50', NULL, '2016-01-27 07:52:08'),
(522, 1, 'update', 's36', NULL, '2016-01-27 07:57:01'),
(523, 1, 'update', 's36', NULL, '2016-01-27 07:57:59'),
(524, 1, 'update', 's36', NULL, '2016-01-26 20:00:56'),
(525, 1, 'Updated', 's47', NULL, '2016-01-26 20:20:32'),
(526, 1, 'Updated', 's47', NULL, '2016-01-26 20:20:44'),
(527, 1, 'login', NULL, NULL, '2016-01-27 03:25:08'),
(528, 1, 'login', NULL, NULL, '2016-01-27 04:08:16'),
(529, 1, 'login', NULL, NULL, '2016-01-27 04:11:11'),
(530, 1, 'Updated', 's49', NULL, '2016-01-27 04:13:23'),
(531, 1, 'Updated', 's49', NULL, '2016-01-27 04:14:00'),
(532, 1, 'logout', 's47', NULL, '2016-01-27 07:41:30'),
(533, 1, 'login', NULL, NULL, '2016-01-27 07:41:32'),
(534, 1, 'login', NULL, NULL, '2016-01-27 07:47:07'),
(535, 1, 'create', 's50', NULL, '2016-01-26 20:43:47'),
(536, 1, 'create', 's50', NULL, '2016-01-26 20:44:04'),
(537, 1, 'login', NULL, NULL, '2016-01-27 00:35:55'),
(538, 1, 'login', NULL, NULL, '2016-01-27 02:51:18'),
(539, 1, 'Update', 's50', NULL, '2016-01-27 03:13:10'),
(540, 1, 'Update', 's50', NULL, '2016-01-27 03:13:15'),
(541, 1, 'Update', 's50', NULL, '2016-01-27 03:13:25'),
(542, 1, 'Update', 's50', NULL, '2016-01-27 03:13:37'),
(543, 1, 'update permission', 's03', NULL, '2016-01-27 03:21:04'),
(544, 1, 'create', 's60', NULL, '2016-01-27 03:28:49'),
(545, 1, 'create', 's60', NULL, '2016-01-27 03:29:03'),
(546, 1, 'create', 's60', NULL, '2016-01-27 04:28:01'),
(547, 1, 'Updated', 's60', NULL, '2016-01-27 04:28:10'),
(548, 1, 'create', 's60', NULL, '2016-01-27 04:28:37'),
(549, 1, 'Updated', 's60', NULL, '2016-01-27 04:44:21'),
(550, 1, 'Updated', 's60', NULL, '2016-01-27 04:44:38'),
(551, 1, 'Updated', 's60', NULL, '2016-01-27 04:44:46'),
(552, 1, 'Update', 's50', NULL, '2016-01-27 05:08:52'),
(553, 1, 'Update', 's50', NULL, '2016-01-27 05:15:58'),
(554, 1, 'Update', 's50', NULL, '2016-01-27 05:20:54'),
(555, 1, 'Update', 's50', NULL, '2016-01-27 05:27:20'),
(556, 1, 'Update', 's50', NULL, '2016-01-27 06:12:17'),
(557, 1, 'Update', 's50', NULL, '2016-01-27 06:12:28'),
(558, 1, 'Update', 's50', NULL, '2016-01-27 06:13:08'),
(559, 1, 'Update', 's50', NULL, '2016-01-27 06:14:12'),
(560, 1, 'Update', 's50', NULL, '2016-01-27 06:15:38'),
(561, 1, 'Update', 's50', NULL, '2016-01-27 06:16:27'),
(562, 1, 'Update', 's50', NULL, '2016-01-27 06:16:57'),
(563, 1, 'login', NULL, NULL, '2016-01-28 03:29:50'),
(564, 1, 'Update', 's50', NULL, '2016-01-28 03:35:31'),
(565, 1, 'Update', 's50', NULL, '2016-01-28 03:38:23'),
(566, 1, 'Update', 's50', NULL, '2016-01-28 03:42:11'),
(567, 1, 'Update', 's50', NULL, '2016-01-28 03:46:53'),
(568, 1, 'update', 's36', NULL, '2016-01-28 03:53:16'),
(569, 1, 'Update', 's50', NULL, '2016-01-28 03:58:56'),
(570, 1, 'Update', 's50', NULL, '2016-01-28 03:59:21'),
(571, 1, 'Update', 's50', NULL, '2016-01-28 03:59:38'),
(572, 1, 'Update', 's50', NULL, '2016-01-28 04:00:41'),
(573, 1, 'Update', 's50', NULL, '2016-01-28 04:02:18'),
(574, 1, 'Update', 's50', NULL, '2016-01-28 04:02:53'),
(575, 1, 'update', 's36', NULL, '2016-01-28 04:30:28'),
(576, 1, 'update', 's36', NULL, '2016-01-28 04:32:11'),
(577, 1, 'update', 's36', NULL, '2016-01-28 04:36:59'),
(578, 1, 'update', 's36', NULL, '2016-01-28 04:37:58'),
(579, 1, 'update', 's36', NULL, '2016-01-28 04:39:19'),
(580, 1, 'Update', 's48', NULL, '2016-01-28 04:40:54'),
(581, 1, 'Update', 's48', NULL, '2016-01-28 04:41:23'),
(582, 1, 'Update', 's48', NULL, '2016-01-28 04:55:26'),
(583, 1, 'Update', 's48', NULL, '2016-01-28 04:56:26'),
(584, 1, 'Update', 's48', NULL, '2016-01-28 04:56:54'),
(585, 1, 'Update', 's48', NULL, '2016-01-28 04:57:26'),
(586, 1, 'create', 's53', NULL, '2016-01-27 21:34:03'),
(587, 1, 'Update', 's53', NULL, '2016-01-27 21:34:31'),
(588, 1, 'create', 's53', NULL, '2016-01-27 21:37:35'),
(589, 1, 'create', 's53', NULL, '2016-01-27 21:38:07'),
(590, 1, 'Update', 's53', NULL, '2016-01-27 22:06:55'),
(591, 1, 'update permission', 's03', NULL, '2016-01-27 23:10:36'),
(592, 1, 'Update', 's61', NULL, '2016-01-27 23:20:03'),
(593, 1, 'Update', 's61', NULL, '2016-01-27 23:20:09'),
(594, 1, 'Update', 's53', NULL, '2016-01-27 23:29:40'),
(595, 1, 'update permission', 's03', NULL, '2016-01-28 00:28:46'),
(596, 1, 'create', 's61', NULL, '2016-01-28 00:30:15'),
(597, 1, 'Update', 's48', NULL, '2016-01-28 00:31:44'),
(598, 1, 'Update', 's48', NULL, '2016-01-28 00:31:53'),
(599, 1, 'update', 's42', NULL, '2016-01-28 00:49:43'),
(600, 1, 'update', 's42', NULL, '2016-01-28 00:53:25'),
(601, 1, 'update', 's36', NULL, '2016-01-28 01:02:00'),
(602, 1, 'update', 's38', NULL, '2016-01-28 01:14:55'),
(603, 1, 'login', NULL, NULL, '2016-01-28 02:01:40'),
(604, 1, 'login', NULL, NULL, '2016-01-29 03:21:20'),
(605, 1, 'login', NULL, NULL, '2016-01-29 03:45:30'),
(606, 1, 'create', 's38', NULL, '2016-01-29 04:06:09'),
(607, 1, 'create', 's38', NULL, '2016-01-29 04:06:22'),
(608, 1, 'Updated', 's50', NULL, '2016-01-29 04:08:17'),
(609, 1, 'Update', 's50', NULL, '2016-01-29 04:08:17'),
(610, 1, 'update', 's38', NULL, '2016-01-29 04:32:35'),
(611, 1, 'update', 's38', NULL, '2016-01-29 04:32:43'),
(612, 1, 'update', 's38', NULL, '2016-01-29 04:33:21'),
(613, 1, 'update', 's38', NULL, '2016-01-29 07:20:34'),
(614, 1, 'login', NULL, NULL, '2016-01-28 22:26:16'),
(615, 1, 'update', 's38', NULL, '2016-01-28 22:50:24'),
(616, 1, 'delete', 's01', NULL, '2016-01-28 23:07:35'),
(617, 1, 'create', 's38', NULL, '2016-01-28 23:56:56'),
(618, 1, 'create', 's38', NULL, '2016-01-28 23:57:13'),
(619, 1, 'update', 's38', NULL, '2016-01-29 00:25:54'),
(620, 1, 'update', 's38', NULL, '2016-01-29 00:46:59'),
(621, 1, 'update', 's36', NULL, '2016-01-29 01:09:50'),
(622, 1, 'create', 's42', NULL, '2016-01-29 01:40:22'),
(623, 1, 'update', 's42', NULL, '2016-01-29 01:58:20'),
(624, 1, 'update', 's42', NULL, '2016-01-29 02:00:19'),
(625, 1, 'update', 's42', NULL, '2016-01-29 02:02:19'),
(626, 1, 'update', 's42', NULL, '2016-01-29 02:03:08'),
(627, 1, 'update', 's36', NULL, '2016-01-29 02:04:42'),
(628, 1, 'login', NULL, NULL, '2016-01-29 04:28:32'),
(629, 1, 'Update', 's48', NULL, '2016-01-29 04:30:13'),
(630, 1, 'Update', 's48', NULL, '2016-01-29 04:30:50'),
(631, 1, 'login', NULL, NULL, '2016-01-30 03:44:41'),
(632, 1, 'Updated', 's47', NULL, '2016-01-30 03:56:03'),
(633, 1, 'create', 's50', NULL, '2016-01-30 04:16:51'),
(634, 1, 'Update', 's50', NULL, '2016-01-30 04:17:52'),
(635, 1, 'create', 's50', NULL, '2016-01-30 04:19:44'),
(636, 1, 'create', 's50', NULL, '2016-01-30 04:21:34'),
(637, 1, 'Update', 's50', NULL, '2016-01-30 04:22:49'),
(638, 1, 'Update', 's50', NULL, '2016-01-30 04:22:56'),
(639, 1, 'Update', 's50', NULL, '2016-01-30 04:23:21'),
(640, 1, 'Update', 's50', NULL, '2016-01-30 04:23:31'),
(641, 1, 'Update', 's50', NULL, '2016-01-30 04:48:45'),
(642, 1, 'Update', 's50', NULL, '2016-01-30 04:58:46'),
(643, 1, 'Update', 's50', NULL, '2016-01-30 04:59:28'),
(644, 1, 'Update', 's50', NULL, '2016-01-30 05:16:02'),
(645, 1, 'Update', 's50', NULL, '2016-01-30 05:24:16'),
(646, 1, 'login', NULL, NULL, '2016-01-30 05:50:26'),
(647, 1, 'Updated', 's50', NULL, '2016-01-30 05:52:01'),
(648, 1, 'Update', 's50', NULL, '2016-01-30 05:52:01'),
(649, 1, 'Updated', 's50', NULL, '2016-01-30 06:00:32'),
(650, 1, 'Update', 's50', NULL, '2016-01-30 06:00:32'),
(651, 1, 'Updated', 's50', NULL, '2016-01-30 06:00:44'),
(652, 1, 'Update', 's50', NULL, '2016-01-30 06:00:44'),
(653, 1, 'Updated', 's50', NULL, '2016-01-30 06:00:53'),
(654, 1, 'Update', 's50', NULL, '2016-01-30 06:00:53'),
(655, 1, 'Updated', 's50', NULL, '2016-01-30 06:01:42'),
(656, 1, 'Update', 's50', NULL, '2016-01-30 06:01:42'),
(657, 1, 'login', NULL, NULL, '2016-01-29 20:21:56'),
(658, 1, 'Update', 's48', NULL, '2016-01-29 20:22:20'),
(659, 1, 'Updated', 's48', NULL, '2016-01-29 20:26:07'),
(660, 1, 'Update', 's48', NULL, '2016-01-29 20:26:07'),
(661, 1, 'Updated', 's48', NULL, '2016-01-29 20:26:23'),
(662, 1, 'Update', 's48', NULL, '2016-01-29 20:26:23'),
(663, 1, 'login', NULL, NULL, '2016-01-29 21:26:12'),
(664, 1, 'update', 's38', NULL, '2016-01-29 21:26:29'),
(665, 1, 'update', 's38', NULL, '2016-01-29 21:32:11'),
(666, 1, 'update', 's38', NULL, '2016-01-29 21:34:22'),
(667, 1, 'update', 's36', NULL, '2016-01-29 22:15:43'),
(668, 1, 'create', 's42', NULL, '2016-01-29 22:16:20'),
(669, 1, 'update', 's42', NULL, '2016-01-29 22:16:56'),
(670, 1, 'update', 's42', NULL, '2016-01-29 22:17:24'),
(671, 1, 'update', 's42', NULL, '2016-01-29 22:19:26'),
(672, 1, 'update', 's42', NULL, '2016-01-29 22:20:34'),
(673, 1, 'update', 's42', NULL, '2016-01-29 22:20:53'),
(674, 1, 'update', 's42', NULL, '2016-01-29 22:21:06'),
(675, 1, 'create', 's42', NULL, '2016-01-29 22:26:01'),
(676, 1, 'update', 's42', NULL, '2016-01-29 22:38:35'),
(677, 1, 'update', 's42', NULL, '2016-01-29 22:40:58'),
(678, 1, 'update', 's42', NULL, '2016-01-29 22:41:34'),
(679, 1, 'update', 's42', NULL, '2016-01-29 22:44:20'),
(680, 1, 'update', 's42', NULL, '2016-01-29 23:13:25'),
(681, 1, 'update', 's42', NULL, '2016-01-29 23:32:42'),
(682, 1, 'update', 's42', NULL, '2016-01-29 23:33:42'),
(683, 1, 'update', 's42', NULL, '2016-01-29 23:34:14'),
(684, 1, 'update', 's38', NULL, '2016-01-29 23:51:44'),
(685, 1, 'update', 's38', NULL, '2016-01-29 23:52:19'),
(686, 1, 'update', 's38', NULL, '2016-01-29 23:53:04'),
(687, 1, 'update', 's38', NULL, '2016-01-29 23:54:14'),
(688, 1, 'update', 's38', NULL, '2016-01-29 23:56:07'),
(689, 1, 'update', 's38', NULL, '2016-01-30 00:33:13'),
(690, 1, 'update', 's38', NULL, '2016-01-30 01:01:19'),
(691, 1, 'login', NULL, NULL, '2016-01-31 04:58:38'),
(692, 1, 'update', 's42', NULL, '2016-01-31 05:27:47'),
(693, 1, 'update', 's42', NULL, '2016-01-31 05:29:02'),
(694, 1, 'update', 's42', NULL, '2016-01-31 05:38:08'),
(695, 1, 'login', NULL, NULL, '2016-01-31 07:03:35'),
(696, 1, 'Update', 's61', NULL, '2016-01-31 07:05:33'),
(697, 1, 'Update', 's61', NULL, '2016-01-31 07:05:49'),
(698, 1, 'Update', 's61', NULL, '2016-01-31 07:06:01'),
(699, 1, 'create', 's61', NULL, '2016-01-31 07:06:18'),
(700, 1, 'Update', 's61', NULL, '2016-01-31 07:06:31'),
(701, 1, 'login', NULL, NULL, '2016-01-31 22:25:06'),
(702, 1, 'login', NULL, NULL, '2016-02-01 21:26:02'),
(703, 1, 'logout', 's42', NULL, '2016-02-01 21:28:55'),
(704, 1, 'login', NULL, NULL, '2016-02-01 21:29:03'),
(705, 1, 'logout', NULL, NULL, '2016-02-01 21:37:41'),
(706, 1, 'login', NULL, NULL, '2016-02-01 23:09:14'),
(707, 1, 'update', 's03', NULL, '2016-02-01 23:24:54'),
(708, 1, 'Update', 's54', NULL, '2016-02-02 00:38:46'),
(709, 1, 'login', NULL, NULL, '2016-02-03 03:25:51'),
(710, 1, 'Update', 's61', NULL, '2016-02-03 03:47:32'),
(711, 1, 'create', 's03', NULL, '2016-02-03 03:54:51'),
(712, 1, 'Updated', 's46', NULL, '2016-02-03 04:33:22'),
(713, 1, 'Updated', 's46', NULL, '2016-02-03 04:33:37'),
(714, 1, 'Updated', 's46', NULL, '2016-02-03 04:33:53'),
(715, 1, 'update', 's01', NULL, '2016-02-03 05:08:18'),
(716, 1, 'logout', 's24', NULL, '2016-02-03 05:58:46'),
(717, 1, 'login', NULL, NULL, '2016-02-03 06:00:13'),
(718, 1, 'Update', 's48', NULL, '2016-02-03 06:00:47'),
(719, 1, 'Update', 's48', NULL, '2016-02-03 06:00:59'),
(720, 1, 'Update', 's48', NULL, '2016-02-03 06:01:27'),
(721, 1, 'logout', 's49', NULL, '2016-02-03 06:03:58'),
(722, 1, 'login', NULL, NULL, '2016-02-03 06:12:11'),
(723, 1, 'login', NULL, NULL, '2016-02-02 21:09:48'),
(724, 1, 'update', 's01', NULL, '2016-02-02 21:24:20'),
(725, 1, 'update', 's01', NULL, '2016-02-02 21:26:10'),
(726, 1, 'update', 's01', NULL, '2016-02-02 21:26:42'),
(727, 1, 'update', 's01', NULL, '2016-02-02 21:43:40'),
(728, 1, 'delete', 's03', NULL, '2016-02-02 23:38:48'),
(729, 1, 'login', NULL, NULL, '2016-02-04 03:50:33'),
(730, 1, 'logout', 's24', NULL, '2016-02-04 03:50:40'),
(731, 1, 'login', NULL, NULL, '2016-02-04 03:50:47'),
(732, 1, 'login', NULL, NULL, '2016-02-04 07:56:06'),
(733, 1, 'update', 's42', NULL, '2016-02-03 20:09:58'),
(734, 1, 'update', 's42', NULL, '2016-02-03 20:14:54'),
(735, 1, 'update', 's42', NULL, '2016-02-03 20:18:56'),
(736, 1, 'update', 's42', NULL, '2016-02-03 20:20:24'),
(737, 1, 'update', 's42', NULL, '2016-02-03 20:21:52'),
(738, 1, 'update', 's42', NULL, '2016-02-03 20:39:55'),
(739, 1, 'update', 's42', NULL, '2016-02-03 22:03:21'),
(740, 1, 'update', 's42', NULL, '2016-02-03 22:23:43'),
(741, 1, 'update', 's42', NULL, '2016-02-04 00:16:46'),
(742, 1, 'update', 's42', NULL, '2016-02-04 00:23:26'),
(743, 1, 'update', 's42', NULL, '2016-02-04 00:25:29'),
(744, 1, 'update', 's42', NULL, '2016-02-04 00:30:25'),
(745, 1, 'update', 's42', NULL, '2016-02-04 00:39:06'),
(746, 1, 'update', 's42', NULL, '2016-02-04 00:39:55'),
(747, 1, 'update', 's42', NULL, '2016-02-04 00:41:30'),
(748, 1, 'update', 's42', NULL, '2016-02-04 00:45:17'),
(749, 1, 'update', 's42', NULL, '2016-02-04 00:47:10'),
(750, 1, 'update', 's42', NULL, '2016-02-04 00:50:42'),
(751, 1, 'login', NULL, NULL, '2016-02-04 21:24:10'),
(752, 1, 'logout', 's02', NULL, '2016-02-04 22:18:41'),
(753, 1, 'login', NULL, NULL, '2016-02-04 22:27:45'),
(754, 1, 'update', 's01', NULL, '2016-02-04 22:28:45'),
(755, 1, 'update', 's01', NULL, '2016-02-04 22:39:39'),
(756, 1, 'login', NULL, NULL, '2016-02-06 04:25:38'),
(757, 2, 'login', NULL, NULL, '2016-02-06 00:03:36'),
(758, 1, 'login', NULL, NULL, '2016-02-06 00:05:08'),
(759, 1, 'login', NULL, NULL, '2016-02-06 00:07:51'),
(760, 1, 'Update', 's54', NULL, '2016-02-06 00:08:48'),
(761, 1, 'Update', 's54', NULL, '2016-02-06 00:09:06'),
(762, 1, 'Update', 's54', NULL, '2016-02-06 00:09:46'),
(763, 1, 'Update', 's61', NULL, '2016-02-06 00:10:56'),
(764, 1, 'Update', 's61', NULL, '2016-02-06 00:11:10'),
(765, 1, 'Update', 's61', NULL, '2016-02-06 00:11:29'),
(766, 1, 'create', 's52', NULL, '2016-02-06 00:12:18'),
(767, 1, 'Update', 's61', NULL, '2016-02-06 00:12:40'),
(768, 1, 'Update', 's54', NULL, '2016-02-06 00:13:13'),
(769, 1, 'Update', 's54', NULL, '2016-02-06 00:13:51'),
(770, 1, 'Update', 's54', NULL, '2016-02-06 00:14:31'),
(771, 1, 'Update', 's54', NULL, '2016-02-06 00:15:09'),
(772, 1, 'Update', 's54', NULL, '2016-02-06 00:18:37'),
(773, 1, 'create', 's61', NULL, '2016-02-06 00:21:08'),
(774, 1, 'login', NULL, NULL, '2016-02-06 00:30:48'),
(775, 1, 'login', NULL, NULL, '2016-02-07 04:00:30'),
(776, 1, 'Update', 's53', NULL, '2016-02-07 04:14:12'),
(777, 1, 'Update', 's54', NULL, '2016-02-07 04:15:34'),
(778, 1, 'Update', 's55', NULL, '2016-02-07 04:16:16'),
(779, 1, 'Update', 's54', NULL, '2016-02-07 04:16:51'),
(780, 1, 'Update', 's53', NULL, '2016-02-07 04:17:33'),
(781, 1, 'Update', 's52', NULL, '2016-02-07 04:18:11'),
(782, 1, 'update', 's03', NULL, '2016-02-07 04:19:20'),
(783, 1, 'update', 's01', NULL, '2016-02-07 04:19:32'),
(784, 1, 'login', NULL, NULL, '2016-02-09 03:41:50'),
(785, 1, 'Update', 's53', NULL, '2016-02-09 03:49:05'),
(786, 1, 'Update', 's53', NULL, '2016-02-09 03:49:18'),
(787, 1, 'update', 's01', NULL, '2016-02-09 03:53:56'),
(788, 1, 'login', NULL, NULL, '2016-02-09 03:59:45'),
(789, 1, 'logout', 's24', NULL, '2016-02-09 04:14:58'),
(790, 2, 'login', NULL, NULL, '2016-02-09 04:15:08'),
(791, 1, 'create', 's02', NULL, '2016-02-09 04:29:33'),
(792, 1, 'login', NULL, NULL, '2016-02-09 04:29:43'),
(793, 1, 'Update', 's53', NULL, '2016-02-09 04:30:40'),
(794, 1, 'Update', 's53', NULL, '2016-02-09 04:30:51'),
(795, 1, 'Update', 's53', NULL, '2016-02-09 04:31:01'),
(796, 1, 'Update', 's53', NULL, '2016-02-09 04:31:36'),
(797, 1, 'create', 's54', NULL, '2016-02-09 04:32:50'),
(798, 1, 'Update', 's54', NULL, '2016-02-09 04:32:58'),
(799, 1, 'Update', 's53', NULL, '2016-02-09 04:33:41'),
(800, 1, 'Update', 's53', NULL, '2016-02-09 04:34:54'),
(801, 1, 'Update', 's61', NULL, '2016-02-09 04:36:39'),
(802, 1, 'Update', 's53', NULL, '2016-02-09 04:37:13'),
(803, 2, 'update', 's42', NULL, '2016-02-09 05:32:14'),
(804, 2, 'update', 's42', NULL, '2016-02-09 05:37:12'),
(805, 2, 'update', 's42', NULL, '2016-02-09 05:49:57'),
(806, 2, 'update', 's42', NULL, '2016-02-09 05:53:11'),
(807, 2, 'update', 's42', NULL, '2016-02-09 05:55:07'),
(808, 2, 'update', 's42', NULL, '2016-02-09 05:57:32'),
(809, 2, 'update', 's42', NULL, '2016-02-09 05:58:44'),
(810, 2, 'update', 's42', NULL, '2016-02-09 06:00:34'),
(811, 2, 'update', 's42', NULL, '2016-02-09 06:13:18'),
(812, 2, 'update', 's42', NULL, '2016-02-09 06:27:27'),
(813, 2, 'update', 's42', NULL, '2016-02-09 06:37:54'),
(814, 2, 'update', 's42', NULL, '2016-02-09 06:39:36'),
(815, 2, 'update', 's42', NULL, '2016-02-09 07:02:59'),
(816, 2, 'update', 's42', NULL, '2016-02-09 07:06:03'),
(817, 2, 'update', 's42', NULL, '2016-02-09 07:09:50'),
(818, 2, 'update', 's42', NULL, '2016-02-08 20:07:07'),
(819, 2, 'update', 's42', NULL, '2016-02-08 20:13:08'),
(820, 2, 'update', 's42', NULL, '2016-02-08 20:18:41'),
(821, 2, 'update', 's42', NULL, '2016-02-08 20:21:23'),
(822, 2, 'update', 's42', NULL, '2016-02-08 20:25:40'),
(823, 1, 'login', NULL, NULL, '2016-02-10 05:42:34'),
(824, 1, 'Update', 's53', NULL, '2016-02-10 05:43:26'),
(825, 1, 'login', NULL, NULL, '2016-02-10 05:51:20'),
(826, 1, 'login', NULL, NULL, '2016-02-10 06:16:44'),
(827, 1, 'logout', 's53', NULL, '2016-02-10 06:17:35'),
(828, 1, 'login', NULL, NULL, '2016-02-10 07:00:03'),
(829, 1, 'Update', 's53', NULL, '2016-02-10 07:00:59'),
(830, 1, 'logout', 's53', NULL, '2016-02-10 07:01:09'),
(831, 1, 'login', NULL, NULL, '2016-02-11 04:53:48'),
(832, 1, 'login', NULL, NULL, '2016-02-10 21:56:24'),
(833, 1, 'update', 's38', NULL, '2016-02-10 22:15:20'),
(834, 1, 'update', 's38', NULL, '2016-02-10 22:29:47'),
(835, 1, 'update', 's38', NULL, '2016-02-10 23:02:03'),
(836, 1, 'update', 's38', NULL, '2016-02-10 23:20:25'),
(837, 1, 'update', 's38', NULL, '2016-02-10 23:21:19'),
(838, 1, 'login', NULL, NULL, '2016-02-11 21:14:17'),
(839, 1, 'Updated', 's51', NULL, '2016-02-11 21:15:48'),
(840, 1, 'Updated', 's51', NULL, '2016-02-11 21:16:23'),
(841, 1, 'Updated', 's51', NULL, '2016-02-11 21:31:32'),
(842, 1, 'Updated', 's51', NULL, '2016-02-11 21:32:44'),
(843, 1, 'login', NULL, NULL, '2016-02-13 03:30:52'),
(844, 1, 'login', NULL, NULL, '2016-02-13 06:44:10'),
(845, 1, 'update', 's38', NULL, '2016-02-13 07:11:18'),
(846, 1, 'Updated', 's50', NULL, '2016-02-12 20:11:03'),
(847, 1, 'Update', 's50', NULL, '2016-02-12 20:11:03'),
(848, 1, 'update', 's38', NULL, '2016-02-12 20:16:51'),
(849, 1, 'Updated', 's50', NULL, '2016-02-12 21:32:33'),
(850, 1, 'Update', 's50', NULL, '2016-02-12 21:32:33'),
(851, 1, 'login', NULL, NULL, '2016-02-12 23:35:14'),
(852, 1, 'logout', NULL, NULL, '2016-02-12 23:56:18'),
(853, 1, 'login', NULL, NULL, '2016-02-14 03:25:51'),
(854, 1, 'update', 's38', NULL, '2016-02-14 03:47:19'),
(855, 1, 'update', 's38', NULL, '2016-02-14 03:47:36'),
(856, 1, 'Updated', 's50', NULL, '2016-02-14 05:26:09'),
(857, 1, 'Update', 's50', NULL, '2016-02-14 05:26:09'),
(858, 1, 'login', NULL, NULL, '2016-02-16 05:30:07'),
(859, 1, 'Update', 's53', NULL, '2016-02-16 05:31:42'),
(860, 1, 'Update', 's53', NULL, '2016-02-16 05:32:21'),
(861, 1, 'Update', 's53', NULL, '2016-02-16 05:32:44'),
(862, 1, 'create', 's54', NULL, '2016-02-16 05:33:44'),
(863, 1, 'Update', 's54', NULL, '2016-02-16 05:33:51'),
(864, 1, 'create', 's54', NULL, '2016-02-16 05:34:17'),
(865, 1, 'create', 's54', NULL, '2016-02-16 05:35:15'),
(866, 1, 'create', 's54', NULL, '2016-02-16 05:36:34'),
(867, 1, 'create', 's54', NULL, '2016-02-16 05:37:15'),
(868, 1, 'create', 's53', NULL, '2016-02-16 05:38:01'),
(869, 1, 'Update', 's53', NULL, '2016-02-16 05:38:19'),
(870, 1, 'create', 's53', NULL, '2016-02-16 05:38:53'),
(871, 1, 'login', NULL, NULL, '2016-02-16 07:52:22'),
(872, 1, 'update', 's38', NULL, '2016-02-16 07:59:49'),
(873, 1, 'update', 's38', NULL, '2016-02-15 20:02:21'),
(874, 1, 'login', NULL, NULL, '2016-02-15 23:55:14'),
(875, 1, 'Update', 's53', NULL, '2016-02-16 00:15:22'),
(876, 1, 'login', NULL, NULL, '2016-02-17 04:30:11'),
(877, 1, 'create', 's54', NULL, '2016-02-17 04:31:39'),
(878, 1, 'create', 's54', NULL, '2016-02-17 04:32:45'),
(879, 1, 'create', 's54', NULL, '2016-02-17 04:36:40'),
(880, 1, 'create', 's54', NULL, '2016-02-17 04:37:39'),
(881, 1, 'create', 's53', NULL, '2016-02-17 04:38:11'),
(882, 1, 'Update', 's53', NULL, '2016-02-17 04:38:26'),
(883, 1, 'create', 's53', NULL, '2016-02-17 04:38:58'),
(884, 1, 'Update', 's53', NULL, '2016-02-17 04:39:06'),
(885, 1, 'create', 's53', NULL, '2016-02-17 04:40:02'),
(886, 1, 'Update', 's53', NULL, '2016-02-17 04:40:16'),
(887, 1, 'create', 's54', NULL, '2016-02-17 04:40:37'),
(888, 1, 'create', 's53', NULL, '2016-02-17 04:41:15'),
(889, 1, 'Update', 's53', NULL, '2016-02-17 04:41:23'),
(890, 1, 'login', NULL, NULL, '2016-02-17 05:19:24'),
(891, 1, 'update', 's42', NULL, '2016-02-17 05:41:58'),
(892, 1, 'update', 's42', NULL, '2016-02-17 06:01:26'),
(893, 1, 'update', 's42', NULL, '2016-02-17 06:19:48'),
(894, 1, 'update', 's38', NULL, '2016-02-17 06:21:11'),
(895, 1, 'update', 's38', NULL, '2016-02-17 06:24:41'),
(896, 1, 'update', 's38', NULL, '2016-02-17 06:28:12'),
(897, 1, 'update', 's38', NULL, '2016-02-17 06:29:42'),
(898, 1, 'update', 's38', NULL, '2016-02-17 06:41:17'),
(899, 1, 'update', 's38', NULL, '2016-02-17 06:41:42'),
(900, 1, 'update', 's38', NULL, '2016-02-17 06:42:01'),
(901, 1, 'update', 's38', NULL, '2016-02-17 06:42:25'),
(902, 1, 'logout', 's51', NULL, '2016-02-17 06:58:55'),
(903, 1, 'login', NULL, NULL, '2016-02-17 07:01:14'),
(904, 1, 'logout', 's54', NULL, '2016-02-17 07:01:54'),
(905, 1, 'update', 's42', NULL, '2016-02-17 07:36:01'),
(906, 1, 'update', 's42', NULL, '2016-02-17 07:43:42'),
(907, 1, 'login', NULL, NULL, '2016-02-16 20:39:21'),
(908, 1, 'update', 's42', NULL, '2016-02-16 20:47:26'),
(909, 1, 'update', 's42', NULL, '2016-02-16 20:48:19'),
(910, 1, 'update', 's42', NULL, '2016-02-16 20:49:10'),
(911, 1, 'update', 's42', NULL, '2016-02-16 20:59:58'),
(912, 1, 'logout', NULL, NULL, '2016-02-16 21:04:40'),
(913, 1, 'login', NULL, NULL, '2016-02-16 21:09:10'),
(914, 1, 'login', NULL, NULL, '2016-02-16 21:09:36'),
(915, 1, 'update', 's42', NULL, '2016-02-16 21:12:51'),
(916, 1, 'login', NULL, NULL, '2016-02-16 21:18:48'),
(917, 1, 'logout', 's51', NULL, '2016-02-16 21:22:15'),
(918, 1, 'login', NULL, NULL, '2016-02-16 21:23:42'),
(919, 1, 'update', 's36', NULL, '2016-02-16 22:27:42'),
(920, 1, 'update', 's36', NULL, '2016-02-16 22:30:07'),
(921, 1, 'update', 's36', NULL, '2016-02-16 22:30:35'),
(922, 1, 'update', 's42', NULL, '2016-02-16 22:34:31'),
(923, 1, 'login', NULL, NULL, '2016-02-18 00:09:42');
INSERT INTO `tbl_activity_log` (`id`, `user_id`, `action`, `menu_code`, `ip_address`, `created_at`) VALUES
(924, 1, 'logout', NULL, NULL, '2016-02-18 00:11:42'),
(925, 1, 'login', NULL, NULL, '2016-02-19 03:40:51'),
(926, 1, 'logout', NULL, NULL, '2016-02-19 03:42:00'),
(927, 1, 'login', NULL, NULL, '2016-02-19 06:53:35'),
(928, 1, 'update', 's38', NULL, '2016-02-19 07:08:12'),
(929, 1, 'update', 's38', NULL, '2016-02-18 21:11:01'),
(930, 1, 'update', 's38', NULL, '2016-02-18 21:11:54'),
(931, 1, 'login', NULL, NULL, '2016-02-18 21:16:12'),
(932, 1, 'update', 's38', NULL, '2016-02-18 21:30:31'),
(933, 1, 'update', 's38', NULL, '2016-02-18 21:32:28'),
(934, 1, 'login', NULL, NULL, '2016-02-18 21:56:56'),
(935, 1, 'update', 's38', NULL, '2016-02-18 21:57:36'),
(936, 1, 'update', 's38', NULL, '2016-02-18 21:58:07'),
(937, 1, 'logout', NULL, NULL, '2016-02-18 22:01:00'),
(938, 1, 'update', 's38', NULL, '2016-02-19 00:02:55'),
(939, 1, 'login', NULL, NULL, '2016-02-19 00:13:41'),
(940, 1, 'update', 's38', NULL, '2016-02-19 00:18:59'),
(941, 1, 'logout', 's38', NULL, '2016-02-19 00:19:26'),
(942, 1, 'update', 's38', NULL, '2016-02-19 00:44:44'),
(943, 1, 'logout', NULL, NULL, '2016-02-19 02:06:16'),
(944, 1, 'login', NULL, NULL, '2016-02-19 03:25:44'),
(945, 1, 'update', 's38', NULL, '2016-02-19 03:26:36'),
(946, 1, 'update', 's38', NULL, '2016-02-19 03:39:20'),
(947, 1, 'login', NULL, NULL, '2016-02-20 06:11:03'),
(948, 1, 'login', NULL, NULL, '2016-02-20 06:28:25'),
(949, 1, 'update', 's38', NULL, '2016-02-20 06:29:10'),
(950, 1, 'update', 's38', NULL, '2016-02-20 06:32:37'),
(951, 1, 'update', 's38', NULL, '2016-02-20 06:35:48'),
(952, 1, 'update', 's38', NULL, '2016-02-20 06:54:28'),
(953, 1, 'login', NULL, NULL, '2016-02-20 07:03:16'),
(954, 1, 'update', 's38', NULL, '2016-02-20 07:04:37'),
(955, 1, 'update', 's38', NULL, '2016-02-20 07:09:27'),
(956, 1, 'logout', 's46', NULL, '2016-02-20 07:10:56'),
(957, 1, 'update', 's38', NULL, '2016-02-20 07:11:33'),
(958, 1, 'update', 's38', NULL, '2016-02-20 07:12:09'),
(959, 1, 'login', NULL, NULL, '2016-02-20 07:49:44'),
(960, 1, 'update', 's38', NULL, '2016-02-20 07:50:29'),
(961, 1, 'logout', NULL, NULL, '2016-02-20 07:50:55'),
(962, 1, 'login', NULL, NULL, '2016-02-19 20:58:56'),
(963, 1, 'login', NULL, NULL, '2016-02-19 21:20:28'),
(964, 1, 'login', NULL, NULL, '2016-02-19 23:18:00'),
(965, 1, 'login', NULL, NULL, '2016-02-19 23:44:24'),
(966, 1, 'update', 's42', NULL, '2016-02-19 23:46:31'),
(967, 1, 'update', 's36', NULL, '2016-02-19 23:47:59'),
(968, 1, 'login', NULL, NULL, '2016-02-23 21:43:32'),
(969, 1, 'update', 's38', NULL, '2016-02-23 21:45:44'),
(970, 1, 'update', 's38', NULL, '2016-02-23 21:52:16'),
(971, 1, 'update', 's38', NULL, '2016-02-23 22:24:00'),
(972, 1, 'update', 's38', NULL, '2016-02-23 23:01:35'),
(973, 1, 'logout', 's38', NULL, '2016-02-23 23:01:42'),
(974, 1, 'login', NULL, NULL, '2016-02-23 23:33:37'),
(975, 1, 'login', NULL, NULL, '2016-02-23 23:37:39'),
(976, 1, 'login', NULL, NULL, '2016-02-24 21:33:46'),
(977, 1, 'login', NULL, NULL, '2016-02-24 21:33:56'),
(978, 1, 'login', NULL, NULL, '2016-02-24 21:35:14'),
(979, 1, 'update', 's38', NULL, '2016-02-24 21:35:37'),
(980, 1, 'update', 's38', NULL, '2016-02-24 21:37:23'),
(981, 1, 'logout', 's38', NULL, '2016-02-24 22:20:22'),
(982, 1, 'login', NULL, NULL, '2016-02-26 05:21:42'),
(983, 1, 'Update', 's50', NULL, '2016-02-26 05:25:15'),
(984, 1, 'Update', 's50', NULL, '2016-02-26 05:26:02'),
(985, 1, 'Update', 's50', NULL, '2016-02-26 05:27:39'),
(986, 1, 'Update', 's50', NULL, '2016-02-26 05:28:37'),
(987, 1, 'Update', 's50', NULL, '2016-02-26 05:31:29'),
(988, 1, 'login', NULL, NULL, '2016-02-26 05:58:00'),
(989, 1, 'Update', 's50', NULL, '2016-02-26 06:03:21'),
(990, 1, 'Update', 's50', NULL, '2016-02-26 06:04:15'),
(991, 1, 'Update', 's50', NULL, '2016-02-26 06:04:42'),
(992, 1, 'Update', 's50', NULL, '2016-02-26 06:07:07'),
(993, 1, 'Update', 's50', NULL, '2016-02-26 06:07:56'),
(994, 1, 'logout', NULL, NULL, '2016-02-26 06:09:18'),
(995, 1, 'login', NULL, NULL, '2016-02-26 06:13:55'),
(996, 1, 'logout', 's50', NULL, '2016-02-26 06:14:26'),
(997, 1, 'login', NULL, NULL, '2016-02-25 22:29:10'),
(998, 1, 'login', NULL, NULL, '2016-02-25 23:13:56'),
(999, 1, 'login', NULL, NULL, '2016-02-25 23:14:28'),
(1000, 1, 'update', 's38', NULL, '2016-02-25 23:15:21'),
(1001, 1, 'update', 's38', NULL, '2016-02-25 23:16:58'),
(1002, 1, 'update', 's38', NULL, '2016-02-25 23:18:56'),
(1003, 1, 'logout', 's38', NULL, '2016-02-25 23:33:00'),
(1004, 1, 'login', NULL, NULL, '2016-02-27 05:13:47'),
(1005, 1, 'login', NULL, NULL, '2016-02-27 05:46:08'),
(1006, 1, 'logout', 's38', NULL, '2016-02-27 05:48:45'),
(1007, 1, 'login', NULL, NULL, '2016-02-26 22:31:18'),
(1008, 1, 'update', 's01', NULL, '2016-02-26 22:31:56'),
(1009, 1, 'logout', 's01', NULL, '2016-02-26 22:32:00'),
(1010, 4, 'login', NULL, NULL, '2016-02-26 22:32:16'),
(1011, 4, 'create', 's38', NULL, '2016-02-26 22:33:46'),
(1012, 4, 'create', 's38', NULL, '2016-02-26 22:34:28'),
(1013, 4, 'update', 's38', NULL, '2016-02-26 23:09:27'),
(1014, 4, 'update', 's38', NULL, '2016-02-26 23:14:42'),
(1015, 4, 'update', 's38', NULL, '2016-02-26 23:16:57'),
(1016, 4, 'update', 's38', NULL, '2016-02-26 23:56:22'),
(1017, 4, 'login', NULL, NULL, '2016-03-01 22:04:26'),
(1018, 1, 'login', NULL, NULL, '2016-03-01 23:07:14'),
(1019, 1, 'login', NULL, NULL, '2016-03-04 03:17:00'),
(1020, 1, 'logout', 's24', NULL, '2016-03-04 03:38:54'),
(1021, 1, 'login', NULL, NULL, '2016-03-04 03:39:30'),
(1022, 1, 'login', NULL, NULL, '2016-03-03 20:39:58'),
(1023, 1, 'login', NULL, NULL, '2016-03-03 21:40:16'),
(1024, 2, 'login', NULL, NULL, '2016-03-03 21:42:02'),
(1025, 1, 'logout', 's38', NULL, '2016-03-03 21:45:47'),
(1026, 2, 'logout', NULL, NULL, '2016-03-03 21:53:05'),
(1027, 1, 'login', NULL, NULL, '2016-03-03 22:12:23'),
(1028, 1, 'logout', NULL, NULL, '2016-03-03 22:12:31'),
(1029, 1, 'login', NULL, NULL, '2016-03-03 22:13:36'),
(1030, 1, 'login', NULL, NULL, '2016-03-03 22:13:45'),
(1031, 1, 'logout', 's38', NULL, '2016-03-03 22:23:37'),
(1032, 1, 'login', NULL, NULL, '2016-03-03 22:29:30'),
(1033, 1, 'Update', 's61', NULL, '2016-03-03 23:00:09'),
(1034, 1, 'Update', 's61', NULL, '2016-03-03 23:00:15'),
(1035, 1, 'Update', 's61', NULL, '2016-03-03 23:00:34'),
(1036, 1, 'logout', 's61', NULL, '2016-03-03 23:01:56'),
(1037, 1, 'login', NULL, NULL, '2016-03-03 23:02:43'),
(1038, 1, 'login', NULL, NULL, '2016-03-03 23:02:46'),
(1039, 1, 'logout', 's61', NULL, '2016-03-03 23:03:11'),
(1040, 1, 'login', NULL, NULL, '2016-03-03 23:04:02'),
(1041, 1, 'Update', 's53', NULL, '2016-03-03 23:07:58'),
(1042, 1, 'Update', 's53', NULL, '2016-03-03 23:10:30'),
(1043, 1, 'update', 's38', NULL, '2016-03-03 23:32:09'),
(1044, 1, 'logout', NULL, NULL, '2016-03-03 23:55:07'),
(1045, 4, 'login', NULL, NULL, '2016-03-04 21:24:37'),
(1046, 4, 'update', 's38', NULL, '2016-03-04 21:25:19'),
(1047, 4, 'update', 's36', NULL, '2016-03-04 21:42:04'),
(1048, 4, 'create', 's42', NULL, '2016-03-04 21:51:51'),
(1049, 4, 'update', 's42', NULL, '2016-03-04 21:52:55'),
(1050, 4, 'update', 's36', NULL, '2016-03-04 21:54:27'),
(1051, 4, 'update', 's36', NULL, '2016-03-04 21:57:50'),
(1052, 1, 'login', NULL, NULL, '2016-03-08 03:42:21'),
(1053, 1, 'login', NULL, NULL, '2016-03-08 04:02:10'),
(1054, 2, 'login', NULL, NULL, '2016-03-08 07:08:36'),
(1055, 2, 'create', 's50', NULL, '2016-03-07 21:22:14'),
(1056, 2, 'logout', 's50', NULL, '2016-03-07 21:33:43'),
(1057, 1, 'login', NULL, NULL, '2016-03-07 21:36:39'),
(1058, 1, 'Update', 's50', NULL, '2016-03-07 21:37:06'),
(1059, 1, 'Update', 's50', NULL, '2016-03-07 21:37:20'),
(1060, 1, 'Update', 's50', NULL, '2016-03-07 21:37:32'),
(1061, 1, 'create', 's50', NULL, '2016-03-07 21:39:12'),
(1062, 1, 'Update', 's50', NULL, '2016-03-07 21:39:39'),
(1063, 1, 'login', NULL, NULL, '2016-03-07 21:40:26'),
(1064, 1, 'login', NULL, NULL, '2016-03-07 21:47:42'),
(1065, 4, 'login', NULL, NULL, '2016-03-07 22:56:59'),
(1066, 4, 'login', NULL, NULL, '2016-03-07 23:04:41'),
(1067, 4, 'create', 's50', NULL, '2016-03-07 23:05:13'),
(1068, 4, 'Update', 's50', NULL, '2016-03-07 23:06:48'),
(1069, 4, 'Update', 's50', NULL, '2016-03-07 23:07:31'),
(1070, 4, 'Update', 's50', NULL, '2016-03-07 23:09:53'),
(1071, 1, 'login', NULL, NULL, '2016-03-07 23:27:24'),
(1072, 1, 'Update', 's50', NULL, '2016-03-07 23:27:53'),
(1073, 1, 'Update', 's50', NULL, '2016-03-07 23:41:22'),
(1074, 1, 'Update', 's50', NULL, '2016-03-07 23:42:46'),
(1075, 4, 'login', NULL, NULL, '2016-03-07 23:57:32'),
(1076, 1, 'login', NULL, NULL, '2016-03-07 23:59:02'),
(1077, 1, 'logout', NULL, NULL, '2016-03-07 23:59:13'),
(1078, 2, 'login', NULL, NULL, '2016-03-08 00:02:38'),
(1079, 2, 'Update', 's50', NULL, '2016-03-08 00:03:05'),
(1080, 2, 'Update', 's50', NULL, '2016-03-08 00:03:20'),
(1081, 2, 'Update', 's50', NULL, '2016-03-08 00:06:17'),
(1082, 1, 'logout', 's50', NULL, '2016-03-08 00:06:21'),
(1083, 2, 'Update', 's50', NULL, '2016-03-08 00:19:02'),
(1084, 2, 'create', 's50', NULL, '2016-03-08 00:28:43'),
(1085, 2, 'create', 's50', NULL, '2016-03-08 00:34:10'),
(1086, 2, 'Update', 's50', NULL, '2016-03-08 00:35:24'),
(1087, 2, 'Update', 's50', NULL, '2016-03-08 00:35:41'),
(1088, 2, 'create', 's50', NULL, '2016-03-08 00:39:15'),
(1089, 2, 'Update', 's50', NULL, '2016-03-08 00:39:38'),
(1090, 2, 'create', 's50', NULL, '2016-03-08 00:43:41'),
(1091, 2, 'create', 's50', NULL, '2016-03-08 00:47:15'),
(1092, 2, 'logout', 's50', NULL, '2016-03-08 00:52:15'),
(1093, 1, 'login', NULL, NULL, '2016-03-10 00:18:42'),
(1094, 1, 'logout', 's36', NULL, '2016-03-10 00:26:40'),
(1095, 2, 'login', NULL, NULL, '2016-03-11 03:58:30'),
(1096, 2, 'update', 's36', NULL, '2016-03-11 04:05:41'),
(1097, 4, 'login', NULL, NULL, '2016-03-11 04:06:42'),
(1098, 2, 'update', 's38', NULL, '2016-03-11 04:13:09'),
(1099, 2, 'update', 's36', NULL, '2016-03-11 04:15:16'),
(1100, 2, 'logout', 's42', NULL, '2016-03-11 04:49:06'),
(1101, 2, 'login', NULL, NULL, '2016-03-11 04:50:06'),
(1102, 2, 'update', 's42', NULL, '2016-03-11 04:51:24'),
(1103, 2, 'update', 's36', NULL, '2016-03-11 04:52:01'),
(1104, 2, 'login', NULL, NULL, '2016-03-13 04:56:38'),
(1105, 2, 'update', 's36', NULL, '2016-03-13 04:57:45'),
(1106, 2, 'update', 's36', NULL, '2016-03-13 05:00:49'),
(1107, 4, 'login', NULL, NULL, '2016-03-13 05:01:52'),
(1108, 2, 'logout', NULL, NULL, '2016-03-13 05:02:08'),
(1109, 4, 'update', 's42', NULL, '2016-03-13 05:07:18'),
(1110, 4, 'update', 's42', NULL, '2016-03-13 05:16:45'),
(1111, 4, 'update', 's36', NULL, '2016-03-13 05:17:39'),
(1112, 4, 'update', 's36', NULL, '2016-03-13 05:18:12'),
(1113, 2, 'login', NULL, NULL, '2016-03-13 06:26:30'),
(1114, 2, 'update', 's36', NULL, '2016-03-13 06:27:18'),
(1115, 2, 'update', 's42', NULL, '2016-03-13 06:29:52'),
(1116, 2, 'update', 's36', NULL, '2016-03-13 06:36:34'),
(1117, 2, 'login', NULL, NULL, '2016-03-15 02:36:05'),
(1118, 2, 'update', 's36', NULL, '2016-03-15 02:38:01'),
(1119, 2, 'update', 's42', NULL, '2016-03-15 02:40:57'),
(1120, 2, 'update', 's42', NULL, '2016-03-15 02:45:48'),
(1121, 4, 'login', NULL, NULL, '2016-03-15 02:51:29'),
(1122, 4, 'update', 's42', NULL, '2016-03-15 02:54:51'),
(1123, 4, 'update', 's42', NULL, '2016-03-15 02:56:48'),
(1124, 2, 'update', 's42', NULL, '2016-03-15 03:39:16'),
(1125, 2, 'logout', NULL, NULL, '2016-03-15 03:59:24'),
(1126, 2, 'login', NULL, NULL, '2016-03-15 04:01:16'),
(1127, 2, 'logout', NULL, NULL, '2016-03-15 04:01:26'),
(1128, 4, 'update', 's42', NULL, '2016-03-15 04:02:02'),
(1129, 2, 'login', NULL, NULL, '2016-03-15 04:02:47'),
(1130, 2, 'login', NULL, NULL, '2016-03-14 20:21:15'),
(1131, 2, 'update', 's36', NULL, '2016-03-14 20:21:25'),
(1132, 2, 'update', 's36', NULL, '2016-03-14 20:46:54'),
(1133, 2, 'update', 's42', NULL, '2016-03-14 20:49:51'),
(1134, 2, 'update', 's42', NULL, '2016-03-14 20:50:29'),
(1135, 2, 'update', 's42', NULL, '2016-03-14 20:52:20'),
(1136, 2, 'update', 's42', NULL, '2016-03-14 20:52:57'),
(1137, 2, 'update', 's42', NULL, '2016-03-14 21:06:34'),
(1138, 2, 'update', 's42', NULL, '2016-03-14 21:09:38'),
(1139, 2, 'update', 's42', NULL, '2016-03-14 21:12:54'),
(1140, 2, 'update', 's36', NULL, '2016-03-14 21:35:22'),
(1141, 2, 'logout', 's36', NULL, '2016-03-14 21:35:26'),
(1142, 2, 'login', NULL, NULL, '2016-03-18 02:57:37'),
(1143, 2, 'login', NULL, NULL, '2016-03-18 20:37:45'),
(1144, 2, 'login', NULL, NULL, '2016-03-22 02:13:36'),
(1145, 2, 'update', 's36', NULL, '2016-03-22 02:14:05'),
(1146, 2, 'login', NULL, NULL, '2016-03-22 00:26:33'),
(1147, 2, 'create', 's50', NULL, '2016-03-22 00:37:00'),
(1148, 2, 'logout', NULL, NULL, '2016-03-22 00:44:08'),
(1149, 2, 'login', NULL, NULL, '2016-03-25 03:16:40'),
(1150, 2, 'update', 's42', NULL, '2016-03-25 03:17:54'),
(1151, 2, 'logout', 's50', NULL, '2016-03-25 05:14:41'),
(1152, 2, 'login', NULL, NULL, '2016-03-24 21:27:20'),
(1153, 2, 'Update', 's50', NULL, '2016-03-24 22:15:09'),
(1154, 2, 'logout', 's50', NULL, '2016-03-24 22:16:57'),
(1155, 2, 'login', NULL, NULL, '2016-03-24 22:21:55'),
(1156, 2, 'Update', 's50', NULL, '2016-03-24 22:26:14'),
(1157, 2, 'Update', 's50', NULL, '2016-03-24 22:40:20'),
(1158, 2, 'create', 's50', NULL, '2016-03-24 22:40:45'),
(1159, 2, 'logout', NULL, NULL, '2016-03-24 22:41:48'),
(1160, 4, 'login', NULL, NULL, '2016-03-24 22:46:16'),
(1161, 2, 'login', NULL, NULL, '2016-03-24 22:48:40'),
(1162, 2, 'logout', NULL, NULL, '2016-03-24 23:25:17'),
(1163, 1, 'login', NULL, NULL, '2016-03-26 04:04:59'),
(1164, 1, 'logout', NULL, NULL, '2016-03-26 04:13:31'),
(1165, 1, 'login', NULL, NULL, '2016-03-26 04:14:48'),
(1166, 1, 'logout', NULL, NULL, '2016-03-26 04:17:47'),
(1167, 1, 'login', NULL, NULL, '2016-03-26 04:19:34'),
(1168, 1, 'logout', NULL, NULL, '2016-03-26 04:20:41'),
(1169, 1, 'login', NULL, NULL, '2016-03-26 04:23:22'),
(1170, 1, 'logout', NULL, NULL, '2016-03-26 04:24:13'),
(1171, 4, 'login', NULL, NULL, '2016-03-26 04:30:22'),
(1172, 1, 'login', NULL, NULL, '2016-03-28 21:17:36'),
(1173, 1, 'create', 's39', NULL, '2016-03-28 21:18:33'),
(1174, 1, 'create', 's38', NULL, '2016-03-28 21:19:20'),
(1175, 1, 'Update', 's50', NULL, '2016-03-28 21:20:26'),
(1176, 1, 'Update', 's50', NULL, '2016-03-28 21:22:45'),
(1177, 1, 'Update', 's50', NULL, '2016-03-28 21:23:14'),
(1178, 1, 'Update', 's50', NULL, '2016-03-28 21:26:37'),
(1179, 1, 'Update', 's50', NULL, '2016-03-28 21:31:09'),
(1180, 4, 'login', NULL, NULL, '2016-03-29 00:47:13'),
(1181, 2, 'login', NULL, NULL, '2016-03-29 20:53:04'),
(1182, 2, 'Update', 's50', NULL, '2016-03-29 20:53:43'),
(1183, 2, 'Update', 's50', NULL, '2016-03-29 20:54:02'),
(1184, 2, 'logout', NULL, NULL, '2016-03-29 20:58:29'),
(1185, 2, 'login', NULL, NULL, '2016-03-30 21:21:09'),
(1186, 2, 'create', 's50', NULL, '2016-03-30 21:39:56'),
(1187, 2, 'Update', 's50', NULL, '2016-03-30 21:40:58'),
(1188, 2, 'Update', 's50', NULL, '2016-03-30 21:41:21'),
(1189, 2, 'Update', 's50', NULL, '2016-03-30 21:51:29'),
(1190, 2, 'Update', 's50', NULL, '2016-03-30 21:51:52'),
(1191, 2, 'Update', 's50', NULL, '2016-03-30 21:51:59'),
(1192, 2, 'Update', 's50', NULL, '2016-03-30 21:52:25'),
(1193, 2, 'Update', 's50', NULL, '2016-03-30 21:59:08'),
(1194, 2, 'Update', 's50', NULL, '2016-03-30 21:59:21'),
(1195, 2, 'Update', 's50', NULL, '2016-03-30 22:00:07'),
(1196, 2, 'logout', NULL, NULL, '2016-03-30 22:33:19'),
(1197, 2, 'login', NULL, NULL, '2016-04-01 04:24:47'),
(1198, 2, 'update', 's42', NULL, '2016-04-01 04:26:19'),
(1199, 2, 'login', NULL, NULL, '2016-03-31 22:51:18'),
(1200, 2, 'create', 's02', NULL, '2016-03-31 22:53:23'),
(1201, 2, 'create', 's01', NULL, '2016-03-31 22:54:54'),
(1202, 2, 'create', 's01', NULL, '2016-03-31 22:55:54'),
(1203, 2, 'create', 's01', NULL, '2016-03-31 22:58:43'),
(1204, 4, 'login', NULL, NULL, '2016-03-31 23:48:36'),
(1205, 4, 'create', 's01', NULL, '2016-03-31 23:49:56'),
(1206, 1, 'login', NULL, NULL, '2016-03-31 23:52:57'),
(1207, 1, 'create', 's01', NULL, '2016-03-31 23:53:44'),
(1208, 4, 'create', 's01', NULL, '2016-04-01 00:11:20'),
(1209, 2, 'logout', 's01', NULL, '2016-04-01 00:17:39'),
(1210, 1, 'Updated', 's01', NULL, '2016-04-01 00:30:36'),
(1211, 1, 'update', 's01', NULL, '2016-04-01 00:30:36'),
(1212, 2, 'login', NULL, NULL, '2016-04-02 04:09:19'),
(1213, 2, 'update', 's02', NULL, '2016-04-02 04:10:17'),
(1214, 2, 'create', 's01', NULL, '2016-04-02 04:12:26'),
(1215, 2, 'create', 's03', NULL, '2016-04-02 04:13:27'),
(1216, 2, 'update permission', 's03', NULL, '2016-04-02 05:01:05'),
(1217, 2, 'logout', NULL, NULL, '2016-04-02 05:01:15'),
(1218, 5, 'login', NULL, NULL, '2016-04-02 05:01:29'),
(1219, 4, 'login', NULL, NULL, '2016-04-02 05:17:54'),
(1220, 4, 'create', 's01', NULL, '2016-04-02 05:19:17'),
(1221, 4, 'logout', NULL, NULL, '2016-04-02 05:19:27'),
(1222, 6, 'login', NULL, NULL, '2016-04-02 05:19:38'),
(1223, 1, 'login', NULL, NULL, '2016-04-02 05:21:56'),
(1224, 1, 'logout', 's02', NULL, '2016-04-02 05:22:16'),
(1225, 1, 'login', NULL, NULL, '2016-04-02 05:22:22'),
(1226, 1, 'update permission', 's03', NULL, '2016-04-02 05:22:42'),
(1227, 1, 'logout', 's03', NULL, '2016-04-02 05:22:56'),
(1228, 6, 'login', NULL, NULL, '2016-04-02 05:23:09'),
(1229, 6, 'logout', 's36', NULL, '2016-04-02 05:23:45'),
(1230, 1, 'login', NULL, NULL, '2016-04-02 05:23:50'),
(1231, 6, 'logout', 's61', NULL, '2016-04-02 05:26:53'),
(1232, 4, 'login', NULL, NULL, '2016-04-02 05:27:19'),
(1233, 4, 'update permission', 's03', NULL, '2016-04-02 05:28:49'),
(1234, 4, 'Updated', 's01', NULL, '2016-04-02 05:31:51'),
(1235, 4, 'update', 's01', NULL, '2016-04-02 05:31:51'),
(1236, 4, 'Updated', 's01', NULL, '2016-04-02 05:32:38'),
(1237, 4, 'update', 's01', NULL, '2016-04-02 05:32:38'),
(1238, 4, 'logout', 's01', NULL, '2016-04-02 05:33:06'),
(1239, 6, 'login', NULL, NULL, '2016-04-02 05:33:21'),
(1240, 6, 'logout', NULL, NULL, '2016-04-02 05:55:42'),
(1241, 4, 'login', NULL, NULL, '2016-04-02 05:55:55'),
(1242, 1, 'logout', 's01', NULL, '2016-04-02 05:57:22'),
(1243, 1, 'login', NULL, NULL, '2016-04-02 05:57:27'),
(1244, 2, 'login', NULL, NULL, '2016-04-02 05:59:13'),
(1245, 2, 'update permission', 's03', NULL, '2016-04-02 06:01:31'),
(1246, 2, 'logout', NULL, NULL, '2016-04-02 06:01:39'),
(1247, 5, 'login', NULL, NULL, '2016-04-02 06:01:50'),
(1248, 5, 'logout', 's42', NULL, '2016-04-02 06:02:38'),
(1249, 2, 'login', NULL, NULL, '2016-04-01 20:58:11'),
(1250, 2, 'create', 's42', NULL, '2016-04-01 22:45:44'),
(1251, 2, 'update', 's42', NULL, '2016-04-01 22:56:57'),
(1252, 2, 'update permission', 's03', NULL, '2016-04-01 23:06:18'),
(1253, 2, 'logout', NULL, NULL, '2016-04-01 23:07:33'),
(1254, 5, 'login', NULL, NULL, '2016-04-01 23:07:50'),
(1255, 5, 'logout', 's60', NULL, '2016-04-01 23:27:43'),
(1256, 2, 'login', NULL, NULL, '2016-04-01 23:32:26'),
(1257, 2, 'create', 's54', NULL, '2016-04-01 23:41:00'),
(1258, 2, 'Update', 's54', NULL, '2016-04-01 23:41:20'),
(1259, 2, 'login', NULL, NULL, '2016-04-05 04:03:41'),
(1260, 2, 'create', 's02', NULL, '2016-04-05 04:12:31'),
(1261, 2, 'create', 's01', NULL, '2016-04-05 04:14:00'),
(1262, 2, 'create', 's03', NULL, '2016-04-05 04:15:16'),
(1263, 2, 'update permission', 's03', NULL, '2016-04-05 04:16:36'),
(1264, 2, 'logout', NULL, NULL, '2016-04-05 04:16:43'),
(1265, 7, 'login', NULL, NULL, '2016-04-05 04:16:55'),
(1266, 7, 'logout', NULL, NULL, '2016-04-05 04:17:13'),
(1267, 2, 'login', NULL, NULL, '2016-04-05 04:17:40'),
(1268, 2, 'update', 's02', NULL, '2016-04-05 04:19:37'),
(1269, 2, 'update', 's01', NULL, '2016-04-05 04:22:26'),
(1270, 2, 'update', 's36', NULL, '2016-04-05 05:22:40'),
(1271, 2, 'update', 's36', NULL, '2016-04-05 05:22:51'),
(1272, 2, 'update', 's36', NULL, '2016-04-05 05:23:26'),
(1273, 2, 'update', 's36', NULL, '2016-04-05 05:23:37'),
(1274, 2, 'create', 's47', NULL, '2016-04-05 06:24:03'),
(1275, 4, 'login', NULL, NULL, '2016-04-05 06:27:24'),
(1276, 2, 'Updated', 's47', NULL, '2016-04-05 06:31:41'),
(1277, 2, 'create', 's49', NULL, '2016-04-05 06:32:12'),
(1278, 2, 'login', NULL, NULL, '2016-04-04 23:53:14'),
(1279, 2, 'create', 's60', NULL, '2016-04-04 23:54:27'),
(1280, 2, 'create', 's51', NULL, '2016-04-04 23:56:29'),
(1281, 2, 'create', 's52', NULL, '2016-04-04 23:58:27'),
(1282, 2, 'create', 's53', NULL, '2016-04-04 23:58:47'),
(1283, 2, 'Update', 's53', NULL, '2016-04-04 23:58:54'),
(1284, 2, 'Update', 's52', NULL, '2016-04-04 23:59:03'),
(1285, 2, 'create', 's54', NULL, '2016-04-04 23:59:24'),
(1286, 2, 'Update', 's54', NULL, '2016-04-04 23:59:30'),
(1287, 2, 'create', 's55', NULL, '2016-04-05 00:00:11'),
(1288, 2, 'Update', 's55', NULL, '2016-04-05 00:00:18'),
(1289, 2, 'create', 's54', NULL, '2016-04-05 00:01:09'),
(1290, 2, 'Update', 's54', NULL, '2016-04-05 00:01:22'),
(1291, 2, 'create', 's61', NULL, '2016-04-05 00:04:20'),
(1292, 2, 'Update', 's61', NULL, '2016-04-05 00:04:27'),
(1293, 2, 'logout', NULL, NULL, '2016-04-05 00:04:52'),
(1294, 4, 'login', NULL, NULL, '2016-04-06 04:40:50'),
(1295, 4, 'login', NULL, NULL, '2016-04-07 23:17:36'),
(1296, 4, 'logout', 's03', NULL, '2016-04-08 00:29:11'),
(1297, 1, 'login', NULL, NULL, '2016-04-12 06:35:22'),
(1298, 1, 'login', NULL, NULL, '2016-04-12 06:35:56'),
(1299, 1, 'login', NULL, NULL, '2016-04-12 06:37:25'),
(1300, 1, 'logout', NULL, NULL, '2016-04-12 06:37:30'),
(1301, 1, 'login', NULL, NULL, '2016-04-12 06:46:12'),
(1302, 1, 'logout', NULL, NULL, '2016-04-12 06:46:16'),
(1303, 4, 'login', NULL, NULL, '2016-04-12 06:54:02'),
(1304, 4, 'create', 's01', NULL, '2016-04-12 06:55:25'),
(1305, 4, 'logout', 's01', NULL, '2016-04-12 06:55:40'),
(1306, 2, 'login', NULL, NULL, '2016-04-12 06:56:12'),
(1307, 2, 'logout', NULL, NULL, '2016-04-12 06:56:17'),
(1308, 1, 'logout', NULL, NULL, '2016-04-12 07:00:41'),
(1309, 2, 'login', NULL, NULL, '2016-04-12 07:01:23'),
(1310, 2, 'Update', 's50', NULL, '2016-04-12 07:02:54'),
(1311, 2, 'Update', 's50', NULL, '2016-04-12 07:10:25'),
(1312, 2, 'Update', 's50', NULL, '2016-04-12 07:11:04'),
(1313, 2, 'Update', 's50', NULL, '2016-04-12 07:11:46'),
(1314, 2, 'Updated', 's50', NULL, '2016-04-12 07:12:03'),
(1315, 2, 'Update', 's50', NULL, '2016-04-12 07:12:03'),
(1316, 2, 'update', 's42', NULL, '2016-04-12 07:30:20'),
(1317, 2, 'update', 's42', NULL, '2016-04-12 07:35:33'),
(1318, 2, 'update', 's42', NULL, '2016-04-12 07:37:07'),
(1319, 2, 'logout', NULL, NULL, '2016-04-12 07:38:15'),
(1320, 2, 'login', NULL, NULL, '2016-04-12 07:44:00'),
(1321, 2, 'Update', 's50', NULL, '2016-04-12 07:45:45'),
(1322, 2, 'Update', 's50', NULL, '2016-04-12 07:46:27'),
(1323, 2, 'logout', NULL, NULL, '2016-04-12 07:47:28'),
(1324, 2, 'login', NULL, NULL, '2016-04-13 05:25:58'),
(1325, 2, 'logout', NULL, NULL, '2016-04-13 05:29:26'),
(1326, 2, 'login', NULL, NULL, '2016-04-13 05:35:41'),
(1327, 2, 'update', 's42', NULL, '2016-04-13 05:37:45'),
(1328, 2, 'update', 's42', NULL, '2016-04-13 05:41:25'),
(1329, 2, 'update', 's42', NULL, '2016-04-13 05:42:12'),
(1330, 2, 'update', 's42', NULL, '2016-04-13 05:42:58'),
(1331, 2, 'login', NULL, NULL, '2016-04-18 23:23:15'),
(1332, 4, 'login', NULL, NULL, '2016-04-18 23:48:59'),
(1333, 2, 'update permission', 's03', NULL, '2016-04-19 00:07:52'),
(1334, 2, 'logout', NULL, NULL, '2016-04-19 00:08:31'),
(1335, 4, 'login', NULL, NULL, '2016-04-19 00:10:05'),
(1336, 4, 'logout', 's42', NULL, '2016-04-19 00:12:45'),
(1337, 2, 'login', NULL, NULL, '2016-04-19 00:13:33'),
(1338, 2, 'update', 's42', NULL, '2016-04-19 00:15:44'),
(1339, 2, 'update', 's42', NULL, '2016-04-19 00:18:39'),
(1340, 2, 'update', 's42', NULL, '2016-04-19 00:19:25'),
(1341, 2, 'update', 's42', NULL, '2016-04-19 00:20:37'),
(1342, 2, 'update', 's42', NULL, '2016-04-19 00:21:50'),
(1343, 2, 'update', 's42', NULL, '2016-04-19 00:23:03'),
(1344, 2, 'update', 's42', NULL, '2016-04-19 00:25:18'),
(1345, 2, 'update', 's42', NULL, '2016-04-19 00:26:52'),
(1346, 2, 'update', 's42', NULL, '2016-04-19 00:28:01'),
(1347, 2, 'update', 's42', NULL, '2016-04-19 00:28:56'),
(1348, 2, 'update', 's42', NULL, '2016-04-19 00:30:07'),
(1349, 2, 'update', 's42', NULL, '2016-04-19 00:33:27'),
(1350, 2, 'logout', NULL, NULL, '2016-04-19 00:33:56'),
(1351, 8, 'login', NULL, NULL, '2016-04-20 20:19:07'),
(1352, 8, 'update', 's42', NULL, '2016-04-20 20:19:42'),
(1353, 8, 'update', 's42', NULL, '2016-04-20 20:21:13'),
(1354, 2, 'login', NULL, NULL, '2016-04-20 20:35:36'),
(1355, 2, 'create', 's50', NULL, '2016-04-20 20:50:20'),
(1356, 1, 'login', NULL, NULL, '2016-04-20 21:05:30'),
(1357, 1, 'logout', NULL, NULL, '2016-04-20 21:06:05'),
(1358, 1, 'login', NULL, NULL, '2016-04-20 21:07:21'),
(1359, 1, 'logout', NULL, NULL, '2016-04-20 21:07:25'),
(1360, 2, 'login', NULL, NULL, '2016-04-20 21:10:05'),
(1361, 2, 'logout', NULL, NULL, '2016-04-20 21:16:06'),
(1362, 2, 'create', 's50', NULL, '2016-04-20 21:16:10'),
(1363, 2, 'logout', NULL, NULL, '2016-04-20 21:37:18'),
(1364, 2, 'login', NULL, NULL, '2016-04-20 21:53:14'),
(1365, 2, 'Update', 's50', NULL, '2016-04-20 21:54:10'),
(1366, 2, 'Update', 's50', NULL, '2016-04-20 21:54:52'),
(1367, 2, 'create', 's50', NULL, '2016-04-20 21:56:32'),
(1368, 1, 'logout', NULL, NULL, '2016-04-20 10:04:46'),
(1369, 2, 'login', NULL, NULL, '2016-04-20 10:04:53'),
(1370, 2, 'create', 's50', NULL, '2016-04-20 10:05:32'),
(1371, 2, 'create', 's50', NULL, '2016-04-20 10:07:35'),
(1372, 2, 'create', 's50', NULL, '2016-04-20 10:08:04'),
(1373, 2, 'create', 's50', NULL, '2016-04-20 10:08:17'),
(1374, 1, 'login', NULL, NULL, '2016-05-03 15:57:41'),
(1375, 1, 'logout', NULL, NULL, '2016-05-03 16:01:59'),
(1376, 2, 'login', NULL, NULL, '2016-05-03 16:02:06'),
(1377, 1, 'login', NULL, NULL, '2016-05-05 17:32:17'),
(1378, 1, 'logout', NULL, NULL, '2016-05-05 17:32:24'),
(1379, 2, 'login', NULL, NULL, '2016-05-05 17:32:35'),
(1380, 1, 'login', NULL, NULL, '2016-05-05 08:42:52'),
(1381, 1, 'logout', NULL, NULL, '2016-05-05 08:42:56'),
(1382, 2, 'login', NULL, NULL, '2016-05-05 08:43:04'),
(1383, 2, 'login', NULL, NULL, '2016-05-08 18:17:19'),
(1384, 1, 'login', NULL, NULL, '2016-05-09 14:37:15'),
(1385, 1, 'logout', NULL, NULL, '2016-05-09 14:37:21'),
(1386, 2, 'login', NULL, NULL, '2016-05-09 14:37:27'),
(1387, 2, 'login', NULL, NULL, '2016-05-31 19:05:34'),
(1388, 2, 'logout', NULL, NULL, '2016-05-31 08:51:41'),
(1389, 2, 'login', NULL, NULL, '2016-05-31 08:51:50'),
(1390, 2, 'logout', NULL, NULL, '2016-05-31 08:51:55'),
(1391, 2, 'login', NULL, NULL, '2016-05-31 08:52:03'),
(1392, 2, 'login', NULL, NULL, '2016-05-31 08:53:05'),
(1393, 2, 'logout', NULL, NULL, '2016-05-31 09:17:05'),
(1394, 2, 'login', NULL, NULL, '2016-05-31 09:17:12'),
(1395, 2, 'logout', NULL, NULL, '2016-05-31 09:17:16'),
(1396, 2, 'logout', NULL, NULL, '2016-05-31 09:52:02'),
(1397, 1, 'login', NULL, NULL, '2016-05-31 10:45:52'),
(1398, 1, 'login', NULL, NULL, '2016-06-02 18:30:45'),
(1399, 1, 'logout', NULL, NULL, '2016-06-02 18:30:50'),
(1400, 2, 'login', NULL, NULL, '2016-06-02 18:30:57'),
(1401, 1, 'login', NULL, NULL, '2016-06-02 09:06:34'),
(1402, 1, 'logout', NULL, NULL, '2016-06-02 09:06:39'),
(1403, 2, 'login', NULL, NULL, '2016-06-02 09:06:48'),
(1404, 2, 'login', NULL, NULL, '2016-06-07 15:32:00'),
(1405, 1, 'login', NULL, NULL, '2016-06-07 15:32:49'),
(1406, 1, 'logout', NULL, NULL, '2016-06-07 15:32:53'),
(1407, 2, 'login', NULL, NULL, '2016-06-07 15:33:00'),
(1408, 1, 'login', NULL, NULL, '2016-07-12 16:39:10'),
(1409, 1, 'logout', NULL, NULL, '2016-07-12 16:39:16'),
(1410, 2, 'login', NULL, NULL, '2016-07-12 16:39:31'),
(1411, 2, 'login', NULL, NULL, '2016-07-20 16:08:29'),
(1412, 1, 'login', NULL, NULL, '2016-07-27 11:47:42'),
(1413, 1, 'logout', NULL, NULL, '2016-07-27 11:47:47'),
(1414, 2, 'login', NULL, NULL, '2016-07-27 11:47:53'),
(1415, 2, 'login', NULL, NULL, '2016-07-27 16:39:46'),
(1416, 1, 'login', NULL, NULL, '2016-08-14 17:10:52'),
(1417, 1, 'logout', 's03', NULL, '2016-08-14 17:11:17'),
(1418, 2, 'login', NULL, NULL, '2016-08-14 17:11:23'),
(1419, 1, 'logout', NULL, NULL, '2016-08-18 17:17:26'),
(1420, 1, 'login', NULL, NULL, '2016-08-18 17:17:31'),
(1421, 1, 'logout', NULL, NULL, '2016-08-18 17:17:35'),
(1422, 2, 'login', NULL, NULL, '2016-08-18 17:17:45'),
(1423, 1, 'login', NULL, NULL, '2016-08-18 17:23:57'),
(1424, 1, 'logout', NULL, NULL, '2016-08-18 17:24:02'),
(1425, 1, 'login', NULL, NULL, '2016-08-18 17:26:40'),
(1426, 1, 'logout', NULL, NULL, '2016-08-18 17:27:21'),
(1427, 1, 'login', NULL, NULL, '2016-08-18 17:28:39'),
(1428, 1, 'logout', NULL, NULL, '2016-08-18 17:28:46'),
(1429, 2, 'login', NULL, NULL, '2016-08-18 17:28:52'),
(1430, 2, 'logout', NULL, NULL, '2016-08-18 17:31:51'),
(1431, 2, 'login', NULL, NULL, '2016-08-18 17:34:43'),
(1432, 2, 'update', 's38', NULL, '2016-08-18 17:42:08'),
(1433, 2, 'update', 's38', NULL, '2016-08-18 17:42:25'),
(1434, 2, 'update', 's38', NULL, '2016-08-18 17:43:19'),
(1435, 2, 'update', 's38', NULL, '2016-08-18 17:43:35'),
(1436, 2, 'update', 's38', NULL, '2016-08-18 17:43:49'),
(1437, 1, 'login', NULL, NULL, '2016-08-19 17:45:06'),
(1438, 1, 'logout', NULL, NULL, '2016-08-19 17:45:13'),
(1439, 2, 'login', NULL, NULL, '2016-08-19 17:45:18'),
(1440, 2, 'update permission', 's03', NULL, '2016-08-19 18:00:09'),
(1441, 2, 'update permission', 's03', NULL, '2016-08-19 18:03:13'),
(1442, 2, 'update permission', 's03', NULL, '2016-08-19 18:05:12'),
(1443, 1, 'login', NULL, NULL, '2016-08-19 18:05:24'),
(1444, 1, 'update permission', 's03', NULL, '2016-08-19 18:05:34'),
(1445, 1, 'update permission', 's03', NULL, '2016-08-19 18:06:01'),
(1446, 1, 'update permission', 's03', NULL, '2016-08-19 18:07:04'),
(1447, 1, 'update permission', 's03', NULL, '2016-08-19 18:24:44'),
(1448, 1, 'update permission', 's03', NULL, '2016-08-19 18:25:54'),
(1449, 1, 'update permission', 's03', NULL, '2016-08-19 18:27:44'),
(1450, 1, 'update permission', 's03', NULL, '2016-08-19 18:27:51'),
(1451, 1, 'update permission', 's03', NULL, '2016-08-19 18:30:13'),
(1452, 1, 'update permission', 's03', NULL, '2016-08-19 18:30:22'),
(1453, 1, 'update permission', 's03', NULL, '2016-08-19 18:37:24'),
(1454, 1, 'update permission', 's03', NULL, '2016-08-19 18:37:32'),
(1455, 1, 'update', 's38', NULL, '2016-08-19 18:40:02'),
(1456, 1, 'update', 's38', NULL, '2016-08-19 18:40:20'),
(1457, 1, 'update', 's38', NULL, '2016-08-19 18:40:34'),
(1458, 1, 'update', 's38', NULL, '2016-08-19 18:40:48'),
(1459, 1, 'update', 's38', NULL, '2016-08-19 18:41:03'),
(1460, 1, 'update', 's38', NULL, '2016-08-19 18:41:35'),
(1461, 1, 'update', 's38', NULL, '2016-08-19 18:41:46'),
(1462, 1, 'update', 's38', NULL, '2016-08-19 18:41:57'),
(1463, 1, 'update', 's38', NULL, '2016-08-19 18:42:11'),
(1464, 1, 'update', 's38', NULL, '2016-08-19 18:42:33'),
(1465, 1, 'update', 's38', NULL, '2016-08-19 18:42:41'),
(1466, 1, 'update', 's36', NULL, '2016-08-19 18:46:39'),
(1467, 1, 'update permission', 's03', NULL, '2016-08-19 18:53:48'),
(1468, 1, 'update permission', 's03', NULL, '2016-08-19 18:54:05'),
(1469, 1, 'delete', 's36', NULL, '2016-08-19 18:59:29'),
(1470, 1, 'login', NULL, NULL, '2016-08-20 10:55:51'),
(1471, 1, 'update permission', 's03', NULL, '2016-08-20 11:22:08'),
(1472, 1, 'update permission', 's03', NULL, '2016-08-20 11:22:19'),
(1473, 1, 'login', NULL, NULL, '2016-08-20 11:35:58'),
(1474, 1, 'update permission', 's03', NULL, '2016-08-20 11:52:08'),
(1475, 1, 'update permission', 's03', NULL, '2016-08-20 11:52:24'),
(1476, 1, 'create', 's39', NULL, '2016-08-20 11:53:28'),
(1477, 1, 'create', 's38', NULL, '2016-08-20 11:54:05'),
(1478, 1, 'update', 's38', NULL, '2016-08-20 11:56:50'),
(1479, 1, 'update', 's38', NULL, '2016-08-20 12:37:26'),
(1480, 1, 'create', 's36', NULL, '2016-08-20 12:48:51'),
(1481, 1, 'create', 's36', NULL, '2016-08-20 12:49:44'),
(1482, 1, 'create', 's36', NULL, '2016-08-20 12:51:10'),
(1483, 1, 'create', 's36', NULL, '2016-08-20 12:51:55'),
(1484, 1, 'create', 's36', NULL, '2016-08-20 12:52:19'),
(1485, 1, 'create', 's36', NULL, '2016-08-20 12:52:44'),
(1486, 1, 'create', 's36', NULL, '2016-08-20 12:53:10'),
(1487, 1, 'create', 's36', NULL, '2016-08-20 12:53:36'),
(1488, 1, 'create', 's36', NULL, '2016-08-20 12:53:57'),
(1489, 1, 'create', 's36', NULL, '2016-08-20 12:54:19'),
(1490, 1, 'create', 's36', NULL, '2016-08-20 12:54:43'),
(1491, 1, 'create', 's36', NULL, '2016-08-20 12:55:21'),
(1492, 1, 'create', 's36', NULL, '2016-08-20 12:55:56'),
(1493, 1, 'create', 's36', NULL, '2016-08-20 12:56:12'),
(1494, 1, 'create', 's36', NULL, '2016-08-20 12:56:28'),
(1495, 1, 'create', 's36', NULL, '2016-08-20 12:56:47'),
(1496, 1, 'create', 's36', NULL, '2016-08-20 12:57:08'),
(1497, 1, 'create', 's36', NULL, '2016-08-20 12:57:35'),
(1498, 1, 'create', 's36', NULL, '2016-08-20 12:57:59'),
(1499, 1, 'create', 's36', NULL, '2016-08-20 12:58:19'),
(1500, 1, 'logout', NULL, NULL, '2016-08-20 16:25:06'),
(1501, 1, 'login', NULL, NULL, '2016-08-20 16:25:12'),
(1502, 1, 'login', NULL, NULL, '2016-08-21 18:12:56'),
(1503, 1, 'create', 's44', NULL, '2016-08-21 18:31:48'),
(1504, 1, 'update permission', 's03', NULL, '2016-08-21 11:10:27'),
(1505, 1, 'update permission', 's03', NULL, '2016-08-21 11:10:34'),
(1506, 1, 'create', NULL, NULL, '2016-08-21 11:43:46'),
(1507, 1, 'login', NULL, NULL, '2016-08-22 08:14:34'),
(1508, 1, 'login', NULL, NULL, '2016-08-22 13:45:31'),
(1509, 1, 'Updated', NULL, NULL, '2016-08-22 13:53:20'),
(1510, 1, 'Updated', NULL, NULL, '2016-08-22 13:53:55'),
(1511, 1, 'Updated', NULL, NULL, '2016-08-22 13:56:44'),
(1512, 1, 'update permission', 's03', NULL, '2016-08-22 15:46:50'),
(1513, 1, 'update permission', 's03', NULL, '2016-08-22 15:47:16'),
(1514, 1, 'update permission', 's03', NULL, '2016-08-22 15:59:34'),
(1515, 1, 'update permission', 's03', NULL, '2016-08-22 15:59:42'),
(1516, 1, 'update', 's36', NULL, '2016-08-22 17:21:56'),
(1517, 1, 'update', 's36', NULL, '2016-08-22 18:43:37'),
(1518, 1, 'update', 's38', NULL, '2016-08-22 18:54:07'),
(1519, 1, 'login', NULL, NULL, '2016-08-23 13:50:30'),
(1520, 1, 'update', 's36', NULL, '2016-08-23 13:55:38'),
(1521, 1, 'update', 's36', NULL, '2016-08-23 13:55:51'),
(1522, 1, 'update', 's36', NULL, '2016-08-23 13:56:50'),
(1523, 1, 'update', 's36', NULL, '2016-08-23 13:57:10'),
(1524, 1, 'update', 's36', NULL, '2016-08-23 13:57:29'),
(1525, 1, 'update', 's36', NULL, '2016-08-23 13:57:47'),
(1526, 1, 'update', 's36', NULL, '2016-08-23 18:57:58'),
(1527, 1, 'update', 's36', NULL, '2016-08-23 18:58:07'),
(1528, 1, 'update', 's36', NULL, '2016-08-23 18:58:14'),
(1529, 1, 'update', 's36', NULL, '2016-08-23 19:15:51'),
(1530, 1, 'update', 's36', NULL, '2016-08-23 19:16:02'),
(1531, 1, 'update', 's36', NULL, '2016-08-23 19:16:10'),
(1532, 1, 'update', 's36', NULL, '2016-08-23 19:23:13'),
(1533, 1, 'update', 's36', NULL, '2016-08-23 19:24:38'),
(1534, 1, 'update', 's36', NULL, '2016-08-23 19:24:56'),
(1535, 1, 'update', 's36', NULL, '2016-08-23 19:29:07'),
(1536, 1, 'update', 's36', NULL, '2016-08-23 08:04:40'),
(1537, 1, 'update', 's36', NULL, '2016-08-23 08:27:09'),
(1538, 1, 'update', 's36', NULL, '2016-08-23 08:28:54'),
(1539, 1, 'login', NULL, NULL, '2016-08-23 15:15:10'),
(1540, 1, 'update', 's36', NULL, '2016-08-23 15:16:58'),
(1541, 1, 'update', 's36', NULL, '2016-08-23 15:23:29'),
(1542, 1, 'update', 's36', NULL, '2016-08-23 15:25:48'),
(1543, 1, 'update', 's36', NULL, '2016-08-23 15:38:38'),
(1544, 1, 'update', 's36', NULL, '2016-08-23 16:10:09'),
(1545, 1, 'update', 's36', NULL, '2016-08-23 16:12:31'),
(1546, 1, 'update', 's36', NULL, '2016-08-23 16:13:41'),
(1547, 1, 'update', 's36', NULL, '2016-08-23 16:15:04'),
(1548, 1, 'update', 's36', NULL, '2016-08-23 16:21:00'),
(1549, 1, 'update', 's36', NULL, '2016-08-23 16:24:30'),
(1550, 1, 'update permission', 's03', NULL, '2016-08-23 16:57:01'),
(1551, 1, 'update permission', 's03', NULL, '2016-08-23 16:58:20'),
(1552, 1, 'update', 's36', NULL, '2016-08-23 18:52:10'),
(1553, 1, 'update', 's38', NULL, '2016-08-24 19:48:32'),
(1554, 1, 'update', 's38', NULL, '2016-08-24 19:49:05'),
(1555, 1, 'update', 's38', NULL, '2016-08-24 19:49:29'),
(1556, 1, 'update', 's38', NULL, '2016-08-24 19:50:02'),
(1557, 1, 'login', NULL, NULL, '2016-08-24 15:39:15'),
(1558, 1, 'login', NULL, NULL, '2016-08-24 16:14:39'),
(1559, 1, 'update', 's36', NULL, '2016-08-24 16:32:22'),
(1560, 1, 'update', 's36', NULL, '2016-08-24 16:32:41'),
(1561, 1, 'update', 's36', NULL, '2016-08-24 16:33:01'),
(1562, 1, 'update', 's36', NULL, '2016-08-24 16:33:21'),
(1563, 1, 'update', 's36', NULL, '2016-08-24 17:21:19'),
(1564, 1, 'update', 's36', NULL, '2016-08-24 17:28:36'),
(1565, 1, 'update', 's36', NULL, '2016-08-24 17:36:15'),
(1566, 1, 'update', 's36', NULL, '2016-08-24 17:36:29'),
(1567, 1, 'update', 's36', NULL, '2016-08-24 17:36:42'),
(1568, 1, 'update', 's36', NULL, '2016-08-24 17:40:32'),
(1569, 1, 'update', 's36', NULL, '2016-08-24 17:40:41'),
(1570, 1, 'update', 's36', NULL, '2016-08-24 17:40:53'),
(1571, 1, 'login', NULL, NULL, '2016-08-25 19:04:00'),
(1572, 1, 'login', NULL, NULL, '2016-08-25 15:22:01'),
(1573, 1, 'login', NULL, NULL, '2016-08-25 09:46:01'),
(1574, 1, 'update', 's36', NULL, '2016-08-25 09:47:07'),
(1575, 1, 'update', 's36', NULL, '2016-08-25 09:47:22'),
(1576, 1, 'update', 's36', NULL, '2016-08-25 09:47:36'),
(1577, 1, 'login', NULL, NULL, '2016-08-26 16:58:48'),
(1578, 1, 'update', 's36', NULL, '2016-08-26 17:32:40'),
(1579, 1, 'update', 's36', NULL, '2016-08-26 17:33:15'),
(1580, 1, 'update', 's36', NULL, '2016-08-26 17:33:36'),
(1581, 1, 'login', NULL, NULL, '2016-08-26 08:40:52'),
(1582, 1, 'login', NULL, NULL, '2016-08-26 16:42:46'),
(1583, 1, 'update permission', 's03', NULL, '2016-08-26 17:10:46'),
(1584, 1, 'login', NULL, NULL, '2016-08-27 15:52:41'),
(1585, 1, 'login', NULL, NULL, '2016-08-28 17:17:01'),
(1586, 1, 'login', NULL, NULL, '2016-08-28 17:27:57'),
(1587, 1, 'login', NULL, NULL, '2016-08-29 09:57:41'),
(1588, 1, 'login', NULL, NULL, '2016-08-31 17:22:44'),
(1589, 1, 'login', NULL, NULL, '2016-08-31 17:12:03'),
(1590, 1, 'login', NULL, NULL, '2016-09-01 19:36:00'),
(1591, 1, 'login', NULL, NULL, '2016-09-07 16:11:39'),
(1592, 1, 'update', 's38', NULL, '2016-09-07 16:15:29'),
(1593, 1, 'create', 's39', NULL, '2016-09-07 16:16:37'),
(1594, 1, 'update', 's38', NULL, '2016-09-07 16:17:22'),
(1595, 1, 'update', 's38', NULL, '2016-09-07 16:17:33'),
(1596, 1, 'create', 's38', NULL, '2016-09-07 16:18:13'),
(1597, 1, 'login', NULL, NULL, '2016-09-08 13:46:01'),
(1598, 1, 'login', NULL, NULL, '2016-09-11 17:06:20'),
(1599, 1, 'login', NULL, NULL, '2016-09-13 16:29:52'),
(1600, 1, 'login', NULL, NULL, '2016-09-13 19:11:16'),
(1601, 1, 'create', 's38', NULL, '2016-09-13 19:12:16'),
(1602, 1, 'create', 's38', NULL, '2016-09-13 19:12:42'),
(1603, 1, 'create', 's38', NULL, '2016-09-13 19:12:57'),
(1604, 1, 'update', 's38', NULL, '2016-09-13 19:13:10'),
(1605, 1, 'login', NULL, NULL, '2016-09-13 17:07:51'),
(1606, 1, 'login', NULL, NULL, '2016-09-14 17:36:32'),
(1607, 1, 'login', NULL, NULL, '2016-09-15 14:00:54'),
(1608, 1, 'update permission', 's03', NULL, '2016-09-15 14:03:52'),
(1609, 1, 'update permission', 's03', NULL, '2016-09-15 14:04:00'),
(1610, 1, 'logout', NULL, NULL, '2016-09-15 16:05:26'),
(1611, 1, 'login', NULL, NULL, '2016-09-15 16:06:20'),
(1612, 1, 'login', NULL, NULL, '2016-09-15 16:45:40'),
(1613, 1, 'login', NULL, NULL, '2016-09-19 09:39:08'),
(1614, 1, 'login', NULL, NULL, '2016-09-20 10:20:24'),
(1615, 1, 'login', NULL, NULL, '2016-09-20 15:11:02'),
(1616, 1, 'login', NULL, NULL, '2016-09-22 08:14:50'),
(1617, 1, 'login', NULL, NULL, '2016-09-22 17:12:34'),
(1618, 1, 'login', NULL, NULL, '2016-09-23 15:07:34'),
(1619, 1, 'login', NULL, NULL, '2016-09-23 18:30:38'),
(1620, 1, 'login', NULL, NULL, '2016-09-23 08:41:36'),
(1621, 1, 'login', NULL, NULL, '2016-09-23 13:39:44'),
(1622, 1, 'login', NULL, NULL, '2016-09-24 14:30:09'),
(1623, 1, 'login', NULL, NULL, '2016-09-24 14:53:43'),
(1624, 1, 'update', 's36', NULL, '2016-09-24 14:58:45'),
(1625, 1, 'update', 's36', NULL, '2016-09-24 14:58:55'),
(1626, 1, 'update', 's36', NULL, '2016-09-24 14:59:02'),
(1627, 1, 'update', 's36', NULL, '2016-09-24 14:59:09'),
(1628, 1, 'update', 's36', NULL, '2016-09-24 14:59:19'),
(1629, 1, 'update', 's36', NULL, '2016-09-24 14:59:27'),
(1630, 1, 'update', 's36', NULL, '2016-09-24 14:59:35'),
(1631, 1, 'update', 's36', NULL, '2016-09-24 14:59:44'),
(1632, 1, 'update', 's36', NULL, '2016-09-24 14:59:52'),
(1633, 1, 'update', 's36', NULL, '2016-09-24 15:00:00'),
(1634, 1, 'update', 's36', NULL, '2016-09-24 15:00:09'),
(1635, 1, 'update', 's36', NULL, '2016-09-24 15:00:20'),
(1636, 1, 'update', 's36', NULL, '2016-09-24 15:00:29'),
(1637, 1, 'login', NULL, NULL, '2016-09-24 15:25:16'),
(1638, 1, 'update', 's36', NULL, '2016-09-24 15:44:45'),
(1639, 1, 'update', 's36', NULL, '2016-09-24 15:45:00'),
(1640, 1, 'update', 's36', NULL, '2016-09-24 15:48:19'),
(1641, 1, 'update', 's36', NULL, '2016-09-24 15:49:06'),
(1642, 1, 'update', 's36', NULL, '2016-09-24 15:49:13'),
(1643, 1, 'update', 's36', NULL, '2016-09-24 15:50:29'),
(1644, 1, 'update', 's36', NULL, '2016-09-24 15:50:43'),
(1645, 1, 'update', 's36', NULL, '2016-09-24 15:51:23'),
(1646, 1, 'update', 's36', NULL, '2016-09-24 15:51:30'),
(1647, 1, 'update', 's36', NULL, '2016-09-24 15:51:38'),
(1648, 1, 'update', 's36', NULL, '2016-09-24 15:51:48'),
(1649, 1, 'update', 's36', NULL, '2016-09-24 15:52:17'),
(1650, 1, 'update', 's36', NULL, '2016-09-24 15:52:29'),
(1651, 1, 'update', 's36', NULL, '2016-09-24 15:54:15'),
(1652, 1, 'update', 's36', NULL, '2016-09-24 15:54:29'),
(1653, 1, 'update', 's36', NULL, '2016-09-24 15:55:41'),
(1654, 1, 'update', 's36', NULL, '2016-09-24 16:04:19'),
(1655, 1, 'update', 's36', NULL, '2016-09-24 16:04:29'),
(1656, 1, 'update', 's36', NULL, '2016-09-24 16:05:06'),
(1657, 1, 'update', 's36', NULL, '2016-09-24 16:06:03'),
(1658, 1, 'update', 's36', NULL, '2016-09-24 16:06:19'),
(1659, 1, 'update', 's36', NULL, '2016-09-24 16:06:30'),
(1660, 1, 'update', 's36', NULL, '2016-09-24 16:06:43'),
(1661, 1, 'update', 's36', NULL, '2016-09-24 16:13:42'),
(1662, 1, 'update', 's36', NULL, '2016-09-24 16:13:55'),
(1663, 1, 'login', NULL, NULL, '2016-09-26 15:35:56'),
(1664, 1, 'login', NULL, NULL, '2016-09-26 15:58:45'),
(1665, 1, 'login', NULL, NULL, '2016-09-27 16:49:56'),
(1666, 1, 'login', NULL, NULL, '2016-09-28 18:35:26'),
(1667, 1, 'login', NULL, NULL, '2016-09-28 08:38:26'),
(1668, 1, 'login', NULL, NULL, '2016-10-12 16:51:16'),
(1669, 1, 'delete', 's36', NULL, '2016-10-12 18:26:26'),
(1670, 1, 'delete', 's36', NULL, '2016-10-12 18:27:55'),
(1671, 1, 'update', 's36', NULL, '2016-10-12 18:30:17'),
(1672, 1, 'update', 's36', NULL, '2016-10-12 18:30:23'),
(1673, 1, 'update', 's36', NULL, '2016-10-12 18:30:29'),
(1674, 1, 'create', 's36', NULL, '2016-10-12 18:42:17'),
(1675, 1, 'create', 's36', NULL, '2016-10-12 18:42:31'),
(1676, 1, 'create', 's36', NULL, '2016-10-12 18:42:57'),
(1677, 1, 'create', 's36', NULL, '2016-10-12 18:44:15'),
(1678, 1, 'create', 's36', NULL, '2016-10-12 18:46:47'),
(1679, 1, 'update', 's36', NULL, '2016-10-12 18:47:01'),
(1680, 1, 'delete', 's36', NULL, '2016-10-12 18:47:11'),
(1681, 1, 'login', NULL, NULL, '2016-10-12 16:01:24'),
(1682, 1, 'login', NULL, NULL, '2016-10-17 17:55:03'),
(1683, 1, 'login', NULL, NULL, '2016-10-20 14:53:44'),
(1684, 1, 'update', 's36', NULL, '2016-10-20 15:11:12'),
(1685, 1, 'update', 's36', NULL, '2016-10-20 15:11:24'),
(1686, 1, 'update', 's36', NULL, '2016-10-20 15:11:36'),
(1687, 1, 'update', 's36', NULL, '2016-10-20 15:47:21'),
(1688, 1, 'login', NULL, NULL, '2016-10-21 16:58:33'),
(1689, 1, 'login', NULL, NULL, '2016-10-22 16:14:34'),
(1690, 1, 'login', NULL, NULL, '2016-10-27 15:58:13'),
(1691, 1, 'login', NULL, NULL, '2016-10-27 17:52:11'),
(1692, 1, 'logout', NULL, NULL, '2016-10-27 17:56:50'),
(1693, 1, 'login', NULL, NULL, '2016-10-27 17:57:06'),
(1694, 1, 'update permission', 's03', NULL, '2016-10-27 18:33:13'),
(1695, 1, 'update permission', 's03', NULL, '2016-10-27 18:33:42'),
(1696, 1, 'update permission', 's03', NULL, '2016-10-27 18:34:15'),
(1697, 1, 'update', 's01', NULL, '2016-10-27 18:35:57'),
(1698, 1, 'update permission', 's03', NULL, '2016-10-27 18:39:08'),
(1699, 1, 'update', 's38', NULL, '2016-10-27 18:53:52'),
(1700, 1, 'update', 's38', NULL, '2016-10-27 18:54:05'),
(1701, 1, 'update', 's38', NULL, '2016-10-27 18:54:21'),
(1702, 1, 'update', 's38', NULL, '2016-10-27 18:54:39'),
(1703, 1, 'update', 's38', NULL, '2016-10-27 18:55:07'),
(1704, 1, 'update', 's38', NULL, '2016-10-27 18:55:13'),
(1705, 1, 'login', NULL, NULL, '2016-10-28 16:25:29'),
(1706, 1, 'login', NULL, NULL, '2016-10-28 14:04:57'),
(1707, 1, NULL, NULL, NULL, '2016-10-28 14:36:12'),
(1708, 1, NULL, NULL, NULL, '2016-10-28 14:36:42'),
(1709, 1, NULL, NULL, NULL, '2016-10-28 14:36:58'),
(1710, 1, NULL, NULL, NULL, '2016-10-28 14:37:39'),
(1711, 1, NULL, NULL, NULL, '2016-10-28 14:38:04'),
(1712, 1, NULL, NULL, NULL, '2016-10-28 14:38:40'),
(1713, 1, NULL, NULL, NULL, '2016-10-28 14:38:40'),
(1714, 1, NULL, NULL, NULL, '2016-10-28 14:38:47'),
(1715, 1, NULL, NULL, NULL, '2016-10-28 14:39:18'),
(1716, 1, NULL, NULL, NULL, '2016-10-28 14:44:11'),
(1717, 1, NULL, NULL, NULL, '2016-10-28 14:44:29'),
(1718, 1, NULL, NULL, NULL, '2016-10-28 14:46:08'),
(1719, 1, NULL, NULL, NULL, '2016-10-28 14:46:14'),
(1720, 1, NULL, NULL, NULL, '2016-10-28 14:46:35'),
(1721, 1, NULL, NULL, NULL, '2016-10-28 14:47:51'),
(1722, 1, NULL, NULL, NULL, '2016-10-28 14:48:07'),
(1723, 1, NULL, NULL, NULL, '2016-10-28 14:48:27'),
(1724, 1, NULL, NULL, NULL, '2016-10-28 14:49:21'),
(1725, 1, NULL, NULL, NULL, '2016-10-28 14:49:32'),
(1726, 1, NULL, NULL, NULL, '2016-10-28 14:51:33'),
(1727, 1, NULL, NULL, NULL, '2016-10-28 14:51:52'),
(1728, 1, NULL, NULL, NULL, '2016-10-28 14:52:05'),
(1729, 1, NULL, NULL, NULL, '2016-10-28 14:52:32'),
(1730, 1, NULL, NULL, NULL, '2016-10-28 14:52:45'),
(1731, 1, NULL, NULL, NULL, '2016-10-28 14:52:45'),
(1732, 1, NULL, NULL, NULL, '2016-10-28 14:52:54'),
(1733, 1, NULL, NULL, NULL, '2016-10-28 14:53:46'),
(1734, 1, NULL, NULL, NULL, '2016-10-28 14:55:04'),
(1735, 1, NULL, NULL, NULL, '2016-10-28 14:55:15'),
(1736, 1, NULL, NULL, NULL, '2016-10-28 14:56:09'),
(1737, 1, NULL, NULL, NULL, '2016-10-28 14:56:19'),
(1738, 1, NULL, NULL, NULL, '2016-10-28 14:57:02'),
(1739, 1, NULL, NULL, NULL, '2016-10-28 14:57:13'),
(1740, 1, 'login', NULL, NULL, '2016-10-28 16:02:26'),
(1741, 1, 'logout', NULL, NULL, '2016-10-28 16:02:33'),
(1742, 1, 'login', NULL, NULL, '2016-10-28 16:02:43'),
(1743, 1, 'logout', NULL, NULL, '2016-10-28 16:02:59'),
(1744, 1, 'login', NULL, NULL, '2016-10-28 16:06:29'),
(1745, 1, 'login', NULL, NULL, '2016-10-28 17:38:23'),
(1746, 1, 'login', NULL, NULL, '2016-10-28 17:43:53'),
(1747, 1, 'login', NULL, NULL, '2016-10-28 17:46:10'),
(1748, 1, 'update permission', 's03', NULL, '2016-10-28 17:49:46'),
(1749, 1, 'login', NULL, NULL, '2016-10-29 13:09:17'),
(1750, 1, 'login', NULL, NULL, '2016-10-29 14:02:03'),
(1751, 1, 'login', NULL, NULL, '2016-10-29 18:14:45'),
(1752, 1, 'login', NULL, NULL, '2016-10-29 18:16:37'),
(1753, 1, 'login', NULL, NULL, '2016-10-29 13:03:42'),
(1754, 1, 'update permission', 's03', NULL, '2016-10-29 13:04:03'),
(1755, 1, NULL, NULL, NULL, '2016-10-29 13:20:08'),
(1756, 1, NULL, NULL, NULL, '2016-10-29 13:20:42'),
(1757, 1, NULL, NULL, NULL, '2016-10-29 13:20:47'),
(1758, 1, NULL, NULL, NULL, '2016-10-29 13:20:52'),
(1759, 1, NULL, NULL, NULL, '2016-10-29 13:20:55'),
(1760, 1, 'login', NULL, NULL, '2016-10-29 14:36:20'),
(1761, 1, 'login', NULL, NULL, '2016-10-29 14:51:57'),
(1762, 1, 'logout', NULL, NULL, '2016-10-29 17:03:18'),
(1763, 1, 'update', 's38', NULL, '2016-10-29 17:14:54'),
(1764, 1, 'login', NULL, NULL, '2016-10-29 17:17:14'),
(1765, 1, 'login', NULL, NULL, '2016-10-29 18:48:36'),
(1766, 1, 'login', NULL, NULL, '2016-10-30 19:37:56'),
(1767, 1, 'login', NULL, NULL, '2016-10-30 08:22:42'),
(1768, 1, 'login', NULL, NULL, '2016-10-30 08:27:02'),
(1769, 1, 'login', NULL, NULL, '2016-10-30 08:35:35'),
(1770, 1, 'login', NULL, NULL, '2016-10-30 13:22:17'),
(1771, 1, 'login', NULL, NULL, '2016-10-30 13:29:06'),
(1772, 1, 'login', NULL, NULL, '2016-10-30 16:50:53'),
(1773, 1, 'login', NULL, NULL, '2016-10-30 16:58:14');

-- --------------------------------------------------------

--
-- Table structure for table `tbl_banner`
--

CREATE TABLE IF NOT EXISTS `tbl_banner` (
  `id` int(11) NOT NULL AUTO_INCREMENT,
  `name` varchar(120) COLLATE utf8_unicode_ci DEFAULT NULL,
  `url` varchar(120) COLLATE utf8_unicode_ci DEFAULT NULL,
  `image` varchar(120) COLLATE utf8_unicode_ci DEFAULT NULL,
  `description` text COLLATE utf8_unicode_ci,
  `order_level` int(5) DEFAULT NULL,
  `is_active` tinyint(1) DEFAULT NULL,
  `modified_by` int(5) NOT NULL,
  `created_at` datetime NOT NULL,
  `updated_at` datetime DEFAULT NULL,
  PRIMARY KEY (`id`)
) ENGINE=InnoDB  DEFAULT CHARSET=utf8 COLLATE=utf8_unicode_ci AUTO_INCREMENT=18 ;

--
-- Dumping data for table `tbl_banner`
--

INSERT INTO `tbl_banner` (`id`, `name`, `url`, `image`, `description`, `order_level`, `is_active`, `modified_by`, `created_at`, `updated_at`) VALUES
(15, 'Banner', '', '24-Aug-2016/banner1.jpg', '', 0, 1, 0, '0000-00-00 00:00:00', NULL),
(16, 'Banner', '', '24-Aug-2016/banner2.jpg', '', 0, 1, 0, '0000-00-00 00:00:00', NULL),
(17, 'Banner', '', '24-Aug-2016/banner3.jpg', '', 0, 1, 0, '0000-00-00 00:00:00', NULL);

-- --------------------------------------------------------

--
-- Table structure for table `tbl_base_country`
--

CREATE TABLE IF NOT EXISTS `tbl_base_country` (
  `id` int(11) NOT NULL AUTO_INCREMENT,
  `name` varchar(120) COLLATE utf8_unicode_ci NOT NULL,
  `modified_by` int(5) NOT NULL,
  `created_at` datetime DEFAULT NULL,
  `updated_at` datetime DEFAULT NULL,
  PRIMARY KEY (`id`)
) ENGINE=InnoDB  DEFAULT CHARSET=utf8 COLLATE=utf8_unicode_ci AUTO_INCREMENT=3 ;

--
-- Dumping data for table `tbl_base_country`
--

INSERT INTO `tbl_base_country` (`id`, `name`, `modified_by`, `created_at`, `updated_at`) VALUES
(1, 'Cambodia', 1, NULL, '2016-08-26 22:12:09'),
(2, 'Thailand', 1, NULL, NULL);

-- --------------------------------------------------------

--
-- Table structure for table `tbl_business_type`
--

CREATE TABLE IF NOT EXISTS `tbl_business_type` (
  `id` int(5) NOT NULL AUTO_INCREMENT,
  `name` varchar(120) COLLATE utf8_unicode_ci NOT NULL,
  `modified_by` int(5) NOT NULL,
  `created_at` datetime DEFAULT NULL,
  `updated_at` datetime DEFAULT NULL,
  PRIMARY KEY (`id`)
) ENGINE=InnoDB  DEFAULT CHARSET=utf8 COLLATE=utf8_unicode_ci AUTO_INCREMENT=30 ;

--
-- Dumping data for table `tbl_business_type`
--

INSERT INTO `tbl_business_type` (`id`, `name`, `modified_by`, `created_at`, `updated_at`) VALUES
(4, 'Consulting, Law / Legal & tax services / Business Service', 1, '2016-08-22 21:40:44', '2016-08-22 21:40:44'),
(5, 'Trading / Distribution', 1, '2016-08-22 21:40:52', '2016-08-22 21:40:52'),
(6, 'Manufacturer/Industry ,  Trading / Distribution , Transport & Logistics', 1, '2016-08-22 21:40:59', '2016-08-22 21:46:13'),
(8, 'Trading / Distribution / Construction', 1, '2016-08-22 21:41:15', '2016-08-22 21:45:13'),
(10, 'Hospitality & Entertainment', 1, '2016-08-22 21:41:27', '2016-08-22 21:41:27'),
(11, 'Trading', 1, '2016-08-22 21:41:32', '2016-08-27 09:37:33'),
(12, 'Manufacturer/Industry', 1, '2016-08-22 21:41:37', '2016-08-22 21:41:37'),
(14, 'Automotive', 1, '2016-08-22 21:41:49', '2016-08-22 21:41:49'),
(15, 'Technology and IT', 1, '2016-08-22 21:41:57', '2016-08-22 21:41:57'),
(16, 'Manufacturer/Industry', 1, '2016-08-22 21:42:02', '2016-08-22 21:42:02'),
(17, 'Agricultural Industry / Trading/ Distribution', 1, '2016-08-22 21:42:07', '2016-08-27 09:38:04'),
(18, 'Advertising / Communication / Media', 1, '2016-08-22 21:42:13', '2016-08-22 21:42:13'),
(19, 'Transport & Logistics / Trading / Distribution', 1, '2016-08-22 21:42:20', '2016-08-22 21:42:20'),
(20, 'Healthcare', 1, '2016-08-22 21:42:26', '2016-08-22 21:44:05'),
(21, 'Finance & Banking', 1, '2016-08-22 21:42:32', '2016-08-27 09:36:58'),
(22, 'Personal Business', 1, '2016-08-22 21:42:41', '2016-08-22 21:45:52'),
(24, 'Construction', 1, '2016-08-22 21:42:57', '2016-08-27 09:37:19'),
(25, 'Medical Clinic', 1, '2016-08-22 21:43:02', '2016-08-22 21:43:02'),
(27, 'Business Service', 1, NULL, NULL),
(28, 'Transport & Logistics', 1, NULL, NULL),
(29, 't', 1, NULL, NULL);

-- --------------------------------------------------------

--
-- Table structure for table `tbl_candidate`
--

CREATE TABLE IF NOT EXISTS `tbl_candidate` (
  `id` int(11) NOT NULL AUTO_INCREMENT,
  `name` varchar(60) COLLATE utf8_unicode_ci DEFAULT NULL,
  `email` varchar(50) COLLATE utf8_unicode_ci NOT NULL,
  `contact` varchar(50) COLLATE utf8_unicode_ci DEFAULT NULL,
  `attach_file` varchar(120) COLLATE utf8_unicode_ci DEFAULT NULL,
  `address` text COLLATE utf8_unicode_ci,
  `remark` varchar(50) COLLATE utf8_unicode_ci DEFAULT NULL,
  `created_date` timestamp NOT NULL DEFAULT CURRENT_TIMESTAMP ON UPDATE CURRENT_TIMESTAMP,
  PRIMARY KEY (`id`)
) ENGINE=InnoDB DEFAULT CHARSET=utf8 COLLATE=utf8_unicode_ci AUTO_INCREMENT=1 ;

-- --------------------------------------------------------

--
-- Table structure for table `tbl_committee`
--

CREATE TABLE IF NOT EXISTS `tbl_committee` (
  `id` int(5) NOT NULL AUTO_INCREMENT,
  `name` varchar(50) COLLATE utf8_unicode_ci NOT NULL,
  `image` varchar(120) COLLATE utf8_unicode_ci DEFAULT NULL,
  `position` varchar(50) COLLATE utf8_unicode_ci NOT NULL,
  `company` varchar(50) COLLATE utf8_unicode_ci DEFAULT NULL,
  `contact` varchar(20) COLLATE utf8_unicode_ci DEFAULT NULL,
  `email` varchar(50) COLLATE utf8_unicode_ci DEFAULT NULL,
  `order_level` int(3) NOT NULL,
  `modified_by` int(3) DEFAULT NULL,
  `created_at` datetime DEFAULT NULL,
  `updated_at` datetime DEFAULT NULL,
  PRIMARY KEY (`id`)
) ENGINE=InnoDB  DEFAULT CHARSET=utf8 COLLATE=utf8_unicode_ci AUTO_INCREMENT=23 ;

--
-- Dumping data for table `tbl_committee`
--

INSERT INTO `tbl_committee` (`id`, `name`, `image`, `position`, `company`, `contact`, `email`, `order_level`, `modified_by`, `created_at`, `updated_at`) VALUES
(1, 'Mrs. Oranooch Pakarat-Rutten', '23-Aug-2016/Pakarat-Rutten.jpg', 'President', 'Intra Co', '016 912 832', 'manager@intra-mekong.com', 1, NULL, NULL, NULL),
(2, 'Ms. Yiamsri Uponpong', '23-Aug-2016/Yiamsri-Uponpong.jpg', 'Vice President (Management)', 'Bangkok Bank PLC. Cambodia Branch', '095 222 401', 'yiamsri.ubo@bbl.co.th', 2, NULL, NULL, NULL),
(3, 'Mr. Poohrich Sinwat', '23-Aug-2016/Sommartr-Satitsatian.png', 'Vice President', 'C.P. Cambodia Co., Ltd.', '096 6611966', 'poohrich@cpcambodia.com.kh', 3, NULL, NULL, NULL),
(4, 'Ms. Chulaluck Phummarin', '23-Aug-2016/Chulaluck-Phummarin.jpg', 'Vice President (Fund Raising & Activities)', 'Lions Integrated Logistics Co., Ltd.', '099 770 078/ 096 611', 'chulaluck@lionslog.com', 4, NULL, NULL, NULL),
(5, 'Ms. Tiabduan Poolun', '23-Aug-2016/Tiabduan-Poolun.jpg', 'Vice President (Public Relation)', 'One to One (Cambodia) Co., Ltd', '016 363 680', 'tiabduan.P@oto.samartcorp.com', 5, NULL, NULL, NULL),
(6, 'Mr. Rattakoon Punlainark', '23-Aug-2016/Rattakoon-Punlainark.jpg', 'Executive Committee (Management)', 'Thai Airways International Public Company Limited', '095 996 789', 'rattakoon.p@gmail.com', 6, NULL, NULL, NULL),
(7, 'Mr. Pitipong Chawawisutthikun', '23-Aug-2016/Pitipong-Chawawisutthikun.jpg', 'Executive Committee (Management)', 'Betagro (Cambodia) Co., Ltd', '077 501 491', 'pitipongc@betagro.com', 7, NULL, NULL, NULL),
(8, 'Mr. Padej Piroonsit', '23-Aug-2016/Padej-Piroonsit.jpg', 'Executive Committee (Academic)', 'CIMB Thai PLC.', '(66) 8 1819 5615', 'padej.p@cimbthai.com', 8, NULL, NULL, NULL),
(9, 'Mr.Pakapong Poomarporn', '23-Aug-2016/Sommartr-Satitsatian.png', 'Executive Committee (Academic)', 'Kasikorn Bank Phnom Penh PLC.', '070 891 188', 'pakapong.p@kasikornbank.com', 9, NULL, NULL, NULL),
(10, 'Ms. Nattha Meemuk', '23-Aug-2016/Nattha-Meemuk.jpg', 'Executive Committee (Academic)', 'Royal Phnom Penh Hostpital', '095 383 021', 'nattha.me@bgh.co.th', 10, NULL, NULL, NULL),
(11, 'Ms. Narumol Rinruengsin', '23-Aug-2016/Narumol-Rinruengsin.png', 'Executive Committee (Fund Raising & Activities)', 'Modern Plastic & Packaging Co.,Ltd.', '099-986 048', 'mppnan@gmail.com', 11, NULL, NULL, NULL),
(12, 'Mr.Chong Jua Yangthaworntrakoon', '23-Aug-2016/Chong-Jua-Yangthaworntrakoon.jpg', 'Executive Committee (Fund Raising & Activities)', 'Executive Committee (Fund Raising & Activities)', '017 911 578', 'afongyang@gmail.com', 12, NULL, NULL, NULL),
(13, 'Ms. Paravee Tumrongsiskul', '23-Aug-2016/Paravee-Tumrongsiskul.jpg', 'Executive Committee (Fund Raising & Activities)', 'SCG Cement-Building Materials', '085 777 006', 'paraveet@scg.co.th', 13, NULL, NULL, NULL),
(14, 'Mr. Chalor Phaeporn', '23-Aug-2016/Chalor-Phaeporn.jpg', 'Executive Committee (Fund Raising & Activities)', 'The Seaboard Construction Develop Co., Ltd', '093 888 665', 'chalor230611@hotmail.com', 14, NULL, NULL, NULL),
(15, 'Mr. Kriengkrai Khuasai', '23-Aug-2016/Kriengkrai-Khuasai.png', 'Executive Committee (Public Relation)', 'Juliana Hotel', '093 649 606', 'hm.pnh@julianahotels.com', 15, NULL, NULL, NULL),
(16, 'Mrs. Nuchnapang Newman', '23-Aug-2016/Nuchnapang-Newman.jpg', 'Executive Committee (Public Relation)', 'Billabong Hotel', '089 976565', 'janies77@hotmail.com', 16, NULL, NULL, NULL),
(17, 'Mr.Natthaphong Bunsaram', '23-Aug-2016/Natthaphong-Bunsaram.png', 'Executive Committee (Public Relation)', 'D Network Cambodia', '016 606 034', 'chemchannika@dncambodia.com', 17, NULL, NULL, NULL),
(18, 'Mr. Chuchod Sapabguy', '23-Aug-2016/Chuchod-Sapabguy.png', 'Executive Committee (Public Relation)', 'C.P. Cambodia Co., Ltd', '096 3903240', 'chuchod@cpcambodia.com.kh', 18, NULL, NULL, NULL),
(19, 'Ms. Irada Bama', '23-Aug-2016/Irada-Bama.jpg', 'Executive Committee (Public Relation)', 'Vita Longa Clinic', '086 356 941', 'irada.st@gmail.com', 19, NULL, NULL, NULL),
(20, 'Mr. Sommartr Satitsatian', '23-Aug-2016/Sommartr-Satitsatian.png', 'Executive Committee (Public Relation)', 'KCS (TV3)', '066 861475', 'sommartr@kcsthailand.com', 20, NULL, NULL, NULL),
(21, 'Mr. Surachet Maneepong', '23-Aug-2016/Surachet-Maneepong.jpg', 'Mr. Surachet Maneepong', 'TBCC / AEC Business Support Center', '089 976 844', 'secretary@tbcccambodia.org', 21, NULL, NULL, NULL),
(22, 'Ms. Nhem Lalen', '23-Aug-2016/Nhem-Lalen.png', 'Admin Officer', 'TBCC', '016 958065', 'admin@tbcccambodia.org', 22, NULL, NULL, NULL);

-- --------------------------------------------------------

--
-- Table structure for table `tbl_config`
--

CREATE TABLE IF NOT EXISTS `tbl_config` (
  `id` int(11) NOT NULL AUTO_INCREMENT,
  `config_group_id` int(11) DEFAULT '1',
  `name` varchar(64) COLLATE utf8_unicode_ci DEFAULT NULL,
  `keywords` varchar(64) COLLATE utf8_unicode_ci DEFAULT NULL,
  `value` varchar(255) COLLATE utf8_unicode_ci DEFAULT NULL,
  PRIMARY KEY (`id`)
) ENGINE=InnoDB  DEFAULT CHARSET=utf8 COLLATE=utf8_unicode_ci AUTO_INCREMENT=34 ;

--
-- Dumping data for table `tbl_config`
--

INSERT INTO `tbl_config` (`id`, `config_group_id`, `name`, `keywords`, `value`) VALUES
(1, 1, 'Site Name', 'SITE_NAME', 'Long Room - Lounge & Bar'),
(2, 1, 'Site Descriptiom', 'META_DESCRIPTION', 'TBCC CAMBODIA'),
(3, 1, 'Site Keywords', 'META_KEYWORDS', 'Long Room'),
(4, 6, 'Contact Email', 'CONTACT_EMAIL', 'admin@tbcccambodia.org'),
(5, 2, 'Address', 'CONTACT_ADDRESS', '196, M.V. Preah Norodom Boulevard, Sangkat Tonle Bassac,  Khan Chamkar Mon, Phnom Penh, CAMBODIA'),
(6, 1, 'Base site url', 'SITE_HTTP_URL', 'http://customizecambodia.com/demo/public/'),
(7, 1, 'Site Logo', 'SITE_LOGO', 'images/logo.png'),
(8, 1, 'Contact map', 'CONTACT_MAP', 'https://www.google.com/maps/embed/v1/place?key=AIzaSyDC5Qq3R3V18ahTCf6X6Gi8Qylm8Z3jcWw&q=13.344928800555731,103.86318263306578'),
(9, 1, 'Default Language', 'CONFIG_LANGUAGE', '2'),
(10, 1, 'Image parth', 'WWW_IMAGE_ROOT', '/tbcccambodia/public/images/uploads/'),
(11, 3, 'Image List Thumb Width', 'IMAGE_THUMB_WIDTH', '120'),
(12, 3, 'Image List Thumb Height', 'IMAGE_THUMB_HEIGHT', '80'),
(13, 3, 'Max upload image', 'MAX_UPLOAD_IMAGE', '1MB'),
(14, 1, 'Sub domain', 'WWW_SUB_DOMAIN', 'http://long_room.localhost:81/'),
(15, 3, 'Smart select image filemanager', 'SMART_SELECT_IMAGE_FILEMANAGER', 'assets/backend/fileman/index.html?integration=custom'),
(16, 1, 'Footer text', 'FOOTER_TEXT', 'Copyright  2016. All Right Reserved'),
(17, 1, 'Footer all right', 'FOOTER_TEXT2', 'Power by'),
(18, 1, 'http-equiv: Content Type', 'HTTP_EQUIV_CONTENT_TYPE', 'text/html; charset=utf-8'),
(19, 1, 'Metha view report', 'MATA_VIEW_REPORT', 'width=device-width, initial-scale=1, maximum-scale=1'),
(20, 1, 'Widget Parth', 'WWW_WIDGET', '/resources/views/Client/widget/'),
(21, 2, 'Contact Number', 'CONTACT_NUMBER', '016 958065 (Admin) <br> <i class="fa fa-wa fa-phone"></i> 089 976 844 (Secretary General)'),
(22, 2, 'Fax Number', 'FAX_NUMBER', '(+855)10 234 234'),
(23, 2, 'Partner Us Email', 'PARTNER_US_EMAIL', 'admin@tbcccambodia.org'),
(24, 2, 'Career Email', 'CAREER_EMAIL', 'careers@tbcccambodia.org'),
(25, 2, 'Website', 'WEBSITE', 'www.itfocus.com'),
(26, 2, 'Company', 'COMPANY', 'Loom Room'),
(27, 3, 'Max career file size', 'MAX_FILE_SIZE', '120MB'),
(28, 1, 'Enable Google Tag', 'ENABLE_GOOGLE_TAG', '0'),
(29, 1, 'Google Tag Manager ID', 'GOOGLE_TAG_ID', 'GTM-TFBTGX'),
(30, 4, 'Career Status (News) ', 'STATUS_REMOVE_NEW', '7'),
(31, 5, 'Facebook', 'FACEBOOK', 'https://www.facebook.com/ThaiBusinessCouncilinCambodia'),
(32, 2, 'Format Date', 'FORMAT_DATE', 'd-M-Y'),
(33, 6, 'Send Email', 'SEND_EMAIL', 'secretary@tbcccambodia.org');

-- --------------------------------------------------------

--
-- Table structure for table `tbl_config_group`
--

CREATE TABLE IF NOT EXISTS `tbl_config_group` (
  `id` int(11) NOT NULL AUTO_INCREMENT,
  `name` varchar(32) DEFAULT NULL,
  PRIMARY KEY (`id`)
) ENGINE=InnoDB  DEFAULT CHARSET=latin1 AUTO_INCREMENT=7 ;

--
-- Dumping data for table `tbl_config_group`
--

INSERT INTO `tbl_config_group` (`id`, `name`) VALUES
(1, 'Site'),
(2, 'Contact info'),
(3, 'Image'),
(4, 'Expired Date'),
(5, 'Social'),
(6, 'Send Mail');

-- --------------------------------------------------------

--
-- Table structure for table `tbl_content`
--

CREATE TABLE IF NOT EXISTS `tbl_content` (
  `id` int(11) NOT NULL AUTO_INCREMENT,
  `fmenu_id` int(2) DEFAULT NULL,
  `menu_type_id` int(2) DEFAULT NULL,
  `is_active` tinyint(1) DEFAULT '1',
  `ordering` int(3) DEFAULT '0',
  `created_at` datetime DEFAULT NULL,
  `updated_at` datetime DEFAULT NULL,
  PRIMARY KEY (`id`)
) ENGINE=InnoDB  DEFAULT CHARSET=latin1 AUTO_INCREMENT=68 ;

--
-- Dumping data for table `tbl_content`
--

INSERT INTO `tbl_content` (`id`, `fmenu_id`, `menu_type_id`, `is_active`, `ordering`, `created_at`, `updated_at`) VALUES
(14, 6, NULL, 1, 0, NULL, NULL),
(62, 12, 2, 1, NULL, '2016-01-21 14:31:25', '2016-01-27 17:53:25'),
(63, 15, 3, 1, NULL, '2016-01-28 18:40:22', '2016-01-28 18:40:22'),
(64, 4, 2, 1, NULL, '2016-01-29 15:16:20', '2016-01-29 15:16:20'),
(65, 1, 2, 1, NULL, '2016-01-29 15:26:01', '2016-01-29 15:26:01'),
(66, 20, 2, 1, NULL, '2016-03-04 14:51:51', '2016-03-04 14:51:51'),
(67, 3, 2, 0, NULL, '2016-04-01 15:45:44', '2016-04-01 15:56:57');

-- --------------------------------------------------------

--
-- Table structure for table `tbl_content_description`
--

CREATE TABLE IF NOT EXISTS `tbl_content_description` (
  `id` int(11) NOT NULL AUTO_INCREMENT,
  `content_id` int(11) NOT NULL,
  `language_id` int(11) NOT NULL DEFAULT '1',
  `description` longtext CHARACTER SET utf8 COLLATE utf8_unicode_ci,
  `meta_description` varchar(255) CHARACTER SET utf8 COLLATE utf8_unicode_ci DEFAULT NULL,
  `meta_keywords` varchar(255) CHARACTER SET utf8 COLLATE utf8_unicode_ci DEFAULT NULL,
  PRIMARY KEY (`id`)
) ENGINE=InnoDB  DEFAULT CHARSET=latin1 AUTO_INCREMENT=121 ;

--
-- Dumping data for table `tbl_content_description`
--

INSERT INTO `tbl_content_description` (`id`, `content_id`, `language_id`, `description`, `meta_description`, `meta_keywords`) VALUES
(97, 62, 1, '<p><img alt="" src="/bassakaair_new/public/images/uploads/content/Our_Route_2.png" style="width:100%" /></p>\r\n', '', ''),
(98, 62, 2, '<p><img alt="" src="/bassakaair_new/public/images/uploads/content/Our_Route_2.png" style="width:100%" /></p>\r\n', '', ''),
(99, 62, 3, '<p><img alt="" src="/bassakaair_new/public/images/uploads/content/Our_Route_2.png" style="width:100%" /></p>\r\n', '', ''),
(100, 62, 4, '<p><img alt="" src="/bassakaair_new/public/images/uploads/content/Our_Route_2.png" style="width:100%" /></p>\r\n', '', ''),
(101, 63, 1, '<div class="col-lg-4 col-sm-6"><img class="col-lg-12 col-sm-12 col-xs-12" src="http://bassakaair.com/bassakaair_new/public/images/uploads/about/bassaka_office.jpg" style="overflow:hidden; padding:0px" /></div>\r\n\r\n<div class="col-lg-8 col-sm-6 col-sx-12">\r\n<p><img src="http://bassakaair.com/bassakaair_new/public/images/uploads/logo.png" /></p>\r\n\r\n<h3><strong>BASSAKA AIR LIMITED</strong></h3>\r\n\r\n<p>&nbsp;</p>\r\n\r\n<p><span style="font-size:14px">IATA Designer Code: 5B<br />\r\n<br />\r\nHeadquarters:<br />\r\n335 Preah Sihanouk Boulevard, Phnom Penh, Cambodia </span></p>\r\n</div>\r\n\r\n<div class="col-lg-12 col-sm-12">\r\n<h4><strong>MILESTONES</strong></h4>\r\n\r\n<p><span style="font-size:14px"><strong>- 27 March 2014</strong></span></p>\r\n\r\n<p><span style="font-size:14px">Letter of intent submitted to State Secretariat of Civil Aviation (Cambodia Civil Aviation)</span></p>\r\n\r\n<p><span style="font-size:14px"><strong>- 03 October 2014</strong></span></p>\r\n\r\n<p><span style="font-size:14px">Proving Flight PNH-REP-PNH</span></p>\r\n\r\n<p><span style="font-size:14px"><strong>- 06 October 2014</strong></span></p>\r\n\r\n<p><span style="font-size:14px">Awarding of Air Operator Certificate</span></p>\r\n</div>\r\n\r\n<div class="col-lg-12 col-sm-12 col-sx-12">\r\n<h4><strong>PROVING FLIGHT</strong></h4>\r\n\r\n<p><span style="font-size:14px">- Date: 03 October 2014<br />\r\n- Flight from Phnom Penh International Airport to Siem Reap International Airport, Cambodia.<br />\r\n- Duration: 30 Minutes<br />\r\n- This Flight is to complete SSCA&#39;s requirement to highlight Bassaka Air&#39;s capability to conduct, safe operations, including flight planning and crew procedures. </span></p>\r\n</div>\r\n\r\n<div class="col-lg-12 col-sm-12 col-sx-12">\r\n<h4><strong>AIR OPERATOR CERTIFICATE</strong></h4>\r\n\r\n<p>&nbsp;</p>\r\n\r\n<p>Air Operator Certificate was officially awarded to Bassaka Air on the 6th of October 2014.</p>\r\n<br />\r\n<img alt="AIR OPERATOR CERTIFICATE" class="col-lg-7 col-sm-7 col-xs-12" src="http://bassakaair.com/bassakaair_new/public/images/uploads/about/air-operation.jpg" style="padding:0px" />\r\n<p>&nbsp;</p>\r\n</div>\r\n\r\n<div class="col-lg-12 col-md-12 col-sm-12 col-xs-12">\r\n<h4><strong>BASSAKA AIR TEAM</strong></h4>\r\n\r\n<p>Currently has 138 staff</p>\r\n\r\n<table style="width:100%">\r\n	<tbody>\r\n		<tr>\r\n			<td>\r\n			<p><strong>Pilot:</strong> Qualified&nbsp;and experienced.</p>\r\n			<img alt="" class="col-lg-6 col-md-6 col-sm-6 col-xs-12" src="/bassakaair_new/public/images/uploads/about/crew/crew-pilot-1.jpg" style="padding:0px" /></td>\r\n		</tr>\r\n		<tr>\r\n			<td>\r\n			<p><strong>Engineers:</strong> Experienced Engineers for different types of Aircraft</p>\r\n			<img alt="" class="col-lg-6 col-sm-6 col-xs-12" src="/bassakaair_new/public/images/uploads/about/crew/crew03.jpg" style="padding:0px" /></td>\r\n		</tr>\r\n		<tr>\r\n			<td>\r\n			<p><strong>Cabin Crew:</strong> Trained and Experienced.</p>\r\n			<img alt="" class="col-lg-6 col-sm-6 col-xs-12" src="/bassakaair_new/public/images/uploads/about/crew/crew01.jpg" style="margin-bottom:7px; margin-top:7px" /> <img alt="" class="col-lg-6 col-sm-6 col-xs-12" src="/bassakaair_new/public/images/uploads/about/crew/crew-cabin02.jpg" style="margin-bottom:7px; margin-top:7px" /></td>\r\n		</tr>\r\n		<tr>\r\n			<td><img alt="" class="col-lg-6 col-sm-6 col-xs-12" src="/bassakaair_new/public/images/uploads/about/crew/crew02.jpg" style="margin-bottom:7px; margin-top:7px" /> <img alt="" class="col-lg-6 col-sm-6 col-xs-12" src="/bassakaair_new/public/images/uploads/about/crew/crew04.jpg" style="margin-bottom:6px; margin-top:6px" /></td>\r\n		</tr>\r\n		<tr>\r\n			<td><img alt="" class="col-lg-6 col-sm-6 col-xs-12" src="/bassakaair_new/public/images/uploads/about/crew/crew05.jpg" style="margin-bottom:7px; margin-top:7px" /></td>\r\n		</tr>\r\n	</tbody>\r\n</table>\r\n</div>\r\n\r\n<div class="col-lg-12 col-sm-12 col-sx-12">\r\n<h4><strong>BASSAKA AIR FLEET</strong></h4>\r\n\r\n<p>Currently with 2 Airbus A320s<br />\r\n<strong>Tail Numbers:</strong> XU-112 / XU-113<br />\r\n<strong>Main Hub:</strong> Phnom Penh International Airport, Cambodia.</p>\r\n\r\n<table style="width:100%">\r\n	<tbody>\r\n		<tr>\r\n			<td style="text-align:center">\r\n			<div class="slideshowPlugin" contenteditable="false" data-animspeedid="500" data-autostartid="true" data-pictheightid="300" data-slideshowid="cke_hvg0blr1_slideShow" data-speedid="5" data-transitiontypeid="fade" id="cke_hvg0blr1_slideShow">\r\n			<div class="ad-gallery" contenteditable="false" id="ad-gallery_cke_hvg0blr1_slideShow">\r\n			<div class="ad-image-wrapper" contenteditable="false">&nbsp;</div>\r\n\r\n			<div class="ad-controls" contenteditable="false" style="visibility: hidden;">&nbsp;</div>\r\n\r\n			<div class="ad-nav" contenteditable="false" style="display: none;">\r\n			<div class="ad-thumbs" contenteditable="false">\r\n			<ul class="ad-thumb-list" contenteditable="false">\r\n				<li contenteditable="false"><a href="/bassakaair_new/public/images/uploads/about/aircraf/aircraft-1.jpg"><img alt="" contenteditable="false" src="/bassakaair_new/public/images/uploads/about/aircraf/aircraft-1.jpg" style="height:21px; width:50px" title="" /></a></li>\r\n				<li contenteditable="false"><a href="/bassakaair_new/public/images/uploads/about/aircraf/aircraf-2.jpg"><img alt="" contenteditable="false" src="/bassakaair_new/public/images/uploads/about/aircraf/aircraf-2.jpg" style="height:24px; width:50px" title="" /></a></li>\r\n				<li contenteditable="false"><a href="/bassakaair_new/public/images/uploads/about/aircraf/aircraft3.jpg"><img alt="" contenteditable="false" src="/bassakaair_new/public/images/uploads/about/aircraf/aircraft3.jpg" style="height:27px; width:50px" title="" /></a></li>\r\n			</ul>\r\n			</div>\r\n			</div>\r\n			</div>\r\n			<script src="/bassakaair_new/public/assets/backend/ckeditor/plugins/slideshow/3rdParty/jquery.min.js" type="text/javascript"></script><script src="/bassakaair_new/public/assets/backend/ckeditor/plugins/slideshow/3rdParty/ad-gallery/jquery.ad-gallery.min.js" type="text/javascript"></script><script type="text/javascript">(function($) {$(function() {$("#ad-gallery_cke_hvg0blr1_slideShow").on("click",".ad-image",function(){var imgObj =$(this).find("img");var isrc=imgObj.attr("src");var ititle=null;var idesc=null;var iname=isrc.split(''/'');iname=iname[iname.length-1];var imgdescid=$(this).find(".ad-image-description");if(imgdescid){ititle=$(this).find(".ad-description-title");if(ititle)ititle=ititle.text();idesc=$(this).find("span");if(idesc)idesc=idesc.text();if(idesc!=''''){var url=window.location.href.trim();if (idesc.indexOf(''IMAGE_LINK_TAB:'') >= 0) {	idesc = idesc.substring(15).trim(); if (url != idesc) window.open(idesc,''_blank'');} else if (idesc.indexOf(''IMAGE_LINK_PAR:'') >= 0) {	idesc = idesc.substring(15).trim(); if (url != idesc) window.open(idesc,''_self'');}}}});});})(jQuery);</script><script type="text/javascript">(function($) { $(''head'').append(''<link rel="stylesheet" href="/bassakaair_new/public/assets/backend/ckeditor/plugins/slideshow/3rdParty/ad-gallery/jquery.ad-gallery.css" type="text/css" />''); })(jQuery);</script><script type="text/javascript">(function($) {$(function() {   var galleries = $(''#ad-gallery_cke_hvg0blr1_slideShow'').adGallery({loader_image: ''/bassakaair_new/public/assets/backend/ckeditor/plugins/slideshow/3rdParty/ad-gallery/loader.gif'', width:false, height:300, start_at_index: 0, animation_speed: 500,  hooks: { displayDescription: function(image) {}}, update_window_hash: false, effect: ''fade'', slideshow: { enable: true, autostart: true, start_label: ''Start'', stop_label: ''Stop'', speed: 5000}});});})(jQuery);</script></div>\r\n			</td>\r\n		</tr>\r\n		<tr>\r\n			<td>&nbsp;</td>\r\n		</tr>\r\n	</tbody>\r\n</table>\r\n</div>\r\n', '', ''),
(102, 63, 2, '<div class="col-lg-4 col-sm-6"><img class="col-lg-12 col-sm-12 col-xs-12" src="http://bassakaair.com/bassakaair_new/public/images/uploads/about/bassaka_office.jpg" style="overflow:hidden; padding:0px" /></div>\r\n\r\n<div class="col-lg-8 col-sm-6 col-sx-12">\r\n<p><img src="http://bassakaair.com/bassakaair_new/public/images/uploads/logo.png" /></p>\r\n\r\n<h3><strong>BASSAKA AIR LIMITED</strong></h3>\r\n\r\n<p>&nbsp;</p>\r\n\r\n<p><span style="font-size:14px">IATA Designer Code: 5B<br />\r\n<br />\r\nHeadquarters:<br />\r\n335 Preah Sihanouk Boulevard, Phnom Penh, Cambodia </span></p>\r\n</div>\r\n\r\n<div class="col-lg-12 col-sm-12">\r\n<h4><strong>MILESTONES</strong></h4>\r\n\r\n<p><span style="font-size:14px"><strong>- 27 March 2014</strong></span></p>\r\n\r\n<p><span style="font-size:14px">Letter of intent submitted to State Secretariat of Civil Aviation (Cambodia Civil Aviation)</span></p>\r\n\r\n<p><span style="font-size:14px"><strong>- 03 October 2014</strong></span></p>\r\n\r\n<p><span style="font-size:14px">Proving Flight PNH-REP-PNH</span></p>\r\n\r\n<p><span style="font-size:14px"><strong>- 06 October 2014</strong></span></p>\r\n\r\n<p><span style="font-size:14px">Awarding of Air Operator Certificate</span></p>\r\n</div>\r\n\r\n<div class="col-lg-12 col-sm-12 col-sx-12">\r\n<h4><strong>PROVING FLIGHT</strong></h4>\r\n\r\n<p><span style="font-size:14px">- Date: 03 October 2014<br />\r\n- Flight from Phnom Penh International Airport to Siem Reap International Airport, Cambodia.<br />\r\n- Duration: 30 Minutes<br />\r\n- This Flight is to complete SSCA&#39;s requirement to highlight Bassaka Air&#39;s capability to conduct, safe operations, including flight planning and crew procedures. </span></p>\r\n</div>\r\n\r\n<div class="col-lg-12 col-sm-12 col-sx-12">\r\n<h4><strong>AIR OPERATOR CERTIFICATE</strong></h4>\r\n\r\n<p>&nbsp;</p>\r\n\r\n<p>Air Operator Certificate was officially awarded to Bassaka Air on the 6th of October 2014.</p>\r\n<br />\r\n<img alt="AIR OPERATOR CERTIFICATE" class="col-lg-7 col-sm-7 col-xs-12" src="http://bassakaair.com/bassakaair_new/public/images/uploads/about/air-operation.jpg" style="padding:0px" />\r\n<p>&nbsp;</p>\r\n</div>\r\n\r\n<div class="col-lg-12 col-md-12 col-sm-12 col-xs-12">\r\n<h4><strong>BASSAKA AIR TEAM</strong></h4>\r\n\r\n<p>Currently has 138 staff</p>\r\n\r\n<table style="width:100%">\r\n	<tbody>\r\n		<tr>\r\n			<td>\r\n			<p><strong>Pilot:</strong> Qualified&nbsp;and experienced.</p>\r\n			<img alt="" class="col-lg-6 col-md-6 col-sm-6 col-xs-12" src="/bassakaair_new/public/images/uploads/about/crew/crew-pilot-1.jpg" style="padding:0px" /></td>\r\n		</tr>\r\n		<tr>\r\n			<td>\r\n			<p><strong>Engineers:</strong> Experienced Engineers for different types of Aircraft</p>\r\n			<img alt="" class="col-lg-6 col-sm-6 col-xs-12" src="/bassakaair_new/public/images/uploads/about/crew/crew03.jpg" style="padding:0px" /></td>\r\n		</tr>\r\n		<tr>\r\n			<td>\r\n			<p><strong>Cabin Crew:</strong> Trained and Experienced.</p>\r\n			<img alt="" class="col-lg-6 col-sm-6 col-xs-12" src="/bassakaair_new/public/images/uploads/about/crew/crew01.jpg" style="margin-bottom:7px; margin-top:7px" /> <img alt="" class="col-lg-6 col-sm-6 col-xs-12" src="/bassakaair_new/public/images/uploads/about/crew/crew-cabin02.jpg" style="margin-bottom:7px; margin-top:7px" /></td>\r\n		</tr>\r\n		<tr>\r\n			<td><img alt="" class="col-lg-6 col-sm-6 col-xs-12" src="/bassakaair_new/public/images/uploads/about/crew/crew02.jpg" style="margin-bottom:7px; margin-top:7px" /> <img alt="" class="col-lg-6 col-sm-6 col-xs-12" src="/bassakaair_new/public/images/uploads/about/crew/crew04.jpg" style="margin-bottom:7px; margin-top:7px" /></td>\r\n		</tr>\r\n		<tr>\r\n			<td><img alt="" class="col-lg-6 col-sm-6 col-xs-12" src="/bassakaair_new/public/images/uploads/about/crew/crew05.jpg" style="margin-bottom:7px; margin-top:7px" /></td>\r\n		</tr>\r\n	</tbody>\r\n</table>\r\n</div>\r\n\r\n<div class="col-lg-12 col-sm-12 col-sx-12">\r\n<h4><strong>BASSAKA AIR FLEET</strong></h4>\r\n\r\n<p>Currently with 2 Airbus A320s<br />\r\n<strong>Tail Numbers:</strong> XU-112 / XU-113<br />\r\n<strong>Main Hub:</strong> Phnom Penh International Airport, Cambodia.</p>\r\n\r\n<table style="width:100%">\r\n	<tbody>\r\n		<tr>\r\n			<td style="text-align:center">\r\n			<div class="slideshowPlugin" contenteditable="false" data-animspeedid="500" data-autostartid="true" data-pictheightid="300" data-slideshowid="cke_hvg0blr1_slideShow" data-speedid="5" data-transitiontypeid="fade" id="cke_hvg0blr1_slideShow">\r\n			<div class="ad-gallery" contenteditable="false" id="ad-gallery_cke_hvg0blr1_slideShow">\r\n			<div class="ad-image-wrapper" contenteditable="false">&nbsp;</div>\r\n\r\n			<div class="ad-controls" contenteditable="false" style="visibility: hidden;">&nbsp;</div>\r\n\r\n			<div class="ad-nav" contenteditable="false" style="display: none;">\r\n			<div class="ad-thumbs" contenteditable="false">\r\n			<ul class="ad-thumb-list" contenteditable="false">\r\n				<li contenteditable="false"><a href="/bassakaair_new/public/images/uploads/about/aircraf/aircraft-1.jpg"><img alt="" contenteditable="false" src="/bassakaair_new/public/images/uploads/about/aircraf/aircraft-1.jpg" style="height:21px; width:50px" title="" /></a></li>\r\n				<li contenteditable="false"><a href="/bassakaair_new/public/images/uploads/about/aircraf/aircraf-2.jpg"><img alt="" contenteditable="false" src="/bassakaair_new/public/images/uploads/about/aircraf/aircraf-2.jpg" style="height:24px; width:50px" title="" /></a></li>\r\n				<li contenteditable="false"><a href="/bassakaair_new/public/images/uploads/about/aircraf/aircraft3.jpg"><img alt="" contenteditable="false" src="/bassakaair_new/public/images/uploads/about/aircraf/aircraft3.jpg" style="height:27px; width:50px" title="" /></a></li>\r\n			</ul>\r\n			</div>\r\n			</div>\r\n			</div>\r\n			<script src="/bassakaair_new/public/assets/backend/ckeditor/plugins/slideshow/3rdParty/jquery.min.js" type="text/javascript"></script><script src="/bassakaair_new/public/assets/backend/ckeditor/plugins/slideshow/3rdParty/ad-gallery/jquery.ad-gallery.min.js" type="text/javascript"></script><script type="text/javascript">(function($) {$(function() {$("#ad-gallery_cke_hvg0blr1_slideShow").on("click",".ad-image",function(){var imgObj =$(this).find("img");var isrc=imgObj.attr("src");var ititle=null;var idesc=null;var iname=isrc.split(''/'');iname=iname[iname.length-1];var imgdescid=$(this).find(".ad-image-description");if(imgdescid){ititle=$(this).find(".ad-description-title");if(ititle)ititle=ititle.text();idesc=$(this).find("span");if(idesc)idesc=idesc.text();if(idesc!=''''){var url=window.location.href.trim();if (idesc.indexOf(''IMAGE_LINK_TAB:'') >= 0) {	idesc = idesc.substring(15).trim(); if (url != idesc) window.open(idesc,''_blank'');} else if (idesc.indexOf(''IMAGE_LINK_PAR:'') >= 0) {	idesc = idesc.substring(15).trim(); if (url != idesc) window.open(idesc,''_self'');}}}});});})(jQuery);</script><script type="text/javascript">(function($) { $(''head'').append(''<link rel="stylesheet" href="/bassakaair_new/public/assets/backend/ckeditor/plugins/slideshow/3rdParty/ad-gallery/jquery.ad-gallery.css" type="text/css" />''); })(jQuery);</script><script type="text/javascript">(function($) {$(function() {   var galleries = $(''#ad-gallery_cke_hvg0blr1_slideShow'').adGallery({loader_image: ''/bassakaair_new/public/assets/backend/ckeditor/plugins/slideshow/3rdParty/ad-gallery/loader.gif'', width:false, height:300, start_at_index: 0, animation_speed: 500,  hooks: { displayDescription: function(image) {}}, update_window_hash: false, effect: ''fade'', slideshow: { enable: true, autostart: true, start_label: ''Start'', stop_label: ''Stop'', speed: 5000}});});})(jQuery);</script></div>\r\n			</td>\r\n		</tr>\r\n		<tr>\r\n			<td>&nbsp;</td>\r\n		</tr>\r\n	</tbody>\r\n</table>\r\n</div>\r\n', '', ' '),
(103, 63, 3, '<div class="col-lg-4 col-sm-6"><img class="col-lg-12 col-sm-12 col-xs-12" src="http://bassakaair.com/bassakaair_new/public/images/uploads/about/bassaka_office.jpg" style="overflow:hidden; padding:0px" /></div>\r\n\r\n<div class="col-lg-8 col-sm-6 col-sx-12">\r\n<p><img src="http://bassakaair.com/bassakaair_new/public/images/uploads/logo.png" /></p>\r\n\r\n<h3><strong>BASSAKA AIR LIMITED</strong></h3>\r\n\r\n<p>&nbsp;</p>\r\n\r\n<p><span style="font-size:14px">IATA Designer Code: 5B<br />\r\nICAO Code: BSX<br />\r\nCallsign: Bassaka<br />\r\n<br />\r\nHead Quarter:<br />\r\n335 Preah Sihanauk Boulevard, Phnom Penh, Cambodia </span></p>\r\n</div>\r\n\r\n<div class="col-lg-12 col-sm-12">\r\n<h4><strong>MILESTONE</strong></h4>\r\n\r\n<p><span style="font-size:14px"><strong>- 27 March 2014</strong></span></p>\r\n\r\n<p><span style="font-size:14px">Letter of intent submitted to state secretariat of Civil Aviation (Cambodia Civil Aviation)</span></p>\r\n\r\n<p><span style="font-size:14px"><strong>- 03 Octorber 2014</strong></span></p>\r\n\r\n<p><span style="font-size:14px">Proving Flight PNH-REP-PNH</span></p>\r\n\r\n<p><span style="font-size:14px"><strong>- 06 Oct 2014</strong></span></p>\r\n\r\n<p><span style="font-size:14px">Awarding of Air Operator Certificate</span></p>\r\n</div>\r\n\r\n<div class="col-lg-12 col-sm-12 col-sx-12">\r\n<h4><strong>PROVING FLIGHT</strong></h4>\r\n\r\n<p><span style="font-size:14px">- Date: 03 October 2014<br />\r\n- Flight from Phnom Penh International Airport to Siem Reap International Airport, Cambodia.<br />\r\n- Duration: 30 Minutes<br />\r\n- This Flight is to complete SSCA&#39;s requirement to highlight Bassaka Air&#39;s capability to conduct, safe operations, including flight planning and crew procedures. </span></p>\r\n</div>\r\n\r\n<div class="col-lg-12 col-sm-12 col-sx-12">\r\n<h4><strong>AIR OPERATOR CERTIFICATE</strong></h4>\r\n\r\n<p>&nbsp;</p>\r\n\r\n<p>Air operator Certificate was officially awarded to Bassaka Air on the 6th of October 2014.</p>\r\n<br />\r\n<img alt="AIR OPERATOR CERTIFICATE" class="col-lg-7 col-sm-7 col-xs-12" src="http://bassakaair.com/bassakaair_new/public/images/uploads/about/air-operation.jpg" style="padding:0px" />\r\n<p>&nbsp;</p>\r\n</div>\r\n\r\n<div class="col-lg-12 col-md-12 col-sm-12 col-xs-12">\r\n<h4><strong>BASSAKA AIR TEAM</strong></h4>\r\n\r\n<p>Currently has 138 staffs</p>\r\n\r\n<table style="width:100%">\r\n	<tbody>\r\n		<tr>\r\n			<td>\r\n			<p><strong>Pilot:</strong> Quality and experienced.</p>\r\n			<img alt="" class="col-lg-6 col-md-6 col-sm-6 col-xs-12" src="/bassakaair_new/public/images/uploads/about/crew/crew-pilot-1.jpg" style="padding:0px" /></td>\r\n		</tr>\r\n		<tr>\r\n			<td>\r\n			<p><strong>Engineers:</strong> Experienced Engineers for different types of Aircraft</p>\r\n			<img alt="" class="col-lg-6 col-sm-6 col-xs-12" src="/bassakaair_new/public/images/uploads/about/crew/crew03.jpg" style="padding:0px" /></td>\r\n		</tr>\r\n		<tr>\r\n			<td>\r\n			<p><strong>Cabin Crew:</strong> Trained and Experienced.</p>\r\n			<img alt="" class="col-lg-6 col-sm-6 col-xs-12" src="/bassakaair_new/public/images/uploads/about/crew/crew01.jpg" style="margin-bottom:7px; margin-top:7px" /> <img alt="" class="col-lg-6 col-sm-6 col-xs-12" src="/bassakaair_new/public/images/uploads/about/crew/crew-cabin02.jpg" style="margin-bottom:7px; margin-top:7px" /></td>\r\n		</tr>\r\n		<tr>\r\n			<td><img alt="" class="col-lg-6 col-sm-6 col-xs-12" src="/bassakaair_new/public/images/uploads/about/crew/crew02.jpg" style="margin-bottom:7px; margin-top:7px" /> <img alt="" class="col-lg-6 col-sm-6 col-xs-12" src="/bassakaair_new/public/images/uploads/about/crew/crew04.jpg" style="margin-bottom:7px; margin-top:7px" /></td>\r\n		</tr>\r\n		<tr>\r\n			<td><img alt="" class="col-lg-6 col-sm-6 col-xs-12" src="/bassakaair_new/public/images/uploads/about/crew/crew05.jpg" style="margin-bottom:7px; margin-top:7px" /></td>\r\n		</tr>\r\n	</tbody>\r\n</table>\r\n</div>\r\n\r\n<div class="col-lg-12 col-sm-12 col-sx-12">\r\n<h4><strong>BASSAKA AIR FLEET</strong></h4>\r\n\r\n<p>Curently with 2 Airbus A320s<br />\r\n<strong>Tail Numbers:</strong> XU-112 / XU-113<br />\r\n<strong>Main Hub:</strong> Phnom Penh International Airport, Cambodia.</p>\r\n\r\n<table style="width:100%">\r\n	<tbody>\r\n		<tr>\r\n			<td style="text-align:center">\r\n			<div class="slideshowPlugin" contenteditable="false" data-animspeedid="500" data-autostartid="true" data-pictheightid="300" data-slideshowid="cke_hvg0blr1_slideShow" data-speedid="5" data-transitiontypeid="fade" id="cke_hvg0blr1_slideShow">\r\n			<div class="ad-gallery" contenteditable="false" id="ad-gallery_cke_hvg0blr1_slideShow">\r\n			<div class="ad-image-wrapper" contenteditable="false">&nbsp;</div>\r\n\r\n			<div class="ad-controls" contenteditable="false" style="visibility: hidden;">&nbsp;</div>\r\n\r\n			<div class="ad-nav" contenteditable="false" style="display: none;">\r\n			<div class="ad-thumbs" contenteditable="false">\r\n			<ul class="ad-thumb-list" contenteditable="false">\r\n				<li contenteditable="false"><a href="/bassakaair_new/public/images/uploads/about/aircraf/aircraft-1.jpg"><img alt="" contenteditable="false" src="/bassakaair_new/public/images/uploads/about/aircraf/aircraft-1.jpg" style="height:21px; width:50px" title="" /></a></li>\r\n				<li contenteditable="false"><a href="/bassakaair_new/public/images/uploads/about/aircraf/aircraf-2.jpg"><img alt="" contenteditable="false" src="/bassakaair_new/public/images/uploads/about/aircraf/aircraf-2.jpg" style="height:24px; width:50px" title="" /></a></li>\r\n				<li contenteditable="false"><a href="/bassakaair_new/public/images/uploads/about/aircraf/aircraft3.jpg"><img alt="" contenteditable="false" src="/bassakaair_new/public/images/uploads/about/aircraf/aircraft3.jpg" style="height:27px; width:50px" title="" /></a></li>\r\n			</ul>\r\n			</div>\r\n			</div>\r\n			</div>\r\n			<script src="/bassakaair_new/public/assets/backend/ckeditor/plugins/slideshow/3rdParty/jquery.min.js" type="text/javascript"></script><script src="/bassakaair_new/public/assets/backend/ckeditor/plugins/slideshow/3rdParty/ad-gallery/jquery.ad-gallery.min.js" type="text/javascript"></script><script type="text/javascript">(function($) {$(function() {$("#ad-gallery_cke_hvg0blr1_slideShow").on("click",".ad-image",function(){var imgObj =$(this).find("img");var isrc=imgObj.attr("src");var ititle=null;var idesc=null;var iname=isrc.split(''/'');iname=iname[iname.length-1];var imgdescid=$(this).find(".ad-image-description");if(imgdescid){ititle=$(this).find(".ad-description-title");if(ititle)ititle=ititle.text();idesc=$(this).find("span");if(idesc)idesc=idesc.text();if(idesc!=''''){var url=window.location.href.trim();if (idesc.indexOf(''IMAGE_LINK_TAB:'') >= 0) {	idesc = idesc.substring(15).trim(); if (url != idesc) window.open(idesc,''_blank'');} else if (idesc.indexOf(''IMAGE_LINK_PAR:'') >= 0) {	idesc = idesc.substring(15).trim(); if (url != idesc) window.open(idesc,''_self'');}}}});});})(jQuery);</script><script type="text/javascript">(function($) { $(''head'').append(''<link rel="stylesheet" href="/bassakaair_new/public/assets/backend/ckeditor/plugins/slideshow/3rdParty/ad-gallery/jquery.ad-gallery.css" type="text/css" />''); })(jQuery);</script><script type="text/javascript">(function($) {$(function() {   var galleries = $(''#ad-gallery_cke_hvg0blr1_slideShow'').adGallery({loader_image: ''/bassakaair_new/public/assets/backend/ckeditor/plugins/slideshow/3rdParty/ad-gallery/loader.gif'', width:false, height:300, start_at_index: 0, animation_speed: 500,  hooks: { displayDescription: function(image) {}}, update_window_hash: false, effect: ''fade'', slideshow: { enable: true, autostart: true, start_label: ''Start'', stop_label: ''Stop'', speed: 5000}});});})(jQuery);</script></div>\r\n			</td>\r\n		</tr>\r\n		<tr>\r\n			<td>&nbsp;</td>\r\n		</tr>\r\n	</tbody>\r\n</table>\r\n</div>\r\n', '', ''),
(104, 63, 4, '<div class="col-lg-4 col-sm-6"><img class="col-lg-12 col-sm-12 col-xs-12" src="http://bassakaair.com/bassakaair_new/public/images/uploads/about/bassaka_office.jpg" style="overflow:hidden; padding:0px" /></div>\r\n\r\n<div class="col-lg-8 col-sm-6 col-sx-12">\r\n<p><img src="http://bassakaair.com/bassakaair_new/public/images/uploads/logo.png" /></p>\r\n\r\n<h3><strong>BASSAKA AIR LIMITED</strong></h3>\r\n\r\n<p>&nbsp;</p>\r\n\r\n<p><span style="font-size:14px">IATA Designer Code: 5B<br />\r\nICAO Code: BSX<br />\r\nCallsign: Bassaka<br />\r\n<br />\r\nHead Quarter:<br />\r\n335 Preah Sihanauk Boulevard, Phnom Penh, Cambodia </span></p>\r\n</div>\r\n\r\n<div class="col-lg-12 col-sm-12">\r\n<h4><strong>MILESTONE</strong></h4>\r\n\r\n<p><span style="font-size:14px"><strong>- 27 March 2014</strong></span></p>\r\n\r\n<p><span style="font-size:14px">Letter of intent submitted to state secretariat of Civil Aviation (Cambodia Civil Aviation)</span></p>\r\n\r\n<p><span style="font-size:14px"><strong>- 03 Octorber 2014</strong></span></p>\r\n\r\n<p><span style="font-size:14px">Proving Flight PNH-REP-PNH</span></p>\r\n\r\n<p><span style="font-size:14px"><strong>- 06 Oct 2014</strong></span></p>\r\n\r\n<p><span style="font-size:14px">Awarding of Air Operator Certificate</span></p>\r\n</div>\r\n\r\n<div class="col-lg-12 col-sm-12 col-sx-12">\r\n<h4><strong>PROVING FLIGHT</strong></h4>\r\n\r\n<p><span style="font-size:14px">- Date: 03 October 2014<br />\r\n- Flight from Phnom Penh International Airport to Siem Reap International Airport, Cambodia.<br />\r\n- Duration: 30 Minutes<br />\r\n- This Flight is to complete SSCA&#39;s requirement to highlight Bassaka Air&#39;s capability to conduct, safe operations, including flight planning and crew procedures. </span></p>\r\n</div>\r\n\r\n<div class="col-lg-12 col-sm-12 col-sx-12">\r\n<h4><strong>AIR OPERATOR CERTIFICATE</strong></h4>\r\n\r\n<p>&nbsp;</p>\r\n\r\n<p>Air operator Certificate was officially awarded to Bassaka Air on the 6th of October 2014.</p>\r\n<br />\r\n<img alt="AIR OPERATOR CERTIFICATE" class="col-lg-7 col-sm-7 col-xs-12" src="http://bassakaair.com/bassakaair_new/public/images/uploads/about/air-operation.jpg" style="padding:0px" />\r\n<p>&nbsp;</p>\r\n</div>\r\n\r\n<div class="col-lg-12 col-md-12 col-sm-12 col-xs-12">\r\n<h4><strong>BASSAKA AIR TEAM</strong></h4>\r\n\r\n<p>Currently has 138 staffs</p>\r\n\r\n<table style="width:100%">\r\n	<tbody>\r\n		<tr>\r\n			<td>\r\n			<p><strong>Pilot:</strong> Quality and experienced.</p>\r\n			<img alt="" class="col-lg-6 col-md-6 col-sm-6 col-xs-12" src="/bassakaair_new/public/images/uploads/about/crew/crew-pilot-1.jpg" style="padding:0px" /></td>\r\n		</tr>\r\n		<tr>\r\n			<td>\r\n			<p><strong>Engineers:</strong> Experienced Engineers for different types of Aircraft</p>\r\n			<img alt="" class="col-lg-6 col-sm-6 col-xs-12" src="/bassakaair_new/public/images/uploads/about/crew/crew03.jpg" style="padding:0px" /></td>\r\n		</tr>\r\n		<tr>\r\n			<td>\r\n			<p><strong>Cabin Crew:</strong> Trained and Experienced.</p>\r\n			<img alt="" class="col-lg-6 col-sm-6 col-xs-12" src="/bassakaair_new/public/images/uploads/about/crew/crew01.jpg" style="margin-bottom:7px; margin-top:7px" /> <img alt="" class="col-lg-6 col-sm-6 col-xs-12" src="/bassakaair_new/public/images/uploads/about/crew/crew-cabin02.jpg" style="margin-bottom:7px; margin-top:7px" /></td>\r\n		</tr>\r\n		<tr>\r\n			<td><img alt="" class="col-lg-6 col-sm-6 col-xs-12" src="/bassakaair_new/public/images/uploads/about/crew/crew02.jpg" style="margin-bottom:7px; margin-top:7px" /> <img alt="" class="col-lg-6 col-sm-6 col-xs-12" src="/bassakaair_new/public/images/uploads/about/crew/crew04.jpg" style="margin-bottom:7px; margin-top:7px" /></td>\r\n		</tr>\r\n		<tr>\r\n			<td><img alt="" class="col-lg-6 col-sm-6 col-xs-12" src="/bassakaair_new/public/images/uploads/about/crew/crew05.jpg" style="margin-bottom:7px; margin-top:7px" /></td>\r\n		</tr>\r\n	</tbody>\r\n</table>\r\n</div>\r\n\r\n<div class="col-lg-12 col-sm-12 col-sx-12">\r\n<h4><strong>BASSAKA AIR FLEET</strong></h4>\r\n\r\n<p>Curently with 2 Airbus A320s<br />\r\n<strong>Tail Numbers:</strong> XU-112 / XU-113<br />\r\n<strong>Main Hub:</strong> Phnom Penh International Airport, Cambodia.</p>\r\n\r\n<table style="width:100%">\r\n	<tbody>\r\n		<tr>\r\n			<td style="text-align:center">\r\n			<div class="slideshowPlugin" contenteditable="false" data-animspeedid="500" data-autostartid="true" data-pictheightid="300" data-slideshowid="cke_hvg0blr1_slideShow" data-speedid="5" data-transitiontypeid="fade" id="cke_hvg0blr1_slideShow">\r\n			<div class="ad-gallery" contenteditable="false" id="ad-gallery_cke_hvg0blr1_slideShow">\r\n			<div class="ad-image-wrapper" contenteditable="false">&nbsp;</div>\r\n\r\n			<div class="ad-controls" contenteditable="false" style="visibility: hidden;">&nbsp;</div>\r\n\r\n			<div class="ad-nav" contenteditable="false" style="display: none;">\r\n			<div class="ad-thumbs" contenteditable="false">\r\n			<ul class="ad-thumb-list" contenteditable="false">\r\n				<li contenteditable="false"><a href="/bassakaair_new/public/images/uploads/about/aircraf/aircraft-1.jpg"><img alt="" contenteditable="false" src="/bassakaair_new/public/images/uploads/about/aircraf/aircraft-1.jpg" style="height:21px; width:50px" title="" /></a></li>\r\n				<li contenteditable="false"><a href="/bassakaair_new/public/images/uploads/about/aircraf/aircraf-2.jpg"><img alt="" contenteditable="false" src="/bassakaair_new/public/images/uploads/about/aircraf/aircraf-2.jpg" style="height:24px; width:50px" title="" /></a></li>\r\n				<li contenteditable="false"><a href="/bassakaair_new/public/images/uploads/about/aircraf/aircraft3.jpg"><img alt="" contenteditable="false" src="/bassakaair_new/public/images/uploads/about/aircraf/aircraft3.jpg" style="height:27px; width:50px" title="" /></a></li>\r\n			</ul>\r\n			</div>\r\n			</div>\r\n			</div>\r\n			<script src="/bassakaair_new/public/assets/backend/ckeditor/plugins/slideshow/3rdParty/jquery.min.js" type="text/javascript"></script><script src="/bassakaair_new/public/assets/backend/ckeditor/plugins/slideshow/3rdParty/ad-gallery/jquery.ad-gallery.min.js" type="text/javascript"></script><script type="text/javascript">(function($) {$(function() {$("#ad-gallery_cke_hvg0blr1_slideShow").on("click",".ad-image",function(){var imgObj =$(this).find("img");var isrc=imgObj.attr("src");var ititle=null;var idesc=null;var iname=isrc.split(''/'');iname=iname[iname.length-1];var imgdescid=$(this).find(".ad-image-description");if(imgdescid){ititle=$(this).find(".ad-description-title");if(ititle)ititle=ititle.text();idesc=$(this).find("span");if(idesc)idesc=idesc.text();if(idesc!=''''){var url=window.location.href.trim();if (idesc.indexOf(''IMAGE_LINK_TAB:'') >= 0) {	idesc = idesc.substring(15).trim(); if (url != idesc) window.open(idesc,''_blank'');} else if (idesc.indexOf(''IMAGE_LINK_PAR:'') >= 0) {	idesc = idesc.substring(15).trim(); if (url != idesc) window.open(idesc,''_self'');}}}});});})(jQuery);</script><script type="text/javascript">(function($) { $(''head'').append(''<link rel="stylesheet" href="/bassakaair_new/public/assets/backend/ckeditor/plugins/slideshow/3rdParty/ad-gallery/jquery.ad-gallery.css" type="text/css" />''); })(jQuery);</script><script type="text/javascript">(function($) {$(function() {   var galleries = $(''#ad-gallery_cke_hvg0blr1_slideShow'').adGallery({loader_image: ''/bassakaair_new/public/assets/backend/ckeditor/plugins/slideshow/3rdParty/ad-gallery/loader.gif'', width:false, height:300, start_at_index: 0, animation_speed: 500,  hooks: { displayDescription: function(image) {}}, update_window_hash: false, effect: ''fade'', slideshow: { enable: true, autostart: true, start_label: ''Start'', stop_label: ''Stop'', speed: 5000}});});})(jQuery);</script></div>\r\n			</td>\r\n		</tr>\r\n		<tr>\r\n			<td>&nbsp;</td>\r\n		</tr>\r\n	</tbody>\r\n</table>\r\n</div>\r\n', '', ''),
(105, 64, 1, '<p style="text-align:center">&nbsp;</p>\r\n\r\n<p style="text-align:center">&nbsp;</p>\r\n\r\n<p style="text-align:center"><span style="font-size:22px">Ongoing enhancement, please bear with us.</span></p>\r\n\r\n<p style="text-align:center">&nbsp;</p>\r\n\r\n<p style="text-align:center">&nbsp;</p>\r\n', 'Manage Booking', 'Manage Booking'),
(106, 64, 2, '<p style="text-align:center">&nbsp;</p>\r\n\r\n<p style="text-align:center">&nbsp;</p>\r\n\r\n<p style="text-align:center"><span style="font-size:22px">Ongoing enhancement, please bear with us.</span></p>\r\n\r\n<p style="text-align:center">&nbsp;</p>\r\n\r\n<p style="text-align:center">&nbsp;</p>\r\n', 'Manage Booking', 'Manage Booking'),
(107, 64, 3, '<p style="text-align:center">&nbsp;</p>\r\n\r\n<p style="text-align:center">&nbsp;</p>\r\n\r\n<p style="text-align:center"></p>\r\n\r\n<p style="text-align:center">&nbsp;</p>\r\n\r\n<p style="text-align:center">&nbsp;</p>\r\n', '', ''),
(108, 64, 4, '<p style="text-align:center">&nbsp;</p>\r\n\r\n<p style="text-align:center">&nbsp;</p>\r\n\r\n<p style="text-align:center"><span style="font-size:22px"></span></p>\r\n\r\n<p style="text-align:center">&nbsp;</p>\r\n\r\n<p style="text-align:center">&nbsp;</p>\r\n', '', ''),
(109, 65, 1, '<div>\r\n<div>\r\n<div>\r\n<h2 style="text-align:center"><ins><strong></strong></ins></h2>\r\n</div>\r\n\r\n<p style="text-align:justify"><span style="font-size:14px">  www.bassakaair.com<br />\r\n http://bassakair.com/      ()      / </span></p>\r\n</div>\r\n</div>\r\n', '', ''),
(110, 65, 2, '<div>\r\n<div>\r\n<div>\r\n<p style="text-align:center"><u><span style="font-size:24px">Dear Valued Customer.</span></u></p>\r\n</div>\r\n\r\n<p><big><span style="font-family:tahoma,geneva,sans-serif"><small><tt><span style="font-size:14px">Please find our official website at www.bassakaair.com<br />\r\nhttp://bassakair.com/ is NOT the official web page of Bassaka Air Limited which may contain the information or advertisements/promotions which does not represent Bassaka Air Limited, including its affiliate or parent company(ies). Bassaka Air Limited is not liable for the correctness, accuracy and entirety of this web page. Online booking via this website, including cancellation and/or query, is in no event under responsibility of Bassaka Air Limited.</span></tt></small></span></big></p>\r\n</div>\r\n</div>\r\n', '', ''),
(111, 65, 3, '<div>\r\n<div>\r\n<div>\r\n<h2 style="text-align:center"><strong><ins></ins></strong></h2>\r\n</div>\r\n\r\n<p>www.bassakaair.com<br />\r\nhttp://bassakair.com/BassakaBassakaIES/ Bassaka/Bassaka</p>\r\n</div>\r\n</div>\r\n', '', ''),
(112, 65, 4, '<div>\r\n<div>\r\n<div>\r\n<p style="text-align:center"><u><span style="font-size:24px"></span></u></p>\r\n</div>\r\n\r\n<p>www.bassakaair.com<br />\r\nhttp://bassakair.com/BassakaBassakaIES/ Bassaka/Bassaka</p>\r\n</div>\r\n</div>\r\n', '', ''),
(113, 66, 1, '<div class="col-sm-6"><img class="img-responsive" src="/bassakaair_new/public/images/uploads/our_valudes/__thumbs/crew.jpg/crew__600x344.jpg" /></div>\r\n\r\n<div class="col-sm-6">\r\n<p style="margin-left:40px"><span style="color:#FF0000">C</span>aring<br />\r\n<span style="color:#FF0000">A</span>pproachable<br />\r\n<span style="color:#FF0000">M</span>otivated<br />\r\n<span style="color:#FF0000">B</span>old<br />\r\n<span style="color:#FF0000">O</span>riginal<br />\r\n<span style="color:#FF0000">D</span>isciplined<br />\r\n<span style="color:#FF0000">I</span>nspirational<br />\r\n<span style="color:#FF0000">A</span>ccomplished</p>\r\n</div>\r\n', '', 'Our Values, Bassaka Values'),
(114, 66, 2, '<div class="col-sm-6"><img class="img-responsive" src="/bassakaair_new/public/images/uploads/our_valudes/crew.jpg" /></div>\r\n\r\n<div class="col-sm-6">\r\n<p style="margin-left:40px"><span style="color:#FF0000">C</span>aring<br />\r\n<span style="color:#FF0000">A</span>pproachable<br />\r\n<span style="color:#FF0000">M</span>otivated<br />\r\n<span style="color:#FF0000">B</span>old<br />\r\n<span style="color:#FF0000">O</span>riginal<br />\r\n<span style="color:#FF0000">D</span>isciplined<br />\r\n<span style="color:#FF0000">I</span>nspirational<br />\r\n<span style="color:#FF0000">A</span>ccomplished</p>\r\n</div>\r\n', '', 'Our Values, Bassaka Values'),
(115, 66, 3, '<div class="col-sm-6"><img class="img-responsive" src="/bassakaair_new/public/images/uploads/our_valudes/crew.jpg" /></div>\r\n\r\n<div class="col-sm-6">\r\n<p style="margin-left:40px"><span style="color:#FF0000">C</span>aring<br />\r\n<span style="color:#FF0000">A</span>pproachable<br />\r\n<span style="color:#FF0000">M</span>otivated<br />\r\n<span style="color:#FF0000">B</span>old<br />\r\n<span style="color:#FF0000">O</span>riginal<br />\r\n<span style="color:#FF0000">D</span>isciplined<br />\r\n<span style="color:#FF0000">I</span>nspirational<br />\r\n<span style="color:#FF0000">A</span>ccomplished</p>\r\n</div>\r\n', '', 'Our Values, Bassaka Values'),
(116, 66, 4, '<div class="col-sm-6"><img class="img-responsive" src="/bassakaair_new/public/images/uploads/our_valudes/crew.jpg" /></div>\r\n\r\n<div class="col-sm-6">\r\n<p style="margin-left:40px"><span style="color:#FF0000">C</span>aring<br />\r\n<span style="color:#FF0000">A</span>pproachable<br />\r\n<span style="color:#FF0000">M</span>otivated<br />\r\n<span style="color:#FF0000">B</span>old<br />\r\n<span style="color:#FF0000">O</span>riginal<br />\r\n<span style="color:#FF0000">D</span>isciplined<br />\r\n<span style="color:#FF0000">I</span>nspirational<br />\r\n<span style="color:#FF0000">A</span>ccomplished</p>\r\n</div>\r\n', '', 'Our Values, Bassaka Values'),
(117, 67, 1, '', '', ''),
(118, 67, 2, '', '', ''),
(119, 67, 3, '', '', ''),
(120, 67, 4, '', '', '');

-- --------------------------------------------------------

--
-- Table structure for table `tbl_event`
--

CREATE TABLE IF NOT EXISTS `tbl_event` (
  `id` int(11) NOT NULL AUTO_INCREMENT,
  `parent_id` tinyint(11) DEFAULT '0',
  `image` varchar(120) COLLATE utf8_unicode_ci DEFAULT NULL,
  `attach_file` varchar(120) COLLATE utf8_unicode_ci DEFAULT NULL,
  `event_category_id` int(11) NOT NULL,
  `modified_by` int(5) NOT NULL,
  `event_start` datetime DEFAULT NULL,
  `event_end` datetime DEFAULT NULL,
  `publish_date` datetime DEFAULT NULL,
  `is_active` tinyint(1) DEFAULT NULL,
  `is_event` tinyint(1) DEFAULT '0',
  `is_server` tinyint(1) DEFAULT '0' COMMENT 'if is server 1 means download file from grand-optics.com',
  `order_level` int(3) DEFAULT '0',
  `created_at` datetime DEFAULT NULL,
  `updated_at` datetime DEFAULT NULL,
  PRIMARY KEY (`id`)
) ENGINE=InnoDB  DEFAULT CHARSET=utf8 COLLATE=utf8_unicode_ci AUTO_INCREMENT=44 ;

--
-- Dumping data for table `tbl_event`
--

INSERT INTO `tbl_event` (`id`, `parent_id`, `image`, `attach_file`, `event_category_id`, `modified_by`, `event_start`, `event_end`, `publish_date`, `is_active`, `is_event`, `is_server`, `order_level`, `created_at`, `updated_at`) VALUES
(7, 0, '23-Sep-2016/201606251_4256.jpg', NULL, 1, 1, '2016-06-25 00:00:00', '2016-06-25 00:00:00', '2016-10-21 00:00:00', 1, 0, 1, 1, '2016-10-21 23:15:43', '2016-10-21 23:15:43'),
(8, 0, NULL, NULL, 1, 1, '2016-08-26 00:00:00', '2016-08-25 00:00:00', '2016-09-23 00:00:00', 1, 1, 1, 2, '2016-09-23 11:42:20', '2016-09-23 11:42:20'),
(9, 0, '31-Aug-2016/TBCC wz CDC_2503.jpg', NULL, 2, 1, '2016-08-24 00:00:00', '2016-08-24 00:00:00', '2016-09-23 00:00:00', 1, 1, 0, 1, '2016-09-23 22:02:40', '2016-09-23 22:02:40'),
(10, 0, '31-Aug-2016/TBCC wz CDC_8081.jpg', NULL, 2, 1, '2016-08-24 00:00:00', '2016-08-24 00:00:00', '2016-08-31 00:00:00', 1, 1, 0, 2, '2016-08-31 22:19:47', '2016-08-31 22:19:47'),
(12, 0, '31-Aug-2016/10599285_726444620763862_3883455180666804946_n.jpg', NULL, 2, 1, '2016-08-24 00:00:00', '2016-08-24 00:00:00', '2016-08-31 00:00:00', 1, 1, 0, 3, '2016-08-31 22:22:18', '2016-08-31 22:22:18'),
(13, 0, '31-Aug-2016/Cafe''AmazonFranchise_2351.jpg', NULL, 2, 1, '2016-08-24 00:00:00', '2016-08-24 00:00:00', '2016-09-23 00:00:00', 1, 1, 0, 4, '2016-09-23 14:09:17', '2016-09-23 14:09:17'),
(14, 0, '31-Aug-2016/TBCC &The Boss_905.jpg', NULL, 2, 1, '2016-08-24 00:00:00', '2016-08-24 00:00:00', '2016-09-23 00:00:00', 1, 1, 0, 7, '2016-09-23 13:27:33', '2016-09-23 13:27:33'),
(15, 0, '26-Aug-2016/Seminar Program Eng3.jpg', NULL, 2, 1, '2014-09-02 00:00:00', '2014-09-02 00:00:00', '2016-09-28 00:00:00', 1, 1, 1, 5, '2016-09-28 14:35:37', '2016-09-28 14:35:37'),
(16, 0, '31-Aug-2016/10365777_726446067430384_2570778826369108490_n.jpg', NULL, 2, 1, '2016-08-26 00:00:00', '2016-08-26 00:00:00', '2016-08-31 00:00:00', 1, 1, 0, 6, '2016-08-31 22:21:41', '2016-08-31 22:21:41'),
(17, 13, '23-Sep-2016/Cafe''AmazonFranchise_2842.jpg', NULL, 2, 1, '2016-08-04 00:00:00', '2016-08-04 00:00:00', '2016-10-21 00:00:00', 1, 1, 1, 0, '2016-10-21 23:35:40', '2016-10-21 23:35:40'),
(18, 13, '23-Sep-2016/Fullmoon Party_2339.jpg', NULL, 2, 1, '2016-07-29 00:00:00', '2016-07-29 00:00:00', '2016-09-23 00:00:00', 1, 1, 1, 0, '2016-09-23 23:22:00', '2016-09-23 23:22:00'),
(19, 14, '23-Sep-2016/TBCC &The Boss_453.jpg', NULL, 2, 1, '2015-09-18 00:00:00', '2015-09-18 00:00:00', '2016-09-23 00:00:00', 1, 1, 1, 0, '2016-09-23 23:24:24', '2016-09-23 23:24:24'),
(20, 14, '23-Sep-2016/201606251_2165.jpg', NULL, 2, 1, '2016-06-25 00:00:00', '2016-06-25 00:00:00', '2016-09-23 00:00:00', 1, 1, 1, 0, '2016-09-23 23:31:38', '2016-09-23 23:31:38'),
(21, 14, '23-Sep-2016/EDP-TLCA_3081.jpg', NULL, 2, 1, '2016-05-03 00:00:00', '2016-05-03 00:00:00', '2016-09-23 00:00:00', 1, 1, 1, 0, '2016-09-23 23:48:48', '2016-09-23 23:48:48'),
(22, 14, '23-Sep-2016/20150521_1916.jpg', NULL, 2, 1, '2015-05-21 00:00:00', '2015-05-21 00:00:00', '2016-09-23 00:00:00', 1, 1, 1, 0, '2016-09-23 23:41:22', '2016-09-23 23:41:22'),
(23, 14, '23-Sep-2016/pic.jpg', NULL, 2, 1, '2015-07-07 00:00:00', '2015-07-07 00:00:00', '2016-09-24 00:00:00', 1, 1, 1, 0, '2016-09-24 09:30:36', '2016-09-24 09:30:36'),
(24, 14, '23-Sep-2016/EDP-TLCA_1874.jpg', NULL, 2, 1, '2016-05-25 00:00:00', '2016-05-25 00:00:00', '2016-09-23 00:00:00', 1, 1, 1, 0, '2016-09-23 23:45:26', '2016-09-23 23:45:26'),
(25, 14, '23-Sep-2016/TBCC - SCB first_6989.jpg', NULL, 2, 1, '2015-06-26 00:00:00', '2015-06-26 00:00:00', '2016-09-23 00:00:00', 1, 1, 1, 0, '2016-09-23 23:47:57', '2016-09-23 23:47:57'),
(26, 9, '23-Sep-2016/12240354_929743523767303_2737843415686007269_o.jpg', NULL, 2, 1, '2015-11-18 00:00:00', '2016-09-30 00:00:00', '2016-09-23 00:00:00', 1, 1, 1, 0, '2016-09-23 22:52:44', '2016-09-23 22:52:44'),
(27, 9, '23-Sep-2016/3.jpg', NULL, 2, 1, '2014-05-21 00:00:00', '2014-05-21 00:00:00', '2016-09-23 00:00:00', 1, 1, 1, 0, '2016-09-23 22:44:38', '2016-09-23 22:44:38'),
(28, 9, '23-Sep-2016/10599285_726444620763862_3883455180666804946_n.jpg', NULL, 2, 1, '2014-10-28 00:00:00', '2014-10-28 00:00:00', '2016-09-23 00:00:00', 1, 1, 1, 0, '2016-09-23 23:16:38', '2016-09-23 23:16:38'),
(29, 9, '23-Sep-2016/10421465_835499623191694_380221918908720514_n.jpg', NULL, 2, 1, '2015-05-19 00:00:00', '2015-05-19 00:00:00', '2016-09-23 00:00:00', 1, 1, 1, 0, '2016-09-23 22:49:52', '2016-09-23 22:49:52'),
(30, 9, '23-Sep-2016/Meetin with MOC _380.jpg', NULL, 2, 1, '2016-07-07 00:00:00', '2016-07-07 00:00:00', '2016-09-23 00:00:00', 1, 1, 1, 0, '2016-09-23 22:59:17', '2016-09-23 22:59:17'),
(31, 9, '23-Sep-2016/TBCC wz GDT_787.jpg', NULL, 2, 1, '2016-07-28 00:00:00', '2016-07-28 00:00:00', '2016-09-23 00:00:00', 1, 1, 1, 0, '2016-09-23 23:02:18', '2016-09-23 23:02:18'),
(32, 9, '23-Sep-2016/TBCC wz CDC_1529.jpg', NULL, 2, 1, '2016-07-26 00:00:00', '2016-07-26 00:00:00', '2016-09-23 00:00:00', 1, 1, 1, 0, '2016-09-23 23:02:47', '2016-09-23 23:02:47'),
(33, 10, '26-Sep-2016/TBCC bowling 2015_1743.jpg', NULL, 2, 1, '2016-09-26 00:00:00', '2016-09-26 00:00:00', '2016-09-26 00:00:00', 1, 1, 1, 0, '2016-09-26 08:45:02', '2016-09-26 08:45:02'),
(34, 10, '26-Sep-2016/TBCC bowling 2015_3236.jpg', '26-Sep-2016/', 2, 1, '2016-09-26 00:00:00', '2016-09-26 00:00:00', '2016-09-26 00:00:00', 1, 1, 1, 0, '2016-09-26 09:41:43', '2016-09-26 09:41:43'),
(35, 10, '26-Sep-2016/Bowling charity Yo_421.jpg', '26-Sep-2016/', 2, 1, '2016-09-26 00:00:00', '2016-09-26 00:00:00', '2016-09-26 00:00:00', 1, 1, 1, 0, '2016-09-26 10:09:17', '2016-09-26 10:09:17'),
(36, 10, '26-Sep-2016/Bowling charity Yo_7664.jpg', '26-Sep-2016/', 2, 1, '2016-09-26 00:00:00', '2016-09-26 00:00:00', '2016-09-26 00:00:00', 1, 1, 1, 0, '2016-09-26 08:59:38', '2016-09-26 08:59:38'),
(37, 16, '26-Sep-2016/TBCC at Billabong_77.jpg', '26-Sep-2016/', 2, 1, '2016-01-28 00:00:00', '2016-01-28 00:00:00', '2016-09-26 00:00:00', 1, 1, 1, 0, '2016-09-26 11:32:49', '2016-09-26 11:32:49'),
(38, 16, '26-Sep-2016/Parranda1.jpg', '26-Sep-2016/', 2, 1, '2015-07-25 00:00:00', '2015-07-25 00:00:00', '2016-09-26 00:00:00', 1, 1, 1, 0, '2016-09-26 11:27:11', '2016-09-26 11:27:11'),
(39, 16, '26-Sep-2016/TBCC at Billabong_102.jpg', '26-Sep-2016/', 2, 1, '2016-09-26 00:00:00', '2016-09-26 00:00:00', '2016-09-26 00:00:00', 1, 1, 1, 0, '2016-09-26 11:31:59', '2016-09-26 11:31:59'),
(40, 16, '26-Sep-2016/TBCC party June 2016_1632.jpg', '26-Sep-2016/', 2, 1, '2016-06-30 00:00:00', '2016-06-30 00:00:00', '2016-09-26 00:00:00', 1, 1, 1, 0, '2016-09-26 11:38:26', '2016-09-26 11:38:26'),
(41, 16, '26-Sep-2016/TBCC party Apr''16_627.jpg', '26-Sep-2016/', 2, 1, '2016-04-26 00:00:00', '2016-04-26 00:00:00', '2016-09-26 00:00:00', 1, 1, 1, 0, '2016-09-26 11:41:58', '2016-09-26 11:41:58'),
(42, 16, '26-Sep-2016/TBCC Party May''16_7.jpg', '26-Sep-2016/', 2, 1, '2016-05-26 00:00:00', '2016-05-26 00:00:00', '2016-09-26 00:00:00', 1, 1, 1, 0, '2016-09-26 11:45:01', '2016-09-26 11:45:01'),
(43, 16, '27-Oct-2016/TBCCTaxSeminar2016_705.jpg', '26-Sep-2016/', 2, 1, '2015-08-26 00:00:00', '2015-08-26 00:00:00', '2016-10-27 00:00:00', 1, 1, 0, 0, '2016-10-27 09:03:21', '2016-10-27 09:03:21');

-- --------------------------------------------------------

--
-- Table structure for table `tbl_event_category`
--

CREATE TABLE IF NOT EXISTS `tbl_event_category` (
  `id` int(10) NOT NULL AUTO_INCREMENT,
  `name` varchar(50) COLLATE utf8_unicode_ci DEFAULT NULL,
  `modified_by` int(11) NOT NULL,
  `created_at` datetime DEFAULT NULL,
  `updated_at` datetime DEFAULT NULL,
  PRIMARY KEY (`id`)
) ENGINE=InnoDB  DEFAULT CHARSET=utf8 COLLATE=utf8_unicode_ci AUTO_INCREMENT=5 ;

--
-- Dumping data for table `tbl_event_category`
--

INSERT INTO `tbl_event_category` (`id`, `name`, `modified_by`, `created_at`, `updated_at`) VALUES
(1, 'News', 1, '2016-08-23 16:00:29', '2016-08-24 22:20:35'),
(2, 'Recent Events', 1, '2016-08-23 16:00:39', '2016-08-24 22:21:02'),
(3, 'Upcoming Event', 1, '2016-08-23 20:34:36', '2016-08-24 00:19:18'),
(4, 'Meeting Schedule', 1, '2016-08-23 23:07:14', '2016-08-23 23:07:14');

-- --------------------------------------------------------

--
-- Table structure for table `tbl_event_category_description`
--

CREATE TABLE IF NOT EXISTS `tbl_event_category_description` (
  `event_category_id` int(10) NOT NULL,
  `language_id` int(5) NOT NULL,
  `name` varchar(120) COLLATE utf8_unicode_ci DEFAULT NULL,
  `description` longtext COLLATE utf8_unicode_ci
) ENGINE=InnoDB DEFAULT CHARSET=utf8 COLLATE=utf8_unicode_ci;

--
-- Dumping data for table `tbl_event_category_description`
--

INSERT INTO `tbl_event_category_description` (`event_category_id`, `language_id`, `name`, `description`) VALUES
(1, 2, 'News', NULL),
(2, 2, 'Recent Event', NULL),
(3, 2, 'Upcoming Events', NULL),
(4, 2, 'Meeting Schedule', NULL);

-- --------------------------------------------------------

--
-- Table structure for table `tbl_event_data`
--

CREATE TABLE IF NOT EXISTS `tbl_event_data` (
  `parent_id` int(11) NOT NULL,
  `event_id` int(11) NOT NULL
) ENGINE=InnoDB DEFAULT CHARSET=utf8 COLLATE=utf8_unicode_ci;

--
-- Dumping data for table `tbl_event_data`
--

INSERT INTO `tbl_event_data` (`parent_id`, `event_id`) VALUES
(14, 19),
(14, 20),
(14, 21),
(14, 22),
(14, 23),
(14, 24),
(14, 25),
(13, 18),
(13, 17),
(9, 32),
(9, 31),
(9, 30),
(9, 29),
(9, 28),
(9, 27),
(9, 26);

-- --------------------------------------------------------

--
-- Table structure for table `tbl_event_description`
--

CREATE TABLE IF NOT EXISTS `tbl_event_description` (
  `event_id` int(11) NOT NULL AUTO_INCREMENT,
  `image` varchar(120) COLLATE utf8_unicode_ci DEFAULT NULL,
  `language_id` int(2) DEFAULT NULL,
  `name` varchar(150) COLLATE utf8_unicode_ci DEFAULT NULL,
  `description` longtext COLLATE utf8_unicode_ci,
  `meta_keyword` text COLLATE utf8_unicode_ci,
  `meta_description` text COLLATE utf8_unicode_ci,
  PRIMARY KEY (`event_id`)
) ENGINE=InnoDB  DEFAULT CHARSET=utf8 COLLATE=utf8_unicode_ci AUTO_INCREMENT=44 ;

--
-- Dumping data for table `tbl_event_description`
--

INSERT INTO `tbl_event_description` (`event_id`, `image`, `language_id`, `name`, `description`, `meta_keyword`, `meta_description`) VALUES
(7, NULL, 2, 'Business News by DITP Phnom Penh', '', '', ''),
(8, NULL, 2, 'Economic Report by DITP Phnom Penh', '', '', ''),
(9, NULL, 2, 'TBCC Academic Events', '', '', ''),
(10, NULL, 2, 'TBCC Fund Raising and Activities', '', '', ''),
(12, NULL, 2, 'TBCC Social Events', '', '', ''),
(13, NULL, 2, 'TBCC Members Events', '', '', ''),
(14, NULL, 2, 'Other Events', '', '', ''),
(15, NULL, 2, 'TBCC Seminar on Taxation Practice in Cambodia 2016', '', '', ''),
(16, NULL, 2, 'TBCC Monthly Meeting and Party', '', '', ''),
(17, NULL, 2, 'Cafe''s Amazon Franchise Ceremony', '', '', ''),
(18, NULL, 2, 'Full Moon Party by K.Irada on 29 July 2016', '', '', ''),
(19, NULL, 2, 'TBCC-The-Boss-Activities-and-MOU-Signing-18-September-2015', '', '', ''),
(20, NULL, 2, 'TBCC-visit-Thai-Cambodia-Training-Center-on-25-June-2016', '', '', ''),
(21, NULL, 2, 'TBCC Wecome Executive Development Program from Thai Listing Company Association', '', '', ''),
(22, NULL, 2, 'TBCC-Welcome-DBD-and-UTCC-Delegation-on-21-May-2015', '', '', ''),
(23, NULL, 2, 'TBCC Welcome KKU research Center Delegation 7 July 2015', '', '', ''),
(24, NULL, 2, 'TBCC Welcome Naresuan University 25 May 2016', '', '', ''),
(25, NULL, 2, 'TBCC Welcome SCB First 26 June 2015', '', '', ''),
(26, NULL, 2, 'TBCC Seminar on Updating for Doing Business in Cambodia 2016 on 18 Nov 2015', '', '', ''),
(27, NULL, 2, 'TBCC Seminar on Thailand and AEC on 21 May 2014', '', '', ''),
(28, NULL, 2, 'TBCC Seminar on Insight Service Tax and Retail Shop before AEC on 28 Oct 2014', '', '', ''),
(29, NULL, 2, 'TBCC Seminar on HR for Executive and Non-HR on 19 May 2015', '', '', ''),
(30, NULL, 2, 'TBCC meet with MOC on 7 July 2016', '', '', ''),
(31, NULL, 2, 'TBCC meet with GDT on 28 July 2016', '', '', ''),
(32, NULL, 2, 'TBCC meet with CDC in 26 July 2016', '', '', ''),
(33, NULL, 2, 'Bowling 2014', '', '', ''),
(34, NULL, 2, 'Bowling 2015', '', '', ''),
(35, NULL, 2, 'Bowling 2016', '', '', ''),
(36, NULL, 2, 'Golf 2014', '', '', ''),
(37, NULL, 2, 'TBCC Annual Meeting And Party  28 Jan 2016', '', '', ''),
(38, NULL, 2, 'TBCC Monthly Part at La Parranda July 2015', '', '', ''),
(39, NULL, 2, 'TBCC Monthly Party at Billabong March 2016', '', '', ''),
(40, NULL, 2, 'TBCC Monthly Party at Inthanon 30 June 2016', '', '', ''),
(41, NULL, 2, 'TBCC Monthly Party at La Parranda April 2016', '', '', ''),
(42, NULL, 2, 'TBCC Monthly Party at MAMA May 2016', '', '', ''),
(43, NULL, 2, 'TBCC Monthly Party at Moto Cafe Aug 2015', '', '', '');

-- --------------------------------------------------------

--
-- Table structure for table `tbl_event_file`
--

CREATE TABLE IF NOT EXISTS `tbl_event_file` (
  `event_id` int(11) NOT NULL,
  `name` varchar(120) COLLATE utf8_unicode_ci DEFAULT NULL,
  `attach_file` varchar(120) COLLATE utf8_unicode_ci DEFAULT NULL,
  `is_server` tinyint(1) DEFAULT '0' COMMENT 'if is server 1 means download file from grand-optics.com',
  `order_level` int(5) NOT NULL DEFAULT '0'
) ENGINE=InnoDB DEFAULT CHARSET=utf8 COLLATE=utf8_unicode_ci;

--
-- Dumping data for table `tbl_event_file`
--

INSERT INTO `tbl_event_file` (`event_id`, `name`, `attach_file`, `is_server`, `order_level`) VALUES
(7, 'test', '', 0, 1),
(17, 'test', '21-Oct-2016/Mr.VannPuthipol.KH.pdf', 0, 1);

-- --------------------------------------------------------

--
-- Table structure for table `tbl_event_image`
--

CREATE TABLE IF NOT EXISTS `tbl_event_image` (
  `event_id` int(11) NOT NULL,
  `image` varchar(255) COLLATE utf8_unicode_ci DEFAULT NULL,
  `name` varchar(120) COLLATE utf8_unicode_ci DEFAULT NULL,
  `is_server` tinyint(1) DEFAULT '0',
  `order_level` int(5) DEFAULT '0'
) ENGINE=InnoDB DEFAULT CHARSET=utf8 COLLATE=utf8_unicode_ci;

--
-- Dumping data for table `tbl_event_image`
--

INSERT INTO `tbl_event_image` (`event_id`, `image`, `name`, `is_server`, `order_level`) VALUES
(9, 'bowling2015/TBCC bowling 2015_1743.jpg', 'Bowling 2015', 1, 1),
(9, 'bowling2015/TBCC bowling 2015_2654.jpg', 'Bowling 2015', 1, 2),
(9, 'bowling2015/TBCC bowling 2015_3236.jpg', 'Bowling 2015', 1, 3),
(9, 'bowling2015/TBCC Bowling charity_922.jpg', 'Bowling 2015', 1, 4),
(18, 'TBCC-Member-Event/Full-Moon-Party-by-K-Irada-on-29-July-2016/Fullmoon Party_141.jpg', 'Fullmoon Party', 1, 0),
(18, 'TBCC-Member-Event/Full-Moon-Party-by-K-Irada-on-29-July-2016/Fullmoon Party_885.jpg', 'Fullmoon Party', 1, 0),
(18, 'TBCC-Member-Event/Full-Moon-Party-by-K-Irada-on-29-July-2016/Fullmoon Party_1001.jpg', 'Fullmoon Party', 1, 0),
(18, 'TBCC-Member-Event/Full-Moon-Party-by-K-Irada-on-29-July-2016/Fullmoon Party_1618.jpg', 'Fullmoon Party', 1, 0),
(18, 'TBCC-Member-Event/Full-Moon-Party-by-K-Irada-on-29-July-2016/Fullmoon Party_2029.jpg', 'Fullmoon Party', 1, 0),
(18, 'TBCC-Member-Event/Full-Moon-Party-by-K-Irada-on-29-July-2016/Fullmoon Party_2152.jpg', 'Fullmoon Party', 1, 0),
(18, 'TBCC-Member-Event/Full-Moon-Party-by-K-Irada-on-29-July-2016/Fullmoon Party_2339.jpg', 'Fullmoon Party', 1, 0),
(18, 'TBCC-Member-Event/Full-Moon-Party-by-K-Irada-on-29-July-2016/Fullmoon Party_2473.jpg', 'Fullmoon Party', 1, 0),
(18, 'TBCC-Member-Event/Full-Moon-Party-by-K-Irada-on-29-July-2016/Fullmoon Party_2542.jpg', 'Fullmoon Party', 1, 0),
(18, 'TBCC-Member-Event/Full-Moon-Party-by-K-Irada-on-29-July-2016/Fullmoon Party_2750.jpg', 'Fullmoon Party', 1, 0),
(18, 'TBCC-Member-Event/Full-Moon-Party-by-K-Irada-on-29-July-2016/Fullmoon Party_141.jpg', 'Fullmoon Party', 1, 0),
(18, 'TBCC-Member-Event/Full-Moon-Party-by-K-Irada-on-29-July-2016/Fullmoon Party_3442.jpg', 'Fullmoon Party', 1, 0),
(19, 'Other-Events/TBCC-The-Boss-Activities-and-MOU-Signing-18-September-2015/S__12279836.jpg', 'TBCC The Boss Activities and MOU Signing', 1, 0),
(19, 'Other-Events/TBCC-The-Boss-Activities-and-MOU-Signing-18-September-2015/S__12279837.jpg', 'TBCC The Boss Activities and MOU Signing', 1, 0),
(19, 'Other-Events/TBCC-The-Boss-Activities-and-MOU-Signing-18-September-2015/S__12279838.jpg', 'TBCC The Boss Activities and MOU Signing', 1, 0),
(19, 'Other-Events/TBCC-The-Boss-Activities-and-MOU-Signing-18-September-2015/S__12279839.jpg', 'TBCC The Boss Activities and MOU Signing', 1, 0),
(19, 'Other-Events/TBCC-The-Boss-Activities-and-MOU-Signing-18-September-2015/S__12279840.jpg', 'TBCC The Boss Activities and MOU Signing', 1, 0),
(19, 'Other-Events/TBCC-The-Boss-Activities-and-MOU-Signing-18-September-2015/S__12279841.jpg', 'TBCC The Boss Activities and MOU Signing', 1, 0),
(19, 'Other-Events/TBCC-The-Boss-Activities-and-MOU-Signing-18-September-2015/S__12279842.jpg', 'TBCC The Boss Activities and MOU Signing', 1, 0),
(19, 'Other-Events/TBCC-The-Boss-Activities-and-MOU-Signing-18-September-2015/S__12279843.jpg', 'TBCC The Boss Activities and MOU Signing', 1, 0),
(19, 'Other-Events/TBCC-The-Boss-Activities-and-MOU-Signing-18-September-2015/TBCC &The Boss_321.jpg', 'TBCC The Boss Activities and MOU Signing', 1, 0),
(19, 'Other-Events/TBCC-The-Boss-Activities-and-MOU-Signing-18-September-2015/TBCC &The Boss_453.jpg', 'TBCC The Boss Activities and MOU Signing', 1, 0),
(19, 'Other-Events/TBCC-The-Boss-Activities-and-MOU-Signing-18-September-2015/TBCC &The Boss_523.jpg', 'TBCC The Boss Activities and MOU Signing', 1, 0),
(19, 'Other-Events/TBCC-The-Boss-Activities-and-MOU-Signing-18-September-2015/TBCC &The Boss_608.jpg', 'TBCC The Boss Activities and MOU Signing', 1, 0),
(19, 'Other-Events/TBCC-The-Boss-Activities-and-MOU-Signing-18-September-2015/TBCC &The Boss_651.jpg', 'TBCC The Boss Activities and MOU Signing', 1, 0),
(19, 'Other-Events/TBCC-The-Boss-Activities-and-MOU-Signing-18-September-2015/TBCC &The Boss_853.jpg', 'TBCC The Boss Activities and MOU Signing', 1, 0),
(19, 'Other-Events/TBCC-The-Boss-Activities-and-MOU-Signing-18-September-2015/TBCC &The Boss_905.jpg', 'TBCC The Boss Activities and MOU Signing', 1, 0),
(19, 'Other-Events/TBCC-The-Boss-Activities-and-MOU-Signing-18-September-2015/TBCC &The Boss_1085.jpg', 'TBCC The Boss Activities and MOU Signing', 1, 0),
(19, 'Other-Events/TBCC-The-Boss-Activities-and-MOU-Signing-18-September-2015/TBCC &The Boss_1226.jpg', 'TBCC The Boss Activities and MOU Signing', 1, 0),
(19, 'Other-Events/TBCC-The-Boss-Activities-and-MOU-Signing-18-September-2015/TBCC &The Boss_1326.jpg', 'TBCC The Boss Activities and MOU Signing', 1, 0),
(19, 'Other-Events/TBCC-The-Boss-Activities-and-MOU-Signing-18-September-2015/TBCC &The Boss_1294.jpg', 'TBCC The Boss Activities and MOU Signing', 1, 0),
(19, 'Other-Events/TBCC-The-Boss-Activities-and-MOU-Signing-18-September-2015/TBCC &The Boss_1346.jpg', 'TBCC The Boss Activities and MOU Signing', 1, 0),
(20, 'Other-Events/TBCC-visit-Thai-Cambodia-Training-Center-on-25-June-2016/201606251_348.jpg', 'TBCC Visit Thai-Cambodia Training Center', 1, 0),
(20, 'Other-Events/TBCC-visit-Thai-Cambodia-Training-Center-on-25-June-2016/201606251_2165.jpg', 'TBCC Visit Thai-Cambodia Training Center', 1, 0),
(20, 'Other-Events/TBCC-visit-Thai-Cambodia-Training-Center-on-25-June-2016/201606251_2172.jpg', 'TBCC Visit Thai-Cambodia Training Center', 1, 0),
(20, 'Other-Events/TBCC-visit-Thai-Cambodia-Training-Center-on-25-June-2016/201606251_2251.jpg', 'TBCC Visit Thai-Cambodia Training Center', 1, 0),
(20, 'Other-Events/TBCC-visit-Thai-Cambodia-Training-Center-on-25-June-2016/201606251_2544.jpg', 'TBCC Visit Thai-Cambodia Training Center', 1, 0),
(20, 'Other-Events/TBCC-visit-Thai-Cambodia-Training-Center-on-25-June-2016/201606251_3008.jpg', 'TBCC Visit Thai-Cambodia Training Center', 1, 0),
(20, 'Other-Events/TBCC-visit-Thai-Cambodia-Training-Center-on-25-June-2016/201606251_3983.jpg', 'TBCC Visit Thai-Cambodia Training Center', 1, 0),
(20, 'Other-Events/TBCC-visit-Thai-Cambodia-Training-Center-on-25-June-2016/201606251_4256.jpg', 'TBCC Visit Thai-Cambodia Training Center', 1, 0),
(20, 'Other-Events/TBCC-visit-Thai-Cambodia-Training-Center-on-25-June-2016/201606251_4582.jpg', 'TBCC Visit Thai-Cambodia Training Center', 1, 0),
(20, 'Other-Events/TBCC-visit-Thai-Cambodia-Training-Center-on-25-June-2016/201606251_4941.jpg', 'TBCC Visit Thai-Cambodia Training Center', 1, 0),
(20, 'Other-Events/TBCC-visit-Thai-Cambodia-Training-Center-on-25-June-2016/201606251_5136.jpg', 'TBCC Visit Thai-Cambodia Training Center', 1, 0),
(20, 'Other-Events/TBCC-visit-Thai-Cambodia-Training-Center-on-25-June-2016/201606251_5334.jpg', 'TBCC Visit Thai-Cambodia Training Center', 1, 0),
(20, 'Other-Events/TBCC-visit-Thai-Cambodia-Training-Center-on-25-June-2016/201606251_5475.jpg', 'TBCC Visit Thai-Cambodia Training Center', 1, 0),
(20, 'Other-Events/TBCC-visit-Thai-Cambodia-Training-Center-on-25-June-2016/201606251_6421.jpg', 'TBCC Visit Thai-Cambodia Training Center', 1, 0),
(20, 'Other-Events/TBCC-visit-Thai-Cambodia-Training-Center-on-25-June-2016/201606251_348.jpg', 'TBCC Visit Thai-Cambodia Training Center', 1, 0),
(20, 'Other-Events/TBCC-visit-Thai-Cambodia-Training-Center-on-25-June-2016/201606251_6532.jpg', 'TBCC Visit Thai-Cambodia Training Center', 1, 0),
(20, 'Other-Events/TBCC-visit-Thai-Cambodia-Training-Center-on-25-June-2016/201606251_6922.jpg', 'TBCC Visit Thai-Cambodia Training Center', 1, 0),
(20, 'Other-Events/TBCC-visit-Thai-Cambodia-Training-Center-on-25-June-2016/201606251_7819.jpg', 'TBCC Visit Thai-Cambodia Training Center', 1, 0),
(20, 'Other-Events/TBCC-visit-Thai-Cambodia-Training-Center-on-25-June-2016/201606251_7957.jpg', 'TBCC Visit Thai-Cambodia Training Center', 1, 0),
(21, 'Other-Events/TBCC-Wecome-Executive-Development-Program-from-Thai-Listing-Company-Association-on-3-May-2016/EDP-TLCA_1232.jpg', 'TBCC Wecome Executive Development Program', 1, 0),
(21, 'Other-Events/TBCC-Wecome-Executive-Development-Program-from-Thai-Listing-Company-Association-on-3-May-2016/EDP-TLCA_1678.jpg', 'TBCC Wecome Executive Development Program', 1, 0),
(21, 'Other-Events/TBCC-Wecome-Executive-Development-Program-from-Thai-Listing-Company-Association-on-3-May-2016/EDP-TLCA_2164.jpg', 'TBCC Wecome Executive Development Program', 1, 0),
(21, 'Other-Events/TBCC-Wecome-Executive-Development-Program-from-Thai-Listing-Company-Association-on-3-May-2016/EDP-TLCA_3081.jpg', 'TBCC Wecome Executive Development Program', 1, 0),
(21, 'Other-Events/TBCC-Wecome-Executive-Development-Program-from-Thai-Listing-Company-Association-on-3-May-2016/EDP-TLCA_3177.jpg', 'TBCC Wecome Executive Development Program', 1, 0),
(21, 'Other-Events/TBCC-Wecome-Executive-Development-Program-from-Thai-Listing-Company-Association-on-3-May-2016/EDP-TLCA_4197.jpg', 'TBCC Wecome Executive Development Program', 1, 0),
(21, 'Other-Events/TBCC-Wecome-Executive-Development-Program-from-Thai-Listing-Company-Association-on-3-May-2016/EDP-TLCA_5195.jpg', 'TBCC Wecome Executive Development Program', 1, 0),
(21, 'Other-Events/TBCC-Wecome-Executive-Development-Program-from-Thai-Listing-Company-Association-on-3-May-2016/EDP-TLCA_6285.jpg', 'TBCC Wecome Executive Development Program', 1, 0),
(21, 'Other-Events/TBCC-Wecome-Executive-Development-Program-from-Thai-Listing-Company-Association-on-3-May-2016/EDP-TLCA_6542.jpg', 'TBCC Wecome Executive Development Program', 1, 0),
(21, 'Other-Events/TBCC-Wecome-Executive-Development-Program-from-Thai-Listing-Company-Association-on-3-May-2016/EDP-TLCA_6712.jpg', 'TBCC Wecome Executive Development Program', 1, 0),
(21, 'Other-Events/TBCC-Wecome-Executive-Development-Program-from-Thai-Listing-Company-Association-on-3-May-2016/EDP-TLCA_7237.jpg', 'TBCC Wecome Executive Development Program', 1, 0),
(21, 'Other-Events/TBCC-Wecome-Executive-Development-Program-from-Thai-Listing-Company-Association-on-3-May-2016/EDP-TLCA_7341.jpg', 'TBCC Wecome Executive Development Program', 1, 0),
(22, 'Other-Events/TBCC-Welcome-DBD-and-UTCC-Delegation-on-21-May-2015/20150521_83.jpg', 'TBCC Welcome DBD and UTCC Delegation', 1, 0),
(22, 'Other-Events/TBCC-Welcome-DBD-and-UTCC-Delegation-on-21-May-2015/20150521_1853.jpg', 'TBCC Welcome DBD and UTCC Delegation', 1, 0),
(22, 'Other-Events/TBCC-Welcome-DBD-and-UTCC-Delegation-on-21-May-2015/20150521_1916.jpg', 'TBCC Welcome DBD and UTCC Delegation', 1, 0),
(22, 'Other-Events/TBCC-Welcome-DBD-and-UTCC-Delegation-on-21-May-2015/20150521_2680.jpg', 'TBCC Welcome DBD and UTCC Delegation', 1, 0),
(22, 'Other-Events/TBCC-Welcome-DBD-and-UTCC-Delegation-on-21-May-2015/20150521_5340.jpg', 'TBCC Welcome DBD and UTCC Delegation', 1, 0),
(22, 'Other-Events/TBCC-Welcome-DBD-and-UTCC-Delegation-on-21-May-2015/20150521_5619.jpg', 'TBCC Welcome DBD and UTCC Delegation', 1, 0),
(22, 'Other-Events/TBCC-Welcome-DBD-and-UTCC-Delegation-on-21-May-2015/20150521_7134.jpg', 'TBCC Welcome DBD and UTCC Delegation', 1, 0),
(22, 'Other-Events/TBCC-Welcome-DBD-and-UTCC-Delegation-on-21-May-2015/20150521_7654.jpg', 'TBCC Welcome DBD and UTCC Delegation', 1, 0),
(22, 'Other-Events/TBCC-Welcome-DBD-and-UTCC-Delegation-on-21-May-2015/20150521_9214.jpg', 'TBCC Welcome DBD and UTCC Delegation', 1, 0),
(24, 'Other-Events/TBCC-Welcome-Naresuan-University-25-May-2016/EDP-TLCA_1227.jpg', 'TBCC Welcome Naresuan University', 1, 0),
(24, 'Other-Events/TBCC-Welcome-Naresuan-University-25-May-2016/EDP-TLCA_1874.jpg', 'TBCC Welcome Naresuan University', 1, 0),
(24, 'Other-Events/TBCC-Welcome-Naresuan-University-25-May-2016/Naresuan University _633.jpg', 'TBCC Welcome Naresuan University', 1, 0),
(24, 'Other-Events/TBCC-Welcome-Naresuan-University-25-May-2016/Naresuan University _1400.jpg', 'TBCC Welcome Naresuan University', 1, 0),
(24, 'Other-Events/TBCC-Welcome-Naresuan-University-25-May-2016/Naresuan University _1545.jpg', 'TBCC Welcome Naresuan University', 1, 0),
(24, 'Other-Events/TBCC-Welcome-Naresuan-University-25-May-2016/Naresuan University _2551.jpg', 'TBCC Welcome Naresuan University', 1, 0),
(24, 'Other-Events/TBCC-Welcome-Naresuan-University-25-May-2016/Naresuan University _2643.jpg', 'TBCC Welcome Naresuan University', 1, 0),
(24, 'Other-Events/TBCC-Welcome-Naresuan-University-25-May-2016/Naresuan University _2683.jpg', 'TBCC Welcome Naresuan University', 1, 0),
(24, 'Other-Events/TBCC-Welcome-Naresuan-University-25-May-2016/Naresuan University _3308.jpg', 'TBCC Welcome Naresuan University', 1, 0),
(24, 'Other-Events/TBCC-Welcome-Naresuan-University-25-May-2016/Naresuan University _3425.jpg', 'TBCC Welcome Naresuan University', 1, 0),
(24, 'Other-Events/TBCC-Welcome-Naresuan-University-25-May-2016/Naresuan University _3453.jpg', 'TBCC Welcome Naresuan University', 1, 0),
(24, 'Other-Events/TBCC-Welcome-Naresuan-University-25-May-2016/Naresuan University _3538.jpg', 'TBCC Welcome Naresuan University', 1, 0),
(32, 'TBCC-Academic-Events/TBCC-meet-with-CDC-in-26-July-2016/TBCC wz CDC_1529.jpg', 'TBCC meet with CDC', 1, 0),
(32, 'TBCC-Academic-Events/TBCC-meet-with-CDC-in-26-July-2016/TBCC wz CDC_1584.jpg', 'TBCC meet with CDC', 1, 0),
(32, 'TBCC-Academic-Events/TBCC-meet-with-CDC-in-26-July-2016/TBCC wz CDC_2332.jpg', 'TBCC meet with CDC', 1, 0),
(32, 'TBCC-Academic-Events/TBCC-meet-with-CDC-in-26-July-2016/TBCC wz CDC_2627.jpg', 'TBCC meet with CDC', 1, 0),
(32, 'TBCC-Academic-Events/TBCC-meet-with-CDC-in-26-July-2016/TBCC wz CDC_4343.jpg', 'TBCC meet with CDC', 1, 0),
(32, 'TBCC-Academic-Events/TBCC-meet-with-CDC-in-26-July-2016/TBCC wz CDC_5231.jpg', 'TBCC meet with CDC', 1, 0),
(32, 'TBCC-Academic-Events/TBCC-meet-with-CDC-in-26-July-2016/TBCC wz CDC_5944.jpg', 'TBCC meet with CDC', 1, 0),
(32, 'TBCC-Academic-Events/TBCC-meet-with-GDT-on-28-July-2016/TBCC wz GDT_350.jpg', 'TBCC meet with GDT', 1, 0),
(31, 'TBCC-Academic-Events/TBCC-meet-with-GDT-on-28-July-2016/TBCC wz GDT_787.jpg', 'TBCC meet with GDT', 1, 0),
(31, 'TBCC-Academic-Events/TBCC-meet-with-GDT-on-28-July-2016/TBCC wz GDT_1669.jpg', 'TBCC meet with GDT', 1, 0),
(31, 'TBCC-Academic-Events/TBCC-meet-with-GDT-on-28-July-2016/TBCC wz GDT_1716.jpg', 'TBCC meet with GDT', 1, 0),
(31, 'TBCC-Academic-Events/TBCC-meet-with-GDT-on-28-July-2016/TBCC wz GDT_1801.jpg', 'TBCC meet with GDT', 1, 0),
(31, 'TBCC-Academic-Events/TBCC-meet-with-GDT-on-28-July-2016/TBCC wz GDT_2041.jpg', 'TBCC meet with GDT', 1, 0),
(31, 'TBCC-Academic-Events/TBCC-meet-with-GDT-on-28-July-2016/TBCC wz GDT_2189.jpg', 'TBCC meet with GDT', 1, 0),
(31, 'TBCC-Academic-Events/TBCC-meet-with-GDT-on-28-July-2016/TBCC wz GDT_2527.jpg', 'TBCC meet with GDT', 1, 0),
(31, 'TBCC-Academic-Events/TBCC-meet-with-GDT-on-28-July-2016/TBCC wz GDT_2677.jpg', 'TBCC meet with GDT', 1, 0),
(31, 'TBCC-Academic-Events/TBCC-meet-with-GDT-on-28-July-2016/TBCC wz GDT_3268.jpg', 'TBCC meet with GDT', 1, 0),
(31, 'TBCC-Academic-Events/TBCC-meet-with-GDT-on-28-July-2016/TBCC wz GDT_3504.jpg', 'TBCC meet with GDT', 1, 0),
(31, 'TBCC-Academic-Events/TBCC-meet-with-GDT-on-28-July-2016/TBCC wz GDT_3607.jpg', 'TBCC meet with GDT', 1, 0),
(31, 'TBCC-Academic-Events/TBCC-meet-with-GDT-on-28-July-2016/TBCC wz GDT_3629.jpg', 'TBCC meet with GDT', 1, 0),
(31, 'TBCC-Academic-Events/TBCC-meet-with-GDT-on-28-July-2016/TBCC wz GDT_4145.jpg', 'TBCC meet with GDT', 1, 0),
(31, 'TBCC-Academic-Events/TBCC-meet-with-GDT-on-28-July-2016/TBCC wz GDT_8405.jpg', 'TBCC meet with GDT', 1, 0),
(30, 'TBCC-Academic-Events/TBCC-meet-with-MOC-on-7-July-2016/Meetin with MOC _380.jpg', 'TBCC meet with GDT', 1, 0),
(30, 'TBCC-Academic-Events/TBCC-meet-with-MOC-on-7-July-2016/Meetin with MOC _511.jpg', 'Meetin with MOC', 1, 0),
(30, 'TBCC-Academic-Events/TBCC-meet-with-MOC-on-7-July-2016/Meetin with MOC _1003.jpg', 'Meetin with MOC', 1, 0),
(30, 'TBCC-Academic-Events/TBCC-meet-with-MOC-on-7-July-2016/Meetin with MOC _1676.jpg', 'Meetin with MOC', 1, 0),
(30, 'TBCC-Academic-Events/TBCC-meet-with-MOC-on-7-July-2016/Meetin with MOC _1679.jpg', 'Meetin with MOC', 1, 0),
(30, 'TBCC-Academic-Events/TBCC-meet-with-MOC-on-7-July-2016/Meetin with MOC _2596.jpg', 'Meetin with MOC', 1, 0),
(30, 'TBCC-Academic-Events/TBCC-meet-with-MOC-on-7-July-2016/Meetin with MOC _3082.jpg', 'Meetin with MOC', 1, 0),
(30, 'TBCC-Academic-Events/TBCC-meet-with-MOC-on-7-July-2016/Meetin with MOC _3653.jpg', 'Meetin with MOC', 1, 0),
(30, 'TBCC-Academic-Events/TBCC-meet-with-MOC-on-7-July-2016/Meetin with MOC _3738.jpg', 'Meetin with MOC', 1, 0),
(30, 'TBCC-Academic-Events/TBCC-meet-with-MOC-on-7-July-2016/Meetin with MOC _3962.jpg', 'Meetin with MOC', 1, 0),
(30, 'TBCC-Academic-Events/TBCC-meet-with-MOC-on-7-July-2016/Meetin with MOC _4437.jpg', 'Meetin with MOC', 1, 0),
(30, 'TBCC-Academic-Events/TBCC-meet-with-MOC-on-7-July-2016/Meetin with MOC _4696.jpg', 'Meetin with MOC', 1, 0),
(30, 'TBCC-Academic-Events/TBCC-meet-with-MOC-on-7-July-2016/Meetin with MOC _5158.jpg', 'Meetin with MOC', 1, 0),
(30, 'TBCC-Academic-Events/TBCC-meet-with-MOC-on-7-July-2016/Meetin with MOC _5243.jpg', 'Meetin with MOC', 1, 0),
(30, 'TBCC-Academic-Events/TBCC-meet-with-MOC-on-7-July-2016/Meetin with MOC _5288.jpg', 'Meetin with MOC', 1, 0),
(30, 'TBCC-Academic-Events/TBCC-meet-with-MOC-on-7-July-2016/Meetin with MOC _5316.jpg', 'Meetin with MOC', 1, 0),
(30, 'TBCC-Academic-Events/TBCC-meet-with-MOC-on-7-July-2016/Meetin with MOC _5421.jpg', 'Meetin with MOC', 1, 0),
(30, 'TBCC-Academic-Events/TBCC-meet-with-MOC-on-7-July-2016/Meetin with MOC _5505.jpg', 'Meetin with MOC', 1, 0),
(30, 'TBCC-Academic-Events/TBCC-meet-with-MOC-on-7-July-2016/Meetin with MOC _5595.jpg', 'Meetin with MOC', 1, 0),
(29, 'TBCC-Academic-Events/TBCC-Seminar-on-HR-for-Executive-and-Non-HR-on-19-May-2015/10421465_835499623191694_380221918908720514_n.jpg', 'TBCC-Seminar on HR for Executive and Non HR', 1, 0),
(29, 'TBCC-Academic-Events/TBCC-Seminar-on-HR-for-Executive-and-Non-HR-on-19-May-2015/10989173_835499729858350_317578332045395182_n.jpg', 'TBCC-Seminar on HR for Executive and Non HR', 1, 0),
(29, 'TBCC-Academic-Events/TBCC-Seminar-on-HR-for-Executive-and-Non-HR-on-19-May-2015/11011474_835499929858330_8493929502831756814_n.jpg', 'TBCC-Seminar on HR for Executive and Non HR', 1, 0),
(29, 'TBCC-Academic-Events/TBCC-Seminar-on-HR-for-Executive-and-Non-HR-on-19-May-2015/11139954_835804409827882_7712942467320975386_n.jpg', 'TBCC-Seminar on HR for Executive and Non HR', 1, 0),
(29, 'TBCC-Academic-Events/TBCC-Seminar-on-HR-for-Executive-and-Non-HR-on-19-May-2015/11150880_835499669858356_8559250109539321392_n.jpg', 'TBCC-Seminar on HR for Executive and Non HR', 1, 0),
(29, 'TBCC-Academic-Events/TBCC-Seminar-on-HR-for-Executive-and-Non-HR-on-19-May-2015/11229400_835804286494561_5850102588245922121_n.jpg', 'TBCC-Seminar on HR for Executive and Non HR', 1, 0),
(29, 'TBCC-Academic-Events/TBCC-Seminar-on-HR-for-Executive-and-Non-HR-on-19-May-2015/11239698_835499579858365_8414567870870818131_n.jpg', 'TBCC-Seminar on HR for Executive and Non HR', 1, 0),
(28, 'TBCC-Academic-Events/TBCC-Seminar-on-Insight-Service-Tax-and-Retail-Shop-before-AEC-on-28-Oct-2014/64262_726444410763883_8707260485886439884_n.jpg', 'TBCC Seminar on Insight Service Tax and Retail Shop before AEC', 1, 0),
(28, 'TBCC-Academic-Events/TBCC-Seminar-on-Insight-Service-Tax-and-Retail-Shop-before-AEC-on-28-Oct-2014/1940011_726447767430214_9030849688980796941_n.jpg', 'TBCC Seminar on Insight Service Tax and Retail Shop before AEC', 1, 0),
(28, 'TBCC-Academic-Events/TBCC-Seminar-on-Insight-Service-Tax-and-Retail-Shop-before-AEC-on-28-Oct-2014/10306559_726444660763858_2834016592095998981_n.jpg', 'TBCC Seminar on Insight Service Tax and Retail Shop before AEC', 1, 0),
(28, 'TBCC-Academic-Events/TBCC-Seminar-on-Insight-Service-Tax-and-Retail-Shop-before-AEC-on-28-Oct-2014/10365777_726446067430384_2570778826369108490_n.jpg', 'TBCC Seminar on Insight Service Tax and Retail Shop before AEC', 1, 0),
(28, 'TBCC-Academic-Events/TBCC-Seminar-on-Insight-Service-Tax-and-Retail-Shop-before-AEC-on-28-Oct-2014/10392387_726441600764164_2934184948833453192_n.jpg', 'TBCC Seminar on Insight Service Tax and Retail Shop before AEC', 1, 0),
(28, 'TBCC-Academic-Events/TBCC-Seminar-on-Insight-Service-Tax-and-Retail-Shop-before-AEC-on-28-Oct-2014/10599285_726444620763862_3883455180666804946_n.jpg', 'TBCC Seminar on Insight Service Tax and Retail Shop before AEC', 1, 0),
(28, 'TBCC-Academic-Events/TBCC-Seminar-on-Insight-Service-Tax-and-Retail-Shop-before-AEC-on-28-Oct-2014/10624599_726447364096921_5039597249970807658_n.jpg', 'TBCC Seminar on Insight Service Tax and Retail Shop before AEC', 1, 0),
(28, 'TBCC-Academic-Events/TBCC-Seminar-on-Insight-Service-Tax-and-Retail-Shop-before-AEC-on-28-Oct-2014/10635748_726447027430288_3154255513956051992_n.jpg', 'TBCC Seminar on Insight Service Tax and Retail Shop before AEC', 1, 0),
(27, 'TBCC-Academic-Events/TBCC-Seminar-on-Thailand-and-AEC-on-21-May-2014/1.jpg', 'TBCC Seminar on Thailand and AEC', 1, 0),
(27, 'TBCC-Academic-Events/TBCC-Seminar-on-Thailand-and-AEC-on-21-May-2014/2.jpg', 'TBCC Seminar on Thailand and AEC', 1, 0),
(27, 'TBCC-Academic-Events/TBCC-Seminar-on-Thailand-and-AEC-on-21-May-2014/3.jpg', 'TBCC Seminar on Thailand and AEC', 1, 0),
(27, 'TBCC-Academic-Events/TBCC-Seminar-on-Thailand-and-AEC-on-21-May-2014/4.jpg', 'TBCC Seminar on Thailand and AEC', 1, 0),
(26, 'TBCC-Academic-Events/TBCC-Seminar-on-Updating-for-Doing-Business-in-Cambodia-2016-on-18-Nov-2015/11222440_929743873767268_4241084717463292754_o.jpg', 'TBCC Seminar on Updating for Doing Business in Cambodia', 1, 0),
(26, 'TBCC-Academic-Events/TBCC-Seminar-on-Updating-for-Doing-Business-in-Cambodia-2016-on-18-Nov-2015/12227559_929743767100612_5064999340540874183_n.jpg', 'TBCC Seminar on Updating for Doing Business in Cambodia', 1, 0),
(26, 'TBCC-Academic-Events/TBCC-Seminar-on-Updating-for-Doing-Business-in-Cambodia-2016-on-18-Nov-2015/12237980_929743857100603_978891117636379910_o.jpg', 'TBCC Seminar on Updating for Doing Business in Cambodia', 1, 0),
(26, 'TBCC-Academic-Events/TBCC-Seminar-on-Updating-for-Doing-Business-in-Cambodia-2016-on-18-Nov-2015/12238458_929743597100629_5296013333481512957_o.jpg', 'TBCC Seminar on Updating for Doing Business in Cambodia', 1, 0),
(26, 'TBCC-Academic-Events/TBCC-Seminar-on-Updating-for-Doing-Business-in-Cambodia-2016-on-18-Nov-2015/12240354_929743523767303_2737843415686007269_o.jpg', 'TBCC Seminar on Updating for Doing Business in Cambodia', 1, 0),
(26, 'TBCC-Academic-Events/TBCC-Seminar-on-Updating-for-Doing-Business-in-Cambodia-2016-on-18-Nov-2015/12240462_929743590433963_5804764929594423561_o.jpg', 'TBCC Seminar on Updating for Doing Business in Cambodia', 1, 0),
(26, 'TBCC-Academic-Events/TBCC-Seminar-on-Updating-for-Doing-Business-in-Cambodia-2016-on-18-Nov-2015/12241079_929743713767284_7435868795450512048_o.jpg', 'TBCC Seminar on Updating for Doing Business in Cambodia', 1, 0),
(26, 'TBCC-Academic-Events/TBCC-Seminar-on-Updating-for-Doing-Business-in-Cambodia-2016-on-18-Nov-2015/12244797_929743673767288_4736766459346091576_o.jpg', 'TBCC Seminar on Updating for Doing Business in Cambodia', 1, 0),
(23, 'Other-Events/TBCC-Welcome-KKU-research-Center-Delegation-7-July-2015/ ._274.jpg', 'TBCC Welcome KKU research Center Delegation', 1, 1),
(23, 'Other-Events/TBCC-Welcome-KKU-research-Center-Delegation-7-July-2015/ ._397.jpg', 'TBCC Welcome KKU research Center Delegation', 1, 2),
(23, 'Other-Events/TBCC-Welcome-KKU-research-Center-Delegation-7-July-2015/ ._794.jpg', 'TBCC Welcome KKU research Center Delegation', 1, 3),
(23, 'Other-Events/TBCC-Welcome-KKU-research-Center-Delegation-7-July-2015/ ._970.jpg', 'TBCC Welcome KKU research Center Delegation', 1, 4),
(23, 'Other-Events/TBCC-Welcome-KKU-research-Center-Delegation-7-July-2015/ ._1791.jpg', 'TBCC Welcome KKU research Center Delegation', 1, 5),
(23, 'Other-Events/TBCC-Welcome-KKU-research-Center-Delegation-7-July-2015/ ._2009.jpg', 'TBCC Welcome KKU research Center Delegation', 1, 6),
(23, 'Other-Events/TBCC-Welcome-KKU-research-Center-Delegation-7-July-2015/ ._2363.jpg', 'TBCC Welcome KKU research Center Delegation', 1, 7),
(23, 'Other-Events/TBCC-Welcome-KKU-research-Center-Delegation-7-July-2015/ ._2566.jpg', 'TBCC Welcome KKU research Center Delegation', 1, 8),
(23, 'Other-Events/TBCC-Welcome-KKU-research-Center-Delegation-7-July-2015/ ._2649.jpg', 'TBCC Welcome KKU research Center Delegation', 1, 9),
(23, 'Other-Events/TBCC-Welcome-KKU-research-Center-Delegation-7-July-2015/ ._2924.jpg', 'TBCC Welcome KKU research Center Delegation', 1, 10),
(23, 'Other-Events/TBCC-Welcome-KKU-research-Center-Delegation-7-July-2015/ ._3221.jpg', 'TBCC Welcome KKU research Center Delegation', 1, 11),
(23, 'Other-Events/TBCC-Welcome-KKU-research-Center-Delegation-7-July-2015/ ._3528.jpg', 'TBCC Welcome KKU research Center Delegation', 1, 12),
(23, 'Other-Events/TBCC-Welcome-KKU-research-Center-Delegation-7-July-2015/ ._3538.jpg', 'TBCC Welcome KKU research Center Delegation', 1, 13),
(23, 'Other-Events/TBCC-Welcome-KKU-research-Center-Delegation-7-July-2015/ ._3853.jpg', 'TBCC Welcome KKU research Center Delegation', 1, 14),
(34, '26-Sep-2016/TBCC bowling 2015_1743.jpg', 'TBCC bowling', 1, 1),
(34, '26-Sep-2016/TBCC bowling 2015_2654.jpg', 'TBCC bowling', 1, 2),
(34, '26-Sep-2016/TBCC bowling 2015_5471.jpg', 'TBCC bowling', 1, 3),
(34, '26-Sep-2016/TBCC Bowling charity_4874.jpg', 'TBCC bowling', 1, 4),
(34, '26-Sep-2016/TBCC bowling 2015_2749.jpg', 'TBCC bowling', 1, 0),
(34, '26-Sep-2016/TBCC bowling 2015_2852.jpg', 'TBCC bowling', 1, 0),
(34, '26-Sep-2016/TBCC bowling 2015_3175.jpg', 'TBCC bowling', 1, 0),
(34, '26-Sep-2016/TBCC bowling 2015_3395.jpg', 'TBCC bowling', 1, 0),
(34, '26-Sep-2016/TBCC bowling 2015_3527.jpg', 'TBCC bowling', 1, 0),
(34, '26-Sep-2016/TBCC bowling 2015_3534.jpg', 'TBCC bowling', 1, 0),
(34, '26-Sep-2016/TBCC bowling 2015_4568.jpg', 'TBCC bowling', 1, 0),
(34, '26-Sep-2016/TBCC bowling 2015_5021.jpg', 'TBCC bowling', 1, 0),
(34, '26-Sep-2016/TBCC bowling 2015_5036.jpg', 'TBCC bowling', 1, 0),
(34, '26-Sep-2016/TBCC bowling 2015_5471.jpg', 'TBCC bowling', 1, 0),
(34, '26-Sep-2016/TBCC bowling 2015_9263.jpg', 'TBCC bowling', 1, 0),
(34, '26-Sep-2016/TBCC bowling 2015_9829.jpg', 'TBCC bowling', 1, 0),
(34, '26-Sep-2016/TBCC bowling 2015_7854.jpg', 'TBCC bowling', 1, 0),
(34, '26-Sep-2016/TBCC bowling 2015_7892.jpg', 'TBCC bowling', 1, 0),
(34, '26-Sep-2016/TBCC Bowling charity_602.jpg', 'TBCC bowling', 1, 0),
(34, '26-Sep-2016/TBCC Bowling charity_795.jpg', '', 1, 0),
(34, '26-Sep-2016/TBCC Bowling charity_7491.jpg', '', 1, 0),
(34, '26-Sep-2016/TBCC Bowling charity_7493.jpg', '', 1, 0),
(34, '26-Sep-2016/TBCC Bowling charity_7496.jpg', '', 1, 0),
(34, '26-Sep-2016/TBCC Bowling charity_7813.jpg', '', 1, 0),
(34, '26-Sep-2016/TBCC Bowling charity_9238.jpg', '', 1, 0),
(34, '26-Sep-2016/TBCC Bowling charity_9610.jpg', '', 1, 0),
(34, '26-Sep-2016/TBCC Bowling charity_9705.jpg', '', 1, 0),
(35, '26-Sep-2016/Bowling charity @Yo_421.jpg', 'TBCC bowling', 1, 1),
(35, '26-Sep-2016/Bowling charity @Yo_126.jpg', 'TBCC bowling', 1, 2),
(35, '26-Sep-2016/Bowling charity @Yo_87.jpg', 'TBCC bowling', 1, 0),
(35, '26-Sep-2016/Bowling charity @Yo_911.jpg', 'TBCC bowling', 1, 0),
(35, '26-Sep-2016/Bowling charity @Yo_1146.jpg', 'TBCC bowling', 1, 0),
(35, '26-Sep-2016/Bowling charity @Yo_1622.jpg', 'TBCC bowling', 1, 0),
(35, '26-Sep-2016/Bowling charity @Yo_1598.jpg', '', 1, 0),
(35, '26-Sep-2016/Bowling charity @Yo_1821.jpg', '', 1, 0),
(35, '26-Sep-2016/Bowling charity @Yo_2172.jpg', '', 1, 0),
(35, '26-Sep-2016/Bowling charity @Yo_2705.jpg', '', 1, 0),
(35, '26-Sep-2016/Bowling charity @Yo_2971.jpg', '', 1, 0),
(35, '26-Sep-2016/Bowling charity @Yo_3131.jpg', '', 1, 0),
(35, '26-Sep-2016/Bowling charity @Yo_3144.jpg', '', 1, 0),
(35, '26-Sep-2016/Bowling charity @Yo_3272.jpg', '', 1, 0),
(35, '26-Sep-2016/Bowling charity @Yo_3344.jpg', '', 1, 0),
(35, '26-Sep-2016/Bowling charity @Yo_3368.jpg', '', 1, 0),
(35, '26-Sep-2016/Bowling charity @Yo_3386.jpg', '', 1, 0),
(35, '26-Sep-2016/Bowling charity @Yo_3460.jpg', '', 1, 0),
(35, '26-Sep-2016/Bowling charity @Yo_3597.jpg', '', 1, 0),
(35, '26-Sep-2016/Bowling charity @Yo_3731.jpg', '', 1, 0),
(35, '26-Sep-2016/Bowling charity @Yo_3930.jpg', '', 1, 0),
(35, '26-Sep-2016/Bowling charity @Yo_4095.jpg', '', 1, 0),
(35, '26-Sep-2016/Bowling charity @Yo_4247.jpg', '', 1, 0),
(35, '26-Sep-2016/Bowling charity @Yo_4311.jpg', '', 1, 0),
(35, '26-Sep-2016/Bowling charity @Yo_4358.jpg', '', 1, 0),
(35, '26-Sep-2016/Bowling charity @Yo_4646.jpg', '', 1, 0),
(35, '26-Sep-2016/Bowling charity @Yo_6550.jpg', '', 1, 0),
(35, '26-Sep-2016/Bowling charity @Yo_6661.jpg', '', 1, 0),
(35, '26-Sep-2016/Bowling charity @Yo_6859.jpg', '', 1, 0),
(35, '26-Sep-2016/Bowling charity @Yo_7061.jpg', '', 1, 0),
(35, '26-Sep-2016/Bowling charity @Yo_4797.jpg', '', 1, 0),
(35, '26-Sep-2016/Bowling charity @Yo_5177.jpg', '', 1, 0),
(35, '26-Sep-2016/Bowling charity @Yo_5329.jpg', '', 1, 0),
(35, '26-Sep-2016/Bowling charity @Yo_5456.jpg', '', 1, 0),
(35, '26-Sep-2016/Bowling charity @Yo_5515.jpg', '', 1, 0),
(35, '26-Sep-2016/Bowling charity @Yo_5664.jpg', '', 1, 0),
(35, '26-Sep-2016/Bowling charity @Yo_6273.jpg', '', 1, 0),
(35, '26-Sep-2016/Bowling charity @Yo_6324.jpg', '', 1, 0),
(35, '26-Sep-2016/Bowling charity @Yo_6550.jpg', '', 1, 0),
(35, '26-Sep-2016/Bowling charity @Yo_6578.jpg', '', 1, 0),
(35, '26-Sep-2016/Bowling charity @Yo_6661.jpg', '', 1, 0),
(35, '26-Sep-2016/Bowling charity @Yo_6859.jpg', '', 1, 0),
(35, '26-Sep-2016/Bowling charity @Yo_6890.jpg', '', 1, 0),
(35, '26-Sep-2016/Bowling charity @Yo_7061.jpg', '', 1, 0),
(35, '26-Sep-2016/Bowling charity @Yo_7367.jpg', '', 1, 0),
(35, '26-Sep-2016/Bowling charity @Yo_7405.jpg', '', 1, 0),
(35, '26-Sep-2016/Bowling charity @Yo_7489.jpg', '', 1, 0),
(35, '26-Sep-2016/Bowling charity @Yo_7514.jpg', '', 1, 0),
(35, '26-Sep-2016/Bowling charity @Yo_7574.jpg', '', 1, 0),
(35, '26-Sep-2016/Bowling charity @Yo_7664.jpg', '', 1, 0),
(35, '26-Sep-2016/Bowling charity @Yo_7699.jpg', '', 1, 0),
(35, '26-Sep-2016/Bowling charity @Yo_7844.jpg', '', 1, 0),
(35, '26-Sep-2016/Bowling charity @Yo_8006.jpg', '', 1, 0),
(35, '26-Sep-2016/Bowling charity @Yo_8085.jpg', '', 1, 0),
(35, '26-Sep-2016/Bowling charity @Yo_8280.jpg', '', 1, 0),
(35, '26-Sep-2016/Bowling charity @Yo_8515.jpg', '', 1, 0),
(35, '26-Sep-2016/Bowling charity @Yo_8634.jpg', '', 1, 0),
(38, '26-Sep-2016/Parranda1.jpg', 'TBCC Monthly Part at La Parranda July 2015', 1, 0),
(38, '26-Sep-2016/Parranda3.jpg', 'TBCC Monthly Part at La Parranda July 2015', 1, 0),
(38, '26-Sep-2016/Parranda4.jpg', 'TBCC Monthly Part at La Parranda July 2015', 1, 0),
(38, '26-Sep-2016/Parranda5.jpg', 'TBCC Monthly Part at La Parranda July 2015', 1, 0),
(38, '26-Sep-2016/Parranda7.jpg', 'TBCC Monthly Part at La Parranda July 2015', 1, 0),
(38, '26-Sep-2016/Parranda9.jpg', 'TBCC Monthly Part at La Parranda July 2015', 1, 0),
(38, '26-Sep-2016/Parranda11.jpg', 'TBCC Monthly Part at La Parranda July 2015', 1, 0),
(38, '26-Sep-2016/Parranda12.jpg', 'TBCC Monthly Part at La Parranda July 2015', 1, 0),
(38, '26-Sep-2016/Parranda13.jpg', 'TBCC Monthly Part at La Parranda July 2015', 1, 0),
(38, '26-Sep-2016/Parranda14.jpg', 'TBCC Monthly Part at La Parranda July 2015', 1, 0),
(38, '26-Sep-2016/Parranda16.jpg', 'TBCC Monthly Part at La Parranda July 2015', 1, 0),
(38, '26-Sep-2016/Parranda17.jpg', 'TBCC Monthly Part at La Parranda July 2015', 1, 0),
(38, '26-Sep-2016/Parranda18.jpg', 'TBCC Monthly Part at La Parranda July 2015', 1, 0),
(39, '26-Sep-2016/TBCC at Billabong_54.jpg', 'TBCC Monthly Party at Billabong March 2016', 1, 0),
(39, '26-Sep-2016/TBCC at Billabong_77.jpg', 'TBCC Monthly Party at Billabong March 2016', 1, 0),
(39, '26-Sep-2016/TBCC at Billabong_82.jpg', 'TBCC Monthly Party at Billabong March 2016', 1, 0),
(39, '26-Sep-2016/TBCC at Billabong_102.jpg', 'TBCC Monthly Party at Billabong March 2016', 1, 0),
(39, '26-Sep-2016/TBCC at Billabong_345.jpg', 'TBCC Monthly Party at Billabong March 2016', 1, 0),
(39, '26-Sep-2016/TBCC at Billabong_1484.jpg', 'TBCC Monthly Party at Billabong March 2016', 1, 0),
(39, '26-Sep-2016/TBCC at Billabong_1731.jpg', 'TBCC Monthly Party at Billabong March 2016', 1, 0),
(39, '26-Sep-2016/TBCC at Billabong_1921.jpg', 'TBCC Monthly Party at Billabong March 2016', 1, 0),
(39, '26-Sep-2016/TBCC at Billabong_1954.jpg', 'TBCC Monthly Party at Billabong March 2016', 1, 0),
(39, '26-Sep-2016/TBCC at Billabong_2420.jpg', 'TBCC Monthly Party at Billabong March 2016', 1, 0),
(39, '26-Sep-2016/TBCC at Billabong_2607.jpg', 'TBCC Monthly Party at Billabong March 2016', 1, 0),
(39, '26-Sep-2016/TBCC at Billabong_2832.jpg', 'TBCC Monthly Party at Billabong March 2016', 1, 0),
(39, '26-Sep-2016/TBCC at Billabong_2860.jpg', 'TBCC Monthly Party at Billabong March 2016', 1, 0),
(39, '26-Sep-2016/TBCC at Billabong_3376.jpg', 'TBCC Monthly Party at Billabong March 2016', 1, 0),
(39, '26-Sep-2016/TBCC at Billabong_3415.jpg', 'TBCC Monthly Party at Billabong March 2016', 1, 0),
(39, '26-Sep-2016/TBCC at Billabong_4074.jpg', 'TBCC Monthly Party at Billabong March 2016', 1, 0),
(39, '26-Sep-2016/TBCC at Billabong_4106.jpg', 'TBCC Monthly Party at Billabong March 2016', 1, 0),
(39, '26-Sep-2016/TBCC at Billabong_4233.jpg', 'TBCC Monthly Party at Billabong March 2016', 1, 0),
(39, '26-Sep-2016/TBCC at Billabong_4642.jpg', 'TBCC Monthly Party at Billabong March 2016', 1, 0),
(39, '26-Sep-2016/TBCC at Billabong_5338.jpg', 'TBCC Monthly Party at Billabong March 2016', 1, 0),
(39, '26-Sep-2016/TBCC at Billabong_6104.jpg', 'TBCC Monthly Party at Billabong March 2016', 1, 0),
(39, '26-Sep-2016/TBCC at Billabong_1921.jpg', 'TBCC Monthly Party at Billabong March 2016', 1, 0),
(39, '26-Sep-2016/TBCC at Billabong_7788.jpg', 'TBCC Monthly Party at Billabong March 2016', 1, 0),
(39, '26-Sep-2016/TBCC at Billabong_9916.jpg', 'TBCC Monthly Party at Billabong March 2016', 1, 0),
(37, '26-Sep-2016/anuual1.jpg', 'TBCC Annual Meeting And Party  28 Jan 2016', 1, 1),
(37, '26-Sep-2016/anuual2.jpg', 'TBCC Annual Meeting And Party  28 Jan 2016', 1, 2),
(37, '26-Sep-2016/anuual3.jpg', 'TBCC Annual Meeting And Party  28 Jan 2016', 1, 3),
(37, '26-Sep-2016/anuual4.jpg', 'TBCC Annual Meeting And Party  28 Jan 2016', 1, 4),
(37, '26-Sep-2016/anuual5.jpg', 'TBCC Annual Meeting And Party  28 Jan 2016', 1, 5),
(40, '26-Sep-2016/TBCC party June 2016_370.jpg', 'TBCC Monthly Party at Inthanon 30 June 2016', 1, 0),
(40, '26-Sep-2016/TBCC party June 2016_544.jpg', 'TBCC Monthly Party at Inthanon 30 June 2016', 1, 0),
(40, '26-Sep-2016/TBCC party June 2016_652.jpg', 'TBCC Monthly Party at Inthanon 30 June 2016', 1, 0),
(40, '26-Sep-2016/TBCC party June 2016_882.jpg', 'TBCC Monthly Party at Inthanon 30 June 2016', 1, 0),
(40, '26-Sep-2016/TBCC party June 2016_1266.jpg', 'TBCC Monthly Party at Inthanon 30 June 2016', 1, 0),
(40, '26-Sep-2016/TBCC party June 2016_1632.jpg', 'TBCC Monthly Party at Inthanon 30 June 2016', 1, 0),
(40, '26-Sep-2016/TBCC party June 2016_1792.jpg', 'TBCC Monthly Party at Inthanon 30 June 2016', 1, 0),
(40, '26-Sep-2016/TBCC party June 2016_2091.jpg', 'TBCC Monthly Party at Inthanon 30 June 2016', 1, 0),
(40, '26-Sep-2016/TBCC party June 2016_2241.jpg', 'TBCC Monthly Party at Inthanon 30 June 2016', 1, 0),
(40, '26-Sep-2016/TBCC party June 2016_2401.jpg', 'TBCC Monthly Party at Inthanon 30 June 2016', 1, 0),
(40, '26-Sep-2016/TBCC party June 2016_2507.jpg', 'TBCC Monthly Party at Inthanon 30 June 2016', 1, 0),
(41, '26-Sep-2016/TBCC party Apr''16_431.jpg', 'TBCC Monthly Party at La Parranda April 2016', 1, 0),
(41, '26-Sep-2016/TBCC party Apr''16_627.jpg', 'TBCC Monthly Party at La Parranda April 2016', 1, 0),
(41, '26-Sep-2016/TBCC party Apr''16_1556.jpg', 'TBCC Monthly Party at La Parranda April 2016', 1, 0),
(41, '26-Sep-2016/TBCC party Apr''16_2655.jpg', 'TBCC Monthly Party at La Parranda April 2016', 1, 0),
(41, '26-Sep-2016/TBCC party Apr''16_3043.jpg', 'TBCC Monthly Party at La Parranda April 2016', 1, 0),
(41, '26-Sep-2016/TBCC party Apr''16_5043.jpg', 'TBCC Monthly Party at La Parranda April 2016', 1, 0),
(41, '26-Sep-2016/TBCC party Apr''16_6394.jpg', 'TBCC Monthly Party at La Parranda April 2016', 1, 0),
(41, '26-Sep-2016/TBCC party Apr''16_7681.jpg', 'TBCC Monthly Party at La Parranda April 2016', 1, 0),
(41, '26-Sep-2016/TBCC party Apr''16_7695.jpg', 'TBCC Monthly Party at La Parranda April 2016', 1, 0),
(41, '26-Sep-2016/TBCC party Apr''16_8163.jpg', 'TBCC Monthly Party at La Parranda April 2016', 1, 0),
(41, '26-Sep-2016/TBCC party Apr''16_8507.jpg', 'TBCC Monthly Party at La Parranda April 2016', 1, 0),
(41, '26-Sep-2016/TBCC party Apr''16_8799.jpg', 'TBCC Monthly Party at La Parranda April 2016', 1, 0),
(42, '26-Sep-2016/TBCC Party May''16_7.jpg', 'TBCC Monthly Party at MAMA May 2016', 1, 0),
(42, '26-Sep-2016/TBCC Party May''16_295.jpg', 'TBCC Monthly Party at MAMA May 2016', 1, 0),
(42, '26-Sep-2016/TBCC Party May''16_545.jpg', 'TBCC Monthly Party at MAMA May 2016', 1, 0),
(42, '26-Sep-2016/TBCC Party May''16_698.jpg', 'TBCC Monthly Party at MAMA May 2016', 1, 0),
(42, '26-Sep-2016/TBCC Party May''16_891.jpg', 'TBCC Monthly Party at MAMA May 2016', 1, 0),
(42, '26-Sep-2016/TBCC Party May''16_1297.jpg', 'TBCC Monthly Party at MAMA May 2016', 1, 0),
(15, '28-Sep-2016/TBCCTaxSeminar2016_310.jpg', 'TBCC Tax Seminar', 0, 1),
(15, '28-Sep-2016/TBCCTaxSeminar2016_705.jpg', 'TBCC Tax Seminar', 0, 2),
(15, '28-Sep-2016/TBCCTaxSeminar2016_823.jpg', 'TBCC Tax Seminar', 0, 0),
(15, '28-Sep-2016/TBCCTaxSeminar2016_1038.jpg', 'TBCC Tax Seminar', 0, 0),
(15, '28-Sep-2016/TBCCTaxSeminar2016_1174.jpg', 'TBCC Tax Seminar', 0, 0),
(15, '28-Sep-2016/TBCCTaxSeminar2016_1853.jpg', 'TBCC Tax Seminar', 0, 0),
(15, '28-Sep-2016/TBCCTaxSeminar2016_1959.jpg', 'TBCC Tax Seminar', 0, 0),
(15, '28-Sep-2016/TBCCTaxSeminar2016_1998.jpg', 'TBCC Tax Seminar', 0, 0),
(15, '28-Sep-2016/TBCCTaxSeminar2016_2657.jpg', 'TBCC Tax Seminar', 0, 0),
(15, '28-Sep-2016/TBCCTaxSeminar2016_2912.jpg', 'TBCC Tax Seminar', 0, 0),
(15, '28-Sep-2016/TBCCTaxSeminar2016_4405.jpg', 'TBCC Tax Seminar', 0, 0),
(15, '28-Sep-2016/TBCCTaxSeminar2016_5689.jpg', 'TBCC Tax Seminar', 0, 0),
(15, '28-Sep-2016/TBCCTaxSeminar2016_6133.jpg', 'TBCC Tax Seminar', 0, 0),
(15, '28-Sep-2016/TBCCTaxSeminar2016_6395.jpg', 'TBCC Tax Seminar', 0, 0),
(15, '28-Sep-2016/TBCCTaxSeminar2016_6398.jpg', 'TBCC Tax Seminar', 0, 0),
(15, '28-Sep-2016/TBCCTaxSeminar2016_6506.jpg', 'TBCC Tax Seminar', 0, 0),
(15, '28-Sep-2016/TBCCTaxSeminar2016_7386.jpg', 'TBCC Tax Seminar', 0, 0),
(15, '28-Sep-2016/TBCCTaxSeminar2016_8813.jpg', 'TBCC Tax Seminar', 0, 0),
(15, '28-Sep-2016/TBCCTaxSeminar2016_9083.jpg', 'TBCC Tax Seminar', 0, 0),
(17, 'TBCC-Member-Event/Cafe-Amazon-Franchise-Ceremony-on-4-Aug-2016/Cafe''AmazonFranchise_401.jpg', 'test', 0, 1),
(17, 'TBCC-Member-Event/Cafe-Amazon-Franchise-Ceremony-on-4-Aug-2016/Cafe''AmazonFranchise_1072.jpg', 'Cafe''AmazonFranchise', 0, 0),
(17, 'TBCC-Member-Event/Cafe-Amazon-Franchise-Ceremony-on-4-Aug-2016/Cafe''AmazonFranchise_1615.jpg', 'Cafe''AmazonFranchise', 0, 0),
(17, 'TBCC-Member-Event/Cafe-Amazon-Franchise-Ceremony-on-4-Aug-2016/Cafe''AmazonFranchise_1649.jpg', 'Cafe''AmazonFranchise', 0, 0),
(17, 'TBCC-Member-Event/Cafe-Amazon-Franchise-Ceremony-on-4-Aug-2016/Cafe''AmazonFranchise_1735.jpg', 'Cafe''AmazonFranchise', 0, 0),
(17, 'TBCC-Member-Event/Cafe-Amazon-Franchise-Ceremony-on-4-Aug-2016/Cafe''AmazonFranchise_2351.jpg', 'Cafe''AmazonFranchise', 0, 0),
(17, 'TBCC-Member-Event/Cafe-Amazon-Franchise-Ceremony-on-4-Aug-2016/Cafe''AmazonFranchise_2698.jpg', 'Cafe''AmazonFranchise', 0, 0),
(17, 'TBCC-Member-Event/Cafe-Amazon-Franchise-Ceremony-on-4-Aug-2016/Cafe''AmazonFranchise_2754.jpg', 'Cafe''AmazonFranchise', 0, 0),
(17, 'TBCC-Member-Event/Cafe-Amazon-Franchise-Ceremony-on-4-Aug-2016/Cafe''AmazonFranchise_2842.jpg', 'Cafe''AmazonFranchise', 0, 0),
(17, 'TBCC-Member-Event/Cafe-Amazon-Franchise-Ceremony-on-4-Aug-2016/Cafe''AmazonFranchise_2859.jpg', 'Cafe''AmazonFranchise', 0, 0),
(17, 'TBCC-Member-Event/Cafe-Amazon-Franchise-Ceremony-on-4-Aug-2016/Cafe''AmazonFranchise_3127.jpg', 'Cafe''AmazonFranchise', 0, 0),
(17, 'TBCC-Member-Event/Cafe-Amazon-Franchise-Ceremony-on-4-Aug-2016/Cafe''AmazonFranchise_3605.jpg', 'Cafe''AmazonFranchise', 0, 0),
(17, 'TBCC-Member-Event/Cafe-Amazon-Franchise-Ceremony-on-4-Aug-2016/Cafe''AmazonFranchise_5769.jpg', 'Cafe''AmazonFranchise', 0, 0),
(17, 'TBCC-Member-Event/Cafe-Amazon-Franchise-Ceremony-on-4-Aug-2016/Cafe''AmazonFranchise_6702.jpg', 'Cafe''AmazonFranchise', 0, 0),
(17, 'TBCC-Member-Event/Cafe-Amazon-Franchise-Ceremony-on-4-Aug-2016/Cafe''AmazonFranchise_7015.jpg', 'Cafe''AmazonFranchise', 0, 0),
(17, 'TBCC-Member-Event/Cafe-Amazon-Franchise-Ceremony-on-4-Aug-2016/Cafe''AmazonFranchise_7217.jpg', 'Cafe''AmazonFranchise', 0, 0),
(17, 'TBCC-Member-Event/Cafe-Amazon-Franchise-Ceremony-on-4-Aug-2016/Cafe''AmazonFranchise_7805.jpg', 'Cafe''AmazonFranchise', 0, 0),
(17, 'TBCC-Member-Event/Cafe-Amazon-Franchise-Ceremony-on-4-Aug-2016/Cafe''AmazonFranchise_7805_0.jpg', 'Cafe''AmazonFranchise', 0, 0),
(17, 'TBCC-Member-Event/Cafe-Amazon-Franchise-Ceremony-on-4-Aug-2016/Cafe''AmazonFranchise_8433.jpg', 'Cafe''AmazonFranchise', 0, 0),
(17, 'TBCC-Member-Event/Cafe-Amazon-Franchise-Ceremony-on-4-Aug-2016/Cafe''AmazonFranchise_8553.jpg', 'Cafe''AmazonFranchise', 0, 0),
(17, 'TBCC-Member-Event/Cafe-Amazon-Franchise-Ceremony-on-4-Aug-2016/Cafe''AmazonFranchise_8660.jpg', 'Cafe''AmazonFranchise', 0, 0),
(17, 'TBCC-Member-Event/Cafe-Amazon-Franchise-Ceremony-on-4-Aug-2016/Cafe''AmazonFranchise_8769.jpg', 'Cafe''AmazonFranchise', 0, 0),
(17, 'TBCC-Member-Event/Cafe-Amazon-Franchise-Ceremony-on-4-Aug-2016/Cafe''AmazonFranchise_9792.jpg', 'Cafe''AmazonFranchise', 0, 0),
(17, 'TBCC-Member-Event/Cafe-Amazon-Franchise-Ceremony-on-4-Aug-2016/Cafe''AmazonFranchise_9981.jpg', 'Cafe''AmazonFranchise', 0, 0),
(43, '26-Sep-2016/Monthly meeting@Aug_150.jpg', 'TBCC Monthly Party at Moto Cafe Aug 2015', 0, 0),
(43, '26-Sep-2016/Monthly meeting@Aug_699.jpg', 'TBCC Monthly Party at Moto Cafe Aug 2015', 0, 0),
(43, '26-Sep-2016/Monthly meeting@Aug_1616.jpg', 'TBCC Monthly Party at Moto Cafe Aug 2015', 0, 0),
(43, '26-Sep-2016/Monthly meeting@Aug_1641.jpg', 'TBCC Monthly Party at Moto Cafe Aug 2015', 0, 0),
(43, '26-Sep-2016/Monthly meeting@Aug_1706.jpg', 'TBCC Monthly Party at Moto Cafe Aug 2015', 0, 0),
(43, '26-Sep-2016/Monthly meeting@Aug_1937.jpg', 'TBCC Monthly Party at Moto Cafe Aug 2015', 0, 0),
(43, '26-Sep-2016/Monthly meeting@Aug_1992.jpg', 'TBCC Monthly Party at Moto Cafe Aug 2015', 0, 0),
(43, '26-Sep-2016/Monthly meeting@Aug_2529.jpg', 'TBCC Monthly Party at Moto Cafe Aug 2015', 0, 0),
(43, '26-Sep-2016/Monthly meeting@Aug_2131.jpg', 'TBCC Monthly Party at Moto Cafe Aug 2015', 0, 0),
(43, '26-Sep-2016/Monthly meeting@Aug_2529.jpg', 'TBCC Monthly Party at Moto Cafe Aug 2015', 0, 0),
(43, '26-Sep-2016/Monthly meeting@Aug_7434.jpg', 'TBCC Monthly Party at Moto Cafe Aug 2015', 0, 0),
(43, '26-Sep-2016/Monthly meeting@Aug_9560.jpg', 'TBCC Monthly Party at Moto Cafe Aug 2015', 0, 0);

-- --------------------------------------------------------

--
-- Table structure for table `tbl_fmenu`
--

CREATE TABLE IF NOT EXISTS `tbl_fmenu` (
  `id` int(11) NOT NULL AUTO_INCREMENT,
  `fa_icon` varchar(20) DEFAULT NULL,
  `parent_id` int(11) NOT NULL DEFAULT '0',
  `menu_type_id` int(11) NOT NULL DEFAULT '0',
  `menu_link` varchar(64) DEFAULT NULL,
  `url` tinytext,
  `attach_file` varchar(120) DEFAULT NULL,
  `ordering` int(3) DEFAULT '0',
  `is_active` tinyint(1) NOT NULL DEFAULT '1',
  `modified_by` int(5) NOT NULL,
  `created_at` datetime DEFAULT NULL,
  `updated_at` datetime DEFAULT NULL,
  PRIMARY KEY (`id`)
) ENGINE=InnoDB  DEFAULT CHARSET=latin1 AUTO_INCREMENT=22 ;

--
-- Dumping data for table `tbl_fmenu`
--

INSERT INTO `tbl_fmenu` (`id`, `fa_icon`, `parent_id`, `menu_type_id`, `menu_link`, `url`, `attach_file`, `ordering`, `is_active`, `modified_by`, `created_at`, `updated_at`) VALUES
(2, NULL, 0, 1, 'HOME', 'home', NULL, 1, 1, 1, NULL, '2016-10-20 20:47:21'),
(3, NULL, 0, 1, 'About', NULL, NULL, 2, 1, 0, NULL, NULL),
(5, NULL, 3, 1, 'committee', 'about/committee', NULL, 2, 1, 0, NULL, NULL),
(6, NULL, 3, 1, 'background', 'information/3/background', NULL, 1, 1, 0, NULL, NULL),
(7, NULL, 0, 1, 'event_news', '', NULL, 4, 1, 0, NULL, NULL),
(8, NULL, 0, 1, 'useful_information', NULL, NULL, 5, 1, 0, NULL, NULL),
(9, NULL, 0, 1, 'contact', 'contact', NULL, 6, 1, 0, NULL, NULL),
(10, NULL, 21, 1, '1', 'members/current_members', NULL, 1, 1, 0, NULL, NULL),
(11, NULL, 21, 1, 'members', '', 'TBCC_Regulation_and_Members_Benefit_2016.pdf', 2, 1, 1, NULL, '2016-09-24 09:04:29'),
(12, NULL, 21, 1, 'how_to_be_our_member', '', 'TBCC_Membership_Application_Form_2016.pdf', 3, 1, 1, NULL, '2016-09-24 09:05:06'),
(14, NULL, 7, 1, 'news', 'event/report/1/news', NULL, 2, 1, 0, NULL, NULL),
(15, NULL, 7, 1, '3', 'event/2/recent-events', NULL, 3, 1, 0, NULL, NULL),
(16, NULL, 7, 1, 's', 'event/3/upcoming-event', NULL, 4, 1, 0, NULL, NULL),
(17, NULL, 7, 1, '1', 'event/event_meeting_schedule', NULL, 5, 1, 0, NULL, NULL),
(18, NULL, 8, 1, '2', 'useful_information/2/download-document', NULL, 1, 1, 0, NULL, NULL),
(19, NULL, 8, 1, '1', 'useful_information/3/presentation', NULL, 2, 1, 0, NULL, NULL),
(20, NULL, 8, 1, '12', 'useful_information/4/research-and-special-report', NULL, 3, 1, 0, NULL, NULL),
(21, NULL, 0, 1, 'members_ca', NULL, NULL, 3, 1, 0, NULL, NULL);

-- --------------------------------------------------------

--
-- Table structure for table `tbl_fmenu_description`
--

CREATE TABLE IF NOT EXISTS `tbl_fmenu_description` (
  `id` int(11) NOT NULL AUTO_INCREMENT,
  `fmenu_id` int(11) NOT NULL,
  `language_id` int(11) NOT NULL DEFAULT '1',
  `name` varchar(64) CHARACTER SET utf8 COLLATE utf8_unicode_ci DEFAULT NULL,
  `description` longtext,
  `meta_description` varchar(255) CHARACTER SET utf8 COLLATE utf8_unicode_ci DEFAULT NULL,
  `meta_keywords` varchar(255) CHARACTER SET utf8 COLLATE utf8_unicode_ci DEFAULT NULL,
  PRIMARY KEY (`id`)
) ENGINE=InnoDB  DEFAULT CHARSET=latin1 AUTO_INCREMENT=22 ;

--
-- Dumping data for table `tbl_fmenu_description`
--

INSERT INTO `tbl_fmenu_description` (`id`, `fmenu_id`, `language_id`, `name`, `description`, `meta_description`, `meta_keywords`) VALUES
(2, 2, 2, 'HOME', '', '', ''),
(3, 3, 2, 'ABOUT US', NULL, '', ''),
(4, 4, 2, 'Background', NULL, '', ''),
(5, 5, 2, 'Committee', '', '', ''),
(6, 6, 2, 'Background', '', '', ''),
(7, 7, 2, 'EVENT & NEWS', NULL, '', ''),
(8, 8, 2, 'USEFUL INFORMATION', NULL, '', ''),
(9, 9, 2, 'CONTACT', '', '', ''),
(10, 10, 2, 'Our Current Members', '', '', ''),
(11, 11, 2, 'Member''s Benefit', '', '', ''),
(12, 12, 2, 'How to be our members?', '', '', ''),
(14, 14, 2, 'News', '', '', ''),
(15, 15, 2, 'Recently Events', '', '', ''),
(16, 16, 2, 'Upcoming Events', '', '', ''),
(17, 17, 2, 'Meeting Schedules', '', '', ''),
(18, 18, 2, 'Download Document', '', '', ''),
(19, 19, 2, 'Presentation', '', '', ''),
(20, 20, 2, 'Research', '', '', ''),
(21, 21, 2, 'MEMBERS', NULL, NULL, NULL);

-- --------------------------------------------------------

--
-- Table structure for table `tbl_group_role`
--

CREATE TABLE IF NOT EXISTS `tbl_group_role` (
  `id` int(11) NOT NULL AUTO_INCREMENT,
  `modified_by` int(5) NOT NULL,
  `name` varchar(50) COLLATE utf8_unicode_ci NOT NULL,
  `group_id` int(5) DEFAULT NULL,
  `remark` varchar(150) COLLATE utf8_unicode_ci DEFAULT NULL,
  PRIMARY KEY (`id`)
) ENGINE=InnoDB  DEFAULT CHARSET=utf8 COLLATE=utf8_unicode_ci AUTO_INCREMENT=5 ;

--
-- Dumping data for table `tbl_group_role`
--

INSERT INTO `tbl_group_role` (`id`, `modified_by`, `name`, `group_id`, `remark`) VALUES
(1, 0, 'Top Admin Role', 1, 'Controll'),
(2, 0, 'Administrator Role', 3, ''),
(3, 0, 'Translator', 5, ''),
(4, 0, 'IT', 6, '');

-- --------------------------------------------------------

--
-- Table structure for table `tbl_group_role_detail`
--

CREATE TABLE IF NOT EXISTS `tbl_group_role_detail` (
  `id` int(11) NOT NULL AUTO_INCREMENT,
  `group_role_id` int(11) DEFAULT NULL,
  `menu_code` varchar(45) COLLATE utf8_unicode_ci NOT NULL,
  `parent_menu_id` int(11) NOT NULL,
  `menu_id` int(11) DEFAULT NULL,
  `read` int(1) unsigned zerofill DEFAULT '0',
  `write` int(1) unsigned zerofill DEFAULT '0',
  PRIMARY KEY (`id`)
) ENGINE=InnoDB  DEFAULT CHARSET=utf8 COLLATE=utf8_unicode_ci AUTO_INCREMENT=956 ;

--
-- Dumping data for table `tbl_group_role_detail`
--

INSERT INTO `tbl_group_role_detail` (`id`, `group_role_id`, `menu_code`, `parent_menu_id`, `menu_id`, `read`, `write`) VALUES
(869, 1, 'm05', 0, 7, 1, 1),
(870, 1, 's04', 7, 33, 1, 1),
(871, 1, 'm04', 0, 34, 1, 1),
(872, 1, 's05', 34, 36, 1, 1),
(873, 1, 'm01', 0, 1, 1, 1),
(874, 1, 's01', 1, 8, 1, 1),
(875, 1, 's02', 1, 9, 1, 1),
(876, 1, 's03', 1, 10, 1, 1),
(877, 1, 'm06', 0, 63, 1, 1),
(878, 1, 's09', 63, 46, 1, 1),
(879, 1, 's27', 63, 86, 1, 1),
(880, 1, 'm03', 0, 37, 1, 1),
(881, 1, 's08', 37, 38, 1, 1),
(882, 1, 's07', 37, 39, 1, 1),
(943, 2, 'm05', 0, 7, 1, 1),
(944, 2, 's04', 7, 33, 1, 1),
(945, 2, 'm04', 0, 34, 1, 1),
(946, 2, 's30', 34, 90, 1, 1),
(947, 2, 's31', 34, 91, 1, 1),
(948, 2, 's32', 34, 92, 1, 1),
(949, 2, 'm01', 34, 1, 1, 1),
(950, 2, 's01', 0, 8, 1, 1),
(951, 2, 's02', 0, 9, 1, 1),
(952, 2, 's03', 1, 10, 1, 1),
(953, 2, 'm03', 1, 37, 1, 1),
(954, 2, 's08', 1, 38, 1, 1),
(955, 2, 's07', 0, 39, 1, 1);

-- --------------------------------------------------------

--
-- Table structure for table `tbl_group_user`
--

CREATE TABLE IF NOT EXISTS `tbl_group_user` (
  `id` int(11) NOT NULL AUTO_INCREMENT,
  `name` varchar(50) COLLATE utf8_unicode_ci NOT NULL,
  `status` tinyint(1) NOT NULL DEFAULT '1',
  `remark` varchar(150) COLLATE utf8_unicode_ci DEFAULT NULL,
  `modified_by` int(5) NOT NULL,
  PRIMARY KEY (`id`)
) ENGINE=InnoDB  DEFAULT CHARSET=utf8 COLLATE=utf8_unicode_ci AUTO_INCREMENT=7 ;

--
-- Dumping data for table `tbl_group_user`
--

INSERT INTO `tbl_group_user` (`id`, `name`, `status`, `remark`, `modified_by`) VALUES
(1, 'Top Administrator', 1, '', 1),
(3, 'Administrator', 2, '', 1),
(4, 'Group_FN', 2, 'Finance ', 0),
(5, 'Translator', 2, 'This group is used to check language spelling on website.', 0),
(6, 'IT_&_Business_Support', 2, 'For IT & Business Support only ', 0);

-- --------------------------------------------------------

--
-- Table structure for table `tbl_information`
--

CREATE TABLE IF NOT EXISTS `tbl_information` (
  `id` int(3) NOT NULL AUTO_INCREMENT,
  `modified_by` int(5) NOT NULL,
  `created_at` datetime DEFAULT NULL,
  `updated_at` datetime DEFAULT NULL,
  PRIMARY KEY (`id`)
) ENGINE=InnoDB  DEFAULT CHARSET=utf8 COLLATE=utf8_unicode_ci AUTO_INCREMENT=8 ;

--
-- Dumping data for table `tbl_information`
--

INSERT INTO `tbl_information` (`id`, `modified_by`, `created_at`, `updated_at`) VALUES
(3, 1, '2016-08-22 20:44:07', '2016-09-07 21:12:12'),
(4, 1, '2016-08-22 20:44:50', '2016-08-23 00:25:28'),
(5, 1, '2016-08-22 22:20:26', '2016-08-22 22:20:26'),
(6, 1, '2016-08-23 00:08:23', '2016-09-07 21:12:58'),
(7, 1, '2016-08-23 00:27:36', '2016-08-23 00:30:26');

-- --------------------------------------------------------

--
-- Table structure for table `tbl_information_description`
--

CREATE TABLE IF NOT EXISTS `tbl_information_description` (
  `information_id` int(11) NOT NULL,
  `language_id` int(3) DEFAULT NULL,
  `name` varchar(120) COLLATE utf8_unicode_ci NOT NULL,
  `description` longtext COLLATE utf8_unicode_ci,
  `meta_keyword` varchar(255) COLLATE utf8_unicode_ci DEFAULT NULL,
  `meta_description` text COLLATE utf8_unicode_ci
) ENGINE=InnoDB DEFAULT CHARSET=utf8 COLLATE=utf8_unicode_ci;

--
-- Dumping data for table `tbl_information_description`
--

INSERT INTO `tbl_information_description` (`information_id`, `language_id`, `name`, `description`, `meta_keyword`, `meta_description`) VALUES
(3, 2, 'Background', '<p style="text-align: justify;">Thai Ambassador to the Kingdom of Cambodia, H.E. Mr. Doumdech Bunnark inspired Thai business persons in theKingdom to establish Thai Business Council of Cambodia to provide information and guidance to Thai investorsinterested in doing business and/or invest in Cambodia.</p>\r\n\r\n<p style="text-align: justify;">&nbsp;</p>\r\n\r\n<p style="text-align: justify;">Thai Business Council of Cambodia also serves as communication channel between the embassy and Thai Peopleresiding in Cambodia on issues important and on emergency situation.</p>\r\n\r\n<p style="text-align: justify;">&nbsp;</p>\r\n\r\n<p style="text-align: justify;">The Thai Business Council of Cambodia was successfully established on July 22, 1999 through the great support fromn Mr. Samrerng Traiukhoat, Minister Counselor of Comercial Affairs at that time.</p>\r\n\r\n<p style="text-align: justify;">&nbsp;</p>\r\n\r\n<p style="text-align: justify;">Prior to the creation of TBCC, there was a Thai investor group led by Bangkok Bank&rsquo;s Manager, Mr. Nikom, and theSecond Secretary of the Royal Thai Embassy, Mr. Dusith who are the key persons to established and draft the firstregulation of TBCC.</p>\r\n\r\n<p style="text-align: justify;">&nbsp;</p>\r\n\r\n<p style="text-align: justify;">Under the first presidency of Mr. Somsak Rinruengsin, Modern Plastic &amp; Packaging Co., Ltd., TBCC had an office in hiscompany and later on during the term of Minister Counselor of Commercial Affairs, Mr. Bunnarith Kalayanmith, TBCCmoved to the Royal Thai Embassy up to today.</p>\r\n\r\n<p style="text-align: justify;">&nbsp;</p>\r\n\r\n<p style="text-align: justify;">Thai Business Council of Cambodia changed its name to Thai Business Council in Cambodia since 2014. NowMrs.Oranooch Pakarat, Owner and Manager of Intra Co (Logistic Company in Cambodia) is the current TBCCpresident for the year 2016-2017.</p>\r\n\r\n<p style="text-align: justify;">&nbsp;</p>\r\n\r\n<p style="text-align: justify;"><strong>TBCCCommittees and Staffs2016-2017</strong></p>\r\n\r\n<p style="text-align: justify;">&nbsp;</p>\r\n\r\n<p style="text-align: justify;">See inname list inExcel Files&ldquo;Committee&rdquo; andorganize Chart as below</p>\r\n', NULL, NULL),
(4, 2, 'WHAT PEOPLE SAY', '<p><span style="font-size:16px">TBCC &ldquo;the center of Thai Business and Community in Cambodia&rdquo;</span></p>\r\n', NULL, NULL),
(5, 2, 'About TBCC Cambodia', '<p><span style="font-size:14px"><strong>Background</strong></span></p>\r\n\r\n<p>Thai Ambassador to the Kingdom of Cambodia, H.E. Mr. Doumdech Bunnark inspired Thai business persons in theKingdom to establish Thai Business Council of Cambodia to provide information and guidance to Thai investorsinterested in doing business and/or invest in Cambodia.</p>\r\n\r\n<p>Thai Business Council of Cambodia also serves as communication channel between the embassy and Thai Peopleresiding in Cambodia on issues important and on emergency situation.</p>\r\n\r\n<p>The Thai Business Council of Cambodia was successfully established on July 22, 1999 through the great support fromMr. Samrerng Traiukhoat, Minister Counselor of Comercial Affairs at that time.</p>\r\n\r\n<p>Prior to the creation of TBCC, there was a Thai investor group led by Bangkok Bank&rsquo;s Manager, Mr. Nikom, and theSecond Secretary of the Royal Thai Embassy, Mr. Dusith who are the key persons to established and draft the firstregulation of TBCC.</p>\r\n\r\n<p>Under the first presidency of Mr. Somsak Rinruengsin, Modern Plastic &amp; Packaging Co., Ltd., TBCC had an office in hiscompany and later on during the term of Minister Counselor of Commercial Affairs, Mr. Bunnarith Kalayanmith, TBCCmoved to the Royal Thai Embassy up to today.</p>\r\n\r\n<p>Thai Business Council of Cambodia changed its name to Thai Business Council in Cambodia since 2014. NowMrs.Oranooch Pakarat, Owner and Manager of Intra Co (Logistic Company in Cambodia) is the current TBCCpresident for the year 2016-2017.</p>\r\n\r\n<p><strong><span style="font-size:16px">TBCCCommittees and Staffs2016-2017</span></strong></p>\r\n\r\n<p>See inname list inExcel Files&ldquo;Committee&rdquo; andorganize Chart as below</p>\r\n\r\n<p>&nbsp;</p>\r\n', NULL, NULL),
(6, 2, 'Welcome to TBCC', '<p style="text-align: justify;">Welcome to the Thai Business Council in Cambodia or TBCC &ldquo;the center of Thai Business and Community in Cambodia&rdquo; . We are group of Thai Business person and Thai people who residing in Thailand and Cambodia. We provide information and guidance to Thai investors interested in doing business and/or invests in Cambodia. And we also serve as communication channel between the embassy and Thai People residing in Cambodia on issues important and on emergency situation. We are c ooperating and networking with many local and international partners, not only in Thailand and Cambodia but also from around the World, both government and private sectors.</p>\r\n\r\n<p style="text-align: justify;">&nbsp;</p>\r\n\r\n<p style="text-align: justify;">&nbsp;</p>\r\n', NULL, NULL),
(7, 2, 'GET INTOUCH', '<p>And get the lastest information about our company news and offer</p>\r\n', NULL, NULL);

-- --------------------------------------------------------

--
-- Table structure for table `tbl_language`
--

CREATE TABLE IF NOT EXISTS `tbl_language` (
  `id` int(3) NOT NULL AUTO_INCREMENT,
  `name` varchar(32) DEFAULT NULL,
  `code` varchar(3) DEFAULT NULL,
  `image` varchar(64) DEFAULT NULL,
  `ordering` int(3) NOT NULL DEFAULT '0',
  `is_active` tinyint(1) NOT NULL DEFAULT '1',
  `created_at` datetime DEFAULT NULL,
  `updated_at` datetime DEFAULT NULL,
  PRIMARY KEY (`id`)
) ENGINE=InnoDB  DEFAULT CHARSET=latin1 AUTO_INCREMENT=3 ;

--
-- Dumping data for table `tbl_language`
--

INSERT INTO `tbl_language` (`id`, `name`, `code`, `image`, `ordering`, `is_active`, `created_at`, `updated_at`) VALUES
(2, 'English', 'en', 'images/upload/flag/en.png', 1, 1, '2016-08-21 11:31:48', '2015-12-22 18:25:31');

-- --------------------------------------------------------

--
-- Table structure for table `tbl_layout_possition`
--

CREATE TABLE IF NOT EXISTS `tbl_layout_possition` (
  `id` int(3) NOT NULL AUTO_INCREMENT,
  `image` varchar(32) DEFAULT NULL,
  `name` varchar(32) DEFAULT NULL,
  `keywords` varchar(32) DEFAULT NULL,
  PRIMARY KEY (`id`)
) ENGINE=InnoDB  DEFAULT CHARSET=latin1 AUTO_INCREMENT=14 ;

--
-- Dumping data for table `tbl_layout_possition`
--

INSERT INTO `tbl_layout_possition` (`id`, `image`, `name`, `keywords`) VALUES
(1, NULL, 'Header Top Left', 'header_top_left'),
(2, NULL, 'Header Top Right', 'header_top_right'),
(3, NULL, 'Header Bottom Left', 'header_bottom_left'),
(4, NULL, 'Header Bottom Right', 'header_bottom_right'),
(5, NULL, 'Possition 1', 'possition1'),
(6, NULL, 'Possition 2', 'possition2'),
(7, NULL, 'Possition 3', 'possition3'),
(8, NULL, 'Possition 4', 'possition4'),
(9, NULL, 'Slideshow', 'slideshow'),
(10, NULL, 'Social', 'social'),
(11, NULL, 'Content Top', 'content_top'),
(12, NULL, 'Bottom', 'bottom'),
(13, NULL, 'Footer', 'footer');

-- --------------------------------------------------------

--
-- Table structure for table `tbl_member`
--

CREATE TABLE IF NOT EXISTS `tbl_member` (
  `id` int(11) NOT NULL AUTO_INCREMENT,
  `name` varchar(120) COLLATE utf8_unicode_ci NOT NULL,
  `image` varchar(120) COLLATE utf8_unicode_ci DEFAULT NULL,
  `member_type_id` int(2) NOT NULL,
  `business_type_id` int(2) NOT NULL,
  `position_id` int(2) NOT NULL,
  `company_representative` varchar(150) COLLATE utf8_unicode_ci DEFAULT NULL,
  `base_country` varchar(50) COLLATE utf8_unicode_ci DEFAULT NULL,
  `base_country_id` int(2) DEFAULT NULL,
  `website` varchar(50) COLLATE utf8_unicode_ci DEFAULT NULL,
  `phone` varchar(50) COLLATE utf8_unicode_ci DEFAULT NULL,
  `address` text COLLATE utf8_unicode_ci,
  `description` longtext COLLATE utf8_unicode_ci NOT NULL,
  `email` varchar(50) COLLATE utf8_unicode_ci DEFAULT NULL,
  `remark` text COLLATE utf8_unicode_ci,
  `modified_by` int(5) NOT NULL,
  `created_at` datetime DEFAULT NULL,
  `updated_at` datetime DEFAULT NULL,
  PRIMARY KEY (`id`)
) ENGINE=InnoDB  DEFAULT CHARSET=utf8 COLLATE=utf8_unicode_ci AUTO_INCREMENT=105 ;

--
-- Dumping data for table `tbl_member`
--

INSERT INTO `tbl_member` (`id`, `name`, `image`, `member_type_id`, `business_type_id`, `position_id`, `company_representative`, `base_country`, `base_country_id`, `website`, `phone`, `address`, `description`, `email`, `remark`, `modified_by`, `created_at`, `updated_at`) VALUES
(2, '949 Supplies Co., Ltd.', '01-Sep-2016/949-logo.jpg', 3, 5, 2, 'Ms. Veerawan Katanyuvivad', 'Thailand', 2, 'www.949supplies.com', '(66) 81 3735389 / 077 226683 ', '184/7 Forum Tower 10th Fl. , Ratchadaphisek Rd., Huay Kwang, Bangkok.', '184/7 Forum Tower 10th Fl. , Ratchadaphisek Rd., Huay Kwang, Bangkok.', 'veerawan@949supplies.com', '', 1, NULL, NULL),
(3, 'AEC Business Support Center', '01-Sep-2016/aec-business.jpg', 3, 4, 3, 'Mr.Surachet Maneepong', 'Cambodia', 1, '', '089 976 844', 'Royal Thai Embassy in Phnom Penh', 'Royal Thai Embassy in Phnom Penh', 'chez_natanks@hotmail.com', 'Business Consultant', 1, NULL, NULL),
(4, 'Aiyara Planet', '01-Sep-2016/aiyara-planet.jpg', 4, 5, 4, 'Mr.Nikorn Dooksookkeaw', 'Cambodia', 1, '', '088 469 6633', ' Icon Building ,Norodom Blvd, Tonle Bassac, Chamkarmon,  Phnom Penh ', ' Icon Building ,Norodom Blvd, Tonle Bassac, Chamkarmon,  Phnom Penh ', 'aicambodia@hotmail.com', 'Supplementary Food', 1, NULL, NULL),
(5, 'Ajinomoto Cambodia Co., Ltd.', '01-Sep-2016/ajinomoto.jpg', 5, 12, 4, 'Mr.Uthai Meesaeng', 'Cambodia', 1, '', '089 777 417', 'Phnom Penh Special Economic Zone(PPSEZ)  Angsnoul District,Kandal Province', 'Phnom Penh Special Economic Zone(PPSEZ)  Angsnoul District,Kandal Province', 'uthai_meesaeng@ajinomoto.com', 'Food Processing', 1, NULL, NULL),
(6, 'Angkor Kasekam Roongroeung Co.,Ltd', NULL, 5, 12, 5, 'Mr.Arnusorn Chieu/Jirathitiwanikun', 'Cambodia', 1, '', '016 998 888', 'Phum Angsnoul, Angsnoul district, Kandal province, Kingdom of Camboida\r\n', '', 'arnusorn@gmail.com', 'Rice Miller and Exporter\r\n', 1, NULL, NULL),
(7, 'Asia Flour  Mill Corporation', '01-Sep-2016/afmc.jpg', 5, 12, 6, 'Mrs.Srisakul  Lertkungwanklai ', 'Cambodia', 1, '', '016 288 842', '#228 Norodom Blvd. Tonle Bassac Chamcarmon PNH.', '#228 Norodom Blvd. Tonle Bassac Chamcarmon PNH.', 'joy4srisakul@gmail.com', 'Manufacturer/Industry', 1, NULL, NULL),
(8, 'Asia Insurance(Cambodia) Plc', '01-Sep-2016/Asia Insurance(Cambodia) Plc.jpg', 5, 21, 4, 'Mr.Santi Laonikakra', 'Cambodia', 1, '', '088 411 5551', '#5,St.13 Sangkat Wat Phnom, Khan Daun Penh, (Next to Post Office), Phnom Penh', '#5,St.13 Sangkat Wat Phnom, Khan Daun Penh, (Next to Post Office), Phnom Penh', 'gm@asiainsurance.com.kh', 'Non-Life Insurance', 1, NULL, NULL),
(9, 'ATOM Computor Co., Ltd', '01-Sep-2016/atom.jpg', 4, 15, 7, 'Mr.Chinnawat', 'Cambodia', 1, '', '086 878872', '748 Kampuche Krom Phasr Dep2 Toul Kork Phnom Penh', '748 Kampuche Krom Phasr Dep2 Toul Kork Phnom Penh', 'atomcomputer.official@gmail.com , chinnawat@jiantb', 'Computer and Accessories, IT Product', 1, NULL, NULL),
(10, 'B.P.C. Co., Ltd.', '01-Sep-2016/bpc.jpg', 5, 5, 4, 'Mr.Manoj Nuchnart', 'Cambodia', 1, '', '011 533 555', 'Damnak Thom Village, Sangkat Steung Meanchey, 12352 Phnom Penh', 'Damnak Thom Village, Sangkat Steung Meanchey, 12352 Phnom Penh', 'bpcmanoj@gmail.com', 'Consumer and Construction', 1, NULL, NULL),
(11, 'Bangkok Airways Public Company Limited', NULL, 5, 10, 8, 'Mr. Niwat Neonan', 'Cambodia', 1, '', '016 812 868', '# 61A, St. 214,Sk.Beong Rang,Kh.Daun Penh,Phnom Penh.\r\n', '', 'niwat@bangkokair.com', 'Airline\r\n', 1, NULL, NULL),
(12, 'Bangkok Bank Public Company Limited', '01-Sep-2016/bankok-bank.jpg', 5, 21, 4, 'Ms. Yiamsri Ubonpong', 'Cambodia', 1, '', '', '', '', '', '', 1, NULL, NULL),
(13, 'Best Tan Garment Ltd', NULL, 5, 16, 25, 'Ms.Thida Sok', 'Cambodia', 1, '', '097 777 7830', '#1571, Sangkat Chak Angre Krom, Khan Meanchey, PNH\r\n', '', 'thida78@yahoo.com', 'Garment Factory\r\n', 1, NULL, NULL),
(14, 'Betagro Cambodia Company Limited', '01-Sep-2016/betagro.jpg', 5, 17, 4, 'Mr.Somjate Paewponsong', 'Cambodia', 1, '', '099-628 284', 'Office at #62A,St.205,Sangkat Tomnoptoek,Kh Chamkamorn,PNH / Factory in PPSEZ', 'Office at #62A,St.205,Sangkat Tomnoptoek,Kh Chamkamorn,PNH / Factory in PPSEZ', 'Somjatep@betagro.com', 'Animal Feed , Farm, Food Product', 1, NULL, NULL),
(15, 'B-Quik(Cambodia) Co.,Ltd', '01-Sep-2016/be-quick.jpg', 5, 14, 26, 'Mr. Narongchai Jomputsa', 'Cambodia', 1, '', '078 934 203', 'AEON Mall , Phnom Penh', 'AEON Mall , Phnom Penh', 'bqaeonmall@b-quik.com', 'Car Service Center', 1, NULL, NULL),
(16, 'Branch of Wire & Wireless Co.,Ltd', '01-Sep-2016/Wire-&-Wireless.jpg', 5, 15, 27, 'Mr.Nachawit Boonopas', 'Cambodia', 1, '', '', '', '', '', '', 1, NULL, NULL),
(17, 'C (Cambodia) Development Co.,Ltd.', NULL, 5, 12, 4, 'Mr. Apichart  Duang-Art', 'Cambodia', 1, '', '099 319 847', '#04E,St 588,Sangkat Boeung kok II, Khan Toul kork, PNH\r\n', '', 'nachawit2512@gmail.com', 'Hardware and Software Installation \r\n', 1, NULL, NULL),
(18, 'C.P Cambodia Co., Ltd.', '01-Sep-2016/cp-cambodia.jpg', 5, 17, 9, 'Mr.Wittaya Kreangkriwit', 'Cambodia', 1, '', '099-712663', 'Nation Road #4 Bekchan Village, Angsnoul Kandol ,PNH.', 'Nation Road #4 Bekchan Village, Angsnoul Kandol ,PNH.', 'wittaya@cpcambodia.com.kh , poohrich@cpcambodia.co', 'Animal Feed , Farm, Food Processing Product', 1, NULL, NULL),
(19, 'Cambodia  Air Traffic Services Co., Ltd.', '01-Sep-2016/cambodia-air-traffic.jpg', 5, 18, 25, 'Mr. Teerachai Phongpanagnam ', 'Cambodia', 1, '', '016 810 010/016 771 123', 'Cats Buliding Opposite Phnom Penh International Airport,', 'Cats Buliding Opposite Phnom Penh International Airport,', 'teerachai@cats.com.kh', 'Air Traffic Communication', 1, NULL, NULL),
(20, 'Cambodia Thai Logistics & Trading (C.T.L.T.)', NULL, 4, 19, 25, 'Mr.Aneak Boonmark', 'Cambodia', 1, '', '011 815000', '18E , St.578, Boeungkork II, Toulkork, Phnom Penh\r\n', '', 'aneak.b@ctltgroup.com', 'Freight Forwarder , Warehouse and Logistics\r\n', 1, NULL, NULL),
(21, 'Cambodian Commercial Bank', '01-Sep-2016/cambodia-comecial-bank.jpg', 5, 21, 10, 'Mr.Suriyah Termlertmanuswong', 'Cambodia', 1, '', '011 832211', '#26 Monivong Blvd, Sangkat Phsar Thmei ll, Khan Duan Penh, PHN.', '#26 Monivong Blvd, Sangkat Phsar Thmei ll, Khan Duan Penh, PHN.', 'suriyah@ccb.com.kh', 'Commercial Bank', 1, NULL, NULL),
(22, 'Cambodian DTV Network Limited', '01-Sep-2016/dtv1.jpg', 5, 18, 11, 'Mr. Banpot Deekham', 'Cambodia', 1, '', '099 910 009', '#A9  St.271, Sangkat Tomnoptoek, Khan Chamkarmon, Phnom Penh', '#A9  St.271, Sangkat Tomnoptoek, Khan Chamkarmon, Phnom Penh', 'banpotd@dtvcambodia.com', 'Cable/Seatlelite TV', 1, NULL, NULL),
(23, 'Cambodian Thai Engineering & Contruction (C.T.E.C.)', NULL, 4, 24, 25, 'Mr.Aneak Boonmark', 'Cambodia', 1, '', '010 815000', '18E , St.578, Boeungkork II, Toulkork, Phnom Penh\r\n', '', 'info@ctec-info.com', 'Engineering/Contractor\r\n', 1, NULL, NULL),
(24, 'Chenda Polyclinic', '01-Sep-2016/chenda.jpg', 5, 20, 25, 'Ms. Kanyapak  Reinvetch ', 'Cambodia', 1, '', '012 710 789', ' #8EO, Street 39, Sangkat Sraas Chak, Khan Daun Penh, Phnom Penh ', ' #8EO, Street 39, Sangkat Sraas Chak, Khan Daun Penh, Phnom Penh ', 'kanya@csc.org', 'Medical Clinic', 1, NULL, NULL),
(25, 'Chenda Polyclinic', '01-Sep-2016/chenda.jpg', 3, 20, 12, 'Ms.Chonthida Supaprom', 'Cambodia', 1, '', '023-555-3156', ' #8EO, Street 39, Sangkat Sraas Chak, Khan Daun Penh, Phnom Penh ', ' #8EO, Street 39, Sangkat Sraas Chak, Khan Daun Penh, Phnom Penh ', 'info@chendapolyclinic.com', 'Medical Clinic', 1, NULL, NULL),
(26, 'Chenda Polyclinic', '01-Sep-2016/chenda.jpg', 3, 25, 13, 'Ms.Tanakrita Sutthikamon', 'Cambodia', 1, '', '092 683 476', ' #8EO, Street 39, Sangkat Sraas Chak, Khan Daun Penh, Phnom Penh ', ' #8EO, Street 39, Sangkat Sraas Chak, Khan Daun Penh, Phnom Penh ', 'pui@chendapolyclinic.com', 'Medical Clinic', 1, NULL, NULL),
(27, 'CIMB THAI PLC', '01-Sep-2016/CIMB.jpg', 5, 21, 14, 'Mr.Padej Piroonsit', 'Cambodia', 1, '', ' (66) 8 1819 5615 ', ' CIMB Thai, 44 Langsuan Road Lumpini Patumwan, Bangkok 10330, Thailand  ', ' CIMB Thai, 44 Langsuan Road Lumpini Patumwan, Bangkok 10330, Thailand  ', 'padej.p@cimbthai.com', 'Commercial Bank', 1, NULL, NULL),
(28, 'Creatus Corporation limited', '01-Sep-2016/creatus.jpg', 3, 11, 2, 'Mr.Trinupab Jiratritarn', 'Cambodia', 1, '', '081 827 4809', 'Thailand', 'Thailand', 'information@creatuscorp.com', 'Innovation and Solution Products', 1, NULL, NULL),
(29, 'CTI Logistic (Cambodia) Co., Ltd. ', '01-Sep-2016/cti-logistic.png', 4, 5, 26, 'Mr.Meng Kouch', 'Cambodia', 1, '', '012 896965', 'no. 175 Unit 2F Russian Blvd. Teuk Thla, Khan Sen Sok, Phnom Penh', 'no. 175 Unit 2F Russian Blvd. Teuk Thla, Khan Sen Sok, Phnom Penh', 'meng@cticambodia.com  , pasu@ctibkk.com ', 'Freight Forwarder , Warehouse and Logistics', 1, NULL, NULL),
(30, 'D Network Worldwide (Cambodia) Co.,Ltd', '01-Sep-2016/Dnetwork.png', 5, 20, 25, 'Mr.Natthaphong Bunsaram', 'Cambodia', 1, '', '016 606 034', '#254 St 271, Sangkat Toul Tom Pong II, Khan Cham Karmon, Phnom Penh, Cambodia.', '#254 St 271, Sangkat Toul Tom Pong II, Khan Cham Karmon, Phnom Penh, Cambodia.', 'chemchannika@dncambodia.com', 'Healthcare Product', 1, NULL, NULL),
(31, 'Da Houg Heng Enterprises Ltd.', '01-Sep-2016/dhe.jpg', 5, 5, 15, 'Mr.Nattachai Pusuthikammawonk', 'Cambodia', 1, '', '092 249 154', '# 265 Km 6 national road 5 , Rusey Keo , Phnom Penh', '# 265 Km 6 national road 5 , Rusey Keo , Phnom Penh', 'nattachai2010@gmail.com', 'Consumer / Phamarcy / Personal Care Product', 1, NULL, NULL),
(32, 'DEAM', '01-Sep-2016/14034755_1260538527298035_1849382283627843332_n.png', 4, 15, 28, 'Mr.Somboon Mongkolsombat', 'Cambodia', 1, '', '012 574 299', ' Phnom Penh ', ' Phnom Penh ', 'profsomboon@yahoo.com', 'Software Developer', 1, NULL, NULL),
(33, 'DENSO (Cambodia) Co.,Ltd', '01-Sep-2016/denso-logo.jpg', 5, 12, 5, 'Mr.Wiroon Sak-Alonkorn', 'Cambodia', 1, '', '077 555 421', 'LotP1-021,022 Phnom Penh Special Economic Zone', 'LotP1-021,022 Phnom Penh Special Economic Zone', 'wiroon.s@denso.com.kh', 'Automotive Spare Part Factory', 1, NULL, NULL),
(34, 'DFDL Mekong (Cambodia) Co.,Ltd', '01-Sep-2016/dfdl.png', 5, 4, 16, 'Ms.Dussadeemala Pintuwat', 'Cambodia', 1, '', '078 222 346', '#33,St 294(Corner St 29) Sangkat Tonle bassac ,Khan Chamkamorn, PP', '#33,St 294(Corner St 29) Sangkat Tonle bassac ,Khan Chamkamorn, PP', 'pintuwat.d@dfdl.com', 'Business Consultant', 1, NULL, NULL),
(35, 'DNNS Trading ', '01-Sep-2016/dnns.png', 5, 5, 7, 'Mr. Dara Sim', 'Cambodia', 1, '', '077 655 855', ' Phnom Penh ', ' Phnom Penh ', 'simdara.biz@gmail.com', 'Wine and Alcohol Beverage', 1, NULL, NULL),
(36, 'Draft Advertising (FCB)', '01-Sep-2016/draft.jpg', 5, 18, 25, 'Mr. Chantup Desabaedya', 'Cambodia', 1, '', '069 909999 / 012662381', 'No. 9, Chakrey Ponn (St. 208), 12211 Phnom Penh', 'No. 9, Chakrey Ponn (St. 208), 12211 Phnom Penh', 'chantup@fcb-cbd.com', 'Advertising Agency', 1, NULL, NULL),
(37, 'Dutchmill Co.,Ltd', '01-Sep-2016/ducth-milk.jpg', 3, 5, 26, 'Mr.Kittaned Sinbowornsed', 'Cambodia', 1, '', '012 270 476', 'Phnom Penh', 'Phnom Penh', 'kittaned.s@dutchmill.co.th', 'Fresh Milk, Yogurt ', 1, NULL, NULL),
(38, 'Flowerland  Cambodia', '01-Sep-2016/flowerland.jpg', 3, 27, 7, 'Mrs.Phongsaya Maneeintra', 'Cambodia', 1, '', '087 789 642', 'Stree 268 BKK1 Phnom Penh', 'Stree 268 BKK1 Phnom Penh', 'phongsaya2613@gmail.com', 'Flower Decoration, Event Decoration', 1, NULL, NULL),
(39, 'Inthanoon', NULL, 3, 10, 7, 'Mrs. Butsakorn', 'Cambodia', 1, '', '011 214 949', 'Monireth Blvd., Phnom Penh\r\n', '', 'n/a', 'Thai Food Restaurant\r\n', 1, NULL, NULL),
(40, 'Intra  Co., Ltd.', '01-Sep-2016/intra-co.jpg', 5, 28, 26, 'Mrs. Oranooch Pakarat', 'Cambodia', 1, '', '016 912 832', '#2-3,St.118,Sangkat Phsar Thmei II,Kh.Daun Penh', '#2-3,St.118,Sangkat Phsar Thmei II,Kh.Daun Penh', 'manager@intra-mekong.com', 'Freight Forwerder', 1, NULL, NULL),
(41, 'JOIN & COINCORPORATION CO.,LTD.(CAMBODIA) /NAMTIPCAM ENGINEERING & SERVICE Co., Ltd.', '01-Sep-2016/jc.png', 3, 8, 27, 'Mr.Kittikong Hongsuvong', 'Cambodia', 1, '', '011 606777', '207 St.217 (Monireth) Toulkork', '207 St.217 (Monireth) Toulkork', 'kongmec@hotmail.com', 'Consumer Product / Contractor', 1, NULL, NULL),
(42, 'Juliana Hotel', '01-Sep-2016/julina.jpg', 5, 10, 25, 'Mr.Sakchai Tangkoblap', 'Cambodia', 1, '', '093 649 606', '#16 Julaina,Rd. 152,Sk. Veal Vong ,Kh.7 Makara', '#16 Julaina,Rd. 152,Sk. Veal Vong ,Kh.7 Makara', 'julianahotelpp@online.com.kh', 'Hotel/Restaurant/Spa', 1, NULL, NULL),
(43, 'Jungwattana', NULL, 3, 5, 7, 'Mrs. Sirinapatta Sirinapatpokin', 'Cambodia', 1, '', '089 9561425', 'Thailand\r\n', '', 'jung_dk@hotmail.com', 'Cosmetice and Personal Care\r\n', 1, NULL, NULL),
(44, 'JWD ASIA Logistics (Cambodia) Co., Ltd.', '01-Sep-2016/jwd.png', 5, 28, 17, 'Mr.Nuttapon Busarapongpanich', 'Cambodia', 1, '', '011 766801', 'No.27, Street 134, Mittapheap Quarter, 7 Makara District, Phnom Penh, Cambodia.', 'No.27, Street 134, Mittapheap Quarter, 7 Makara District, Phnom Penh, Cambodia.', 'nuttapon.b@jwd-asia.com', 'Freight Forwarder , Warehouse and Logistics', 1, NULL, NULL),
(45, 'Kasikornbank Plc. Phnom Penh Branch', '01-Sep-2016/kasikor_bank.png', 5, 21, 15, 'Mr.Pakapong Poomarporn', 'Cambodia', 1, '', '070 891 188', 'Phnom Penh Tower, no. 445 Monivong Blvd. Phnom Penh Cambodia', 'Phnom Penh Tower, no. 445 Monivong Blvd. Phnom Penh Cambodia', 'pakapong.p@kasikornbank.com', 'Commercial Bank', 1, NULL, NULL),
(46, 'KCS Co., Ltd.', NULL, 5, 18, 25, 'Mr.Sommartr Satitsatian', 'Cambodia', 1, '', '066 861475 ,  086 9357061', 'Phnom Penh\r\n', '', 'sommartr@kcsthailand.com', 'Television Station - TV3 Cambodia\r\n', 1, NULL, NULL),
(47, 'Kerry Worldbridge Logistics Ltd.', '01-Sep-2016/kerry.jpg', 4, 28, 29, 'Mr.Chartchai Vuthitantaveekit', 'Cambodia', 1, '', '095 555 651', 'Icon Building , 216, Norodom Blvd, Tonle Bassac, Phnom Penh', 'Icon Building , 216, Norodom Blvd, Tonle Bassac, Phnom Penh', 'chartchai.v@kerryworldbridge.com', 'Freight Forwarder , Warehouse and Logistics', 1, NULL, NULL),
(48, 'Khmer Surin Restaurant', '01-Sep-2016/Khmer-Surin-.jpg', 4, 10, 7, 'Mrs. La-Ong Hand', 'Cambodia', 1, '', '012 925 647', '# 9, St. 57, Sk. Beoung Keng Kang,Chamkamorn,PHN', '# 9, St. 57, Sk. Beoung Keng Kang,Chamkamorn,PHN', 'ong.t99@gmail.com', 'Restaurant', 1, NULL, NULL),
(49, 'KRAVAN HEALTHCARE CO., LTD. (Roomchang)', NULL, 5, 20, 25, 'Mr. Andrew Newman', 'Cambodia', 1, '', '089 976 565', 'No. 4 (2Fl), St.184, Phsar Thmeny 3, Daun Penh, 12210, Phnom Penh, Cambodia\r\n', '', 'andrew@roomchang.com', 'Dental Clinic and Hospital\r\n', 1, NULL, NULL),
(50, 'Krung Thai Bank Pcl.', '01-Sep-2016/krungthai-abnk.jpg', 5, 21, 4, 'Mr.Sethayut Maneesri', 'Cambodia', 1, '', '099 424 552', '#149,Road 215 Sk. Phsar Depo I,Kh. Toul Kork', '#149,Road 215 Sk. Phsar Depo I,Kh. Toul Kork', 'sethayut.maneesri@ktb.co.th', 'Commercial Bank', 1, NULL, NULL),
(51, 'KUBOTA (Cambodia) Co., Ltd.', '01-Sep-2016/kubuta.jpg', 4, 5, 25, 'Mr.Chalermchai Kittbunthorn', 'Cambodia', 1, '', '012 590011', '#42 Stree 360, BKK 1 , Chamkarmon, Phnom Penh, Cambodia', '#42 Stree 360, BKK 1 , Chamkarmon, Phnom Penh, Cambodia', 'chalermchai.k@kubota.com , pawit.c@kubota.com', 'Agriculture Mechinary Trading and Service ', 1, NULL, NULL),
(52, 'La Parranda Hotel', '01-Sep-2016/la-paradise.jpg', 4, 10, 4, 'Ms.Busaba Patsanguan', 'Cambodia', 1, '', '011 820 517', ' #207,T Mao Tsetoung, Sangkat Toul Svay Prey2,Khan Chamkamon,PNH ', ' #207,T Mao Tsetoung, Sangkat Toul Svay Prey2,Khan Chamkamon,PNH ', 'info@laparrandahotels.com', 'Hotel/Restaurant/Spa', 1, NULL, NULL),
(53, 'Lim Line International (Cambodia) Garment Co., Ltd.', '01-Sep-2016/lime-line.png', 4, 6, 25, 'Mr. Puvadol Puriteerangkul', 'Cambodia', 1, '', '097 883 6091', 'No.120G St.907 Sangkat Tuol Sangke, Khan Russey Keo, Phnom Penh', 'No.120G St.907 Sangkat Tuol Sangke, Khan Russey Keo, Phnom Penh', 'purip@limline.co.th', 'Garment Factory', 1, NULL, NULL),
(54, 'Lions Integrated Logistics Co.,Ltd', '01-Sep-2016/lion-integrated.png', 5, 28, 25, 'Ms.Chulaluck Phummarin', 'Cambodia', 1, '', '099 770 078/096 611 9999', '#61-64 Norodom Blvd, Corner St 306,  Boeung Keng Kang I, Chamkamorn, PHN', '#61-64 Norodom Blvd, Corner St 306,  Boeung Keng Kang I, Chamkamorn, PHN', 'chulaluck@lionslog.com', 'Freight Forwarder , Warehouse and Logistics', 1, NULL, NULL),
(55, 'Loxley Public Company Limited', '01-Sep-2016/lox.jpg', 5, 5, 19, 'Mr.Voranun Utanjid', 'Cambodia', 1, '', '089 692 979', ' 18/F Canadia Bank Tower No.315, Ang Doung St, Corner Monivong Blvd, PNH ', ' 18/F Canadia Bank Tower No.315, Ang Doung St, Corner Monivong Blvd, PNH ', 'voranun_u@loxley.co.th , songyouko@loxley.co.th', 'Consumer Product', 1, NULL, NULL),
(56, 'M.W. METROPOLITAN INTERNATIONAL BRANDS Co., LTD.', NULL, 3, 10, 30, 'Mr. Bunlong Moeung ', 'Cambodia', 1, '', '069 302 777 / 069 495 777', 'No. 90, Sihanouk Blvd,BKK11 ,Chamkarmorn, Phnom Penh, Cambodia\r\n', '', 'bunlong@mwgroup.com.kh , fearnta28@gmail.com', 'Thai Food Restaurant\r\n', 1, NULL, NULL),
(57, 'Mackerel Engineering Cambodia Co.,Ltd ', '01-Sep-2016/MAc-Kerry.png', 4, 24, 25, 'Mr.Panudach Srichuae', 'Cambodia', 1, '', '097 992 3069', ' #57 Phnom Penh Special Economic Zone, ', ' #57 Phnom Penh Special Economic Zone, ', 'chotiwan.k@gmail.com', 'Engineering Contractor', 1, NULL, NULL),
(58, 'MAMA Thai Restaurant', NULL, 4, 10, 26, 'Mrs.PATCHARAPORN   VORASIL', 'Cambodia', 1, '', '092 761110 / 098 638 942 ', ' 19 St.352 BKK1 PNH Cambodia \r\n', '', 'n/a', 'Restaurant\r\n', 1, NULL, NULL),
(59, 'MBA Engineering & Construction(Cambodia) Co.,Ltd', '01-Sep-2016/mba-engneering.jpg', 4, 24, 25, 'Mr.Ratchakith Vasunan', 'Cambodia', 1, '', '016 497 799', ' #9 Ruby Street, Tom Nop Teak, Chamkar Morn,PHN ', ' #9 Ruby Street, Tom Nop Teak, Chamkar Morn,PHN ', 'ratchakith@mbaengcambodia.com', 'Petro - Engineering Contractor', 1, NULL, NULL),
(60, 'Metro Group of Cambodia Co.,Ltd', '01-Sep-2016/cambodiametro.jpg', 5, 5, 25, 'Mr. Surat Panichpakdee', 'Cambodia', 1, '', '023 428685', '#1778 St.5 Km.3 Koul-Sanke Russeykeo Phnom Penh', '#1778 St.5 Km.3 Koul-Sanke Russeykeo Phnom Penh', 'surat_p@cambodiametro.com', 'CaterpillarHeavy Machinery/Equipment', 1, NULL, NULL),
(61, 'Mistine Cambodia Co.,Ltd', '01-Sep-2016/mistine.jpg', 4, 5, 4, 'Mr.Decha Ruttanacharoensub', 'Cambodia', 1, '', '096 225 1211', ' Monivong Blvd. BKK2 , Phnom Penh Cambodia ', ' Monivong Blvd. BKK2 , Phnom Penh Cambodia ', 'Decha.mtc.cambodia@gmail.com', 'Cosmetice and Personal Care', 1, NULL, NULL),
(62, 'Modern Plastic & Packaging Co.,Ltd.', '01-Sep-2016/modemplastic1.jpg', 5, 6, 31, 'Mr. Somsak Rinruengsin', 'Cambodia', 1, '', '011 601 105', '# 526 N. Rd No.2 ,Chak Angle Re,K. Mean Chey', '# 526 N. Rd No.2 ,Chak Angle Re,K. Mean Chey', 'rinruangsin@hotmail.com , nannierin@gmail.com', 'Plastic Product, Consumer Products', 1, NULL, NULL),
(63, 'N Health Cambodia', '01-Sep-2016/n-health.jpg', 4, 8, 4, 'Mr.Sathit Toonpirom', 'Cambodia', 1, '', '077 397 318', ' Royal Phnom Penh Hospital ', ' Royal Phnom Penh Hospital ', 'sathit.too@nhealth.com', 'Medical Equipment / Pharmacy / Labarotary Service', 1, NULL, NULL),
(64, 'Naratorn 14 (Cambodia)', NULL, 4, 5, 4, 'Mr.Prayong Wanla-iat', 'Cambodia', 1, '', '011 233 319', ' Street 6A, Kien Kleang Village, Preakleap, Russey Keo, Phnom Penh \r\n', '', 'Ellynabank@gmail.com', 'Gas Installation\r\n', 1, NULL, NULL),
(65, 'One to One (Cambodia) Co.,Ltd', '01-Sep-2016/Logo Oto.JPG', 5, 18, 23, 'Mrs. Tiabduan Poolun', 'Cambodia', 1, '', '016 363 680', '18-E4,4th Floor, The Icon Professional Building,', '18-E4,4th Floor, The Icon Professional Building,', 'Tiabduan.P@oto.samartcorp.com', 'Call Center / Customer Management', 1, NULL, NULL),
(66, 'Osotspa', '01-Sep-2016/osotspa.png', 4, 5, 32, 'Mr.Teerapol Dasri', 'Cambodia', 1, '', '092 994664 / (66) 87 1309724 ', 'Cambodia and Thailand', 'Cambodia and Thailand', 'teerapol.d@osotspa-international.com', 'Consumer Products', 1, NULL, NULL),
(67, 'P.W.Scanwell Logistics (Cambodia)', NULL, 4, 28, 25, 'Mr.Phongsakorn Wattanarungsrikajorn', 'Cambodia', 1, '', '(66) 81 822 6369', ' Bangkok \r\n', '', 'kuni@scanwell.com', 'Freight Forwarder , Warehouse and Logistics\r\n', 1, NULL, NULL),
(68, 'Personal Business', NULL, 3, 22, 7, 'Mr.Vichien Tiyamanee', 'Cambodia', 1, '', '086-387 7907', 'Thailand\r\n', '', 'vtiyamanee@yahoo.com', 'Personal Business\r\n', 1, NULL, NULL),
(69, 'Personal Business', NULL, 3, 22, 7, 'Ms.Kessuda Sompukdee', 'Cambodiac', 1, '', '095 98 18 75', 'Phnom Penh\r\n', '', 'garagad_gad@hotmail.com', 'Personal Business\r\n', 1, NULL, NULL),
(70, 'Personal Business', NULL, 3, 22, 7, 'Ms.Paranee Pamornchokprasop', 'Cambodia', 1, '', '012 637 993', 'Room 802, No 19.Street 51\r\n', '', 'iamjune2001@hotmail.com', 'Personal Business\r\n', 1, NULL, NULL),
(71, 'Personal Business', NULL, 3, 22, 7, 'Ms.Rattana Gordon', 'Cambodia', 1, '', '011 457 711', 'F34, Chamkarmon City, Norodom Blvd, PNH\r\n', '', 'gowatersky@yahoo.com', 'Personal Business\r\n', 1, NULL, NULL),
(72, 'Phnom Penh Medscience Service Co.,LTD', NULL, 4, 5, 4, 'Mr.Pantapath Pethdermpham', 'Cambodia', 1, '', '061 200 171', '#1709, St No2 Sangkat Chakangrekrom, Khan Meanchey PHN\r\n', '', 'snk.medscience@gmail.com', 'Medical Equipment and Products\r\n', 1, NULL, NULL),
(73, 'PNN TV', '01-Sep-2016/pnn.png', 5, 18, 2, 'Ms. Kesarin Thirawatananon', 'Cambodia', 1, '', '096 930 8888', '344 L.Y.P. Group, Mao Tse Toung Blvd.Phnom Penh, Cambodia', '344 L.Y.P. Group, Mao Tse Toung Blvd.Phnom Penh, Cambodia', 'kesarin.t@pnn.com.kh', 'Television Station', 1, NULL, NULL),
(74, 'PTT (Cambodia) Limited.', '01-Sep-2016/ppt.jpg', 5, 5, 2, 'Mr. Suthon  Choothian', 'Cambodia', 1, '', '085 777 888', '#146,St.Confederation De La Russie,Sk.Tuk Laak I,Kh.Tuol Kork.', '#146,St.Confederation De La Russie,Sk.Tuk Laak I,Kh.Tuol Kork.', 'suthon.c@pttplc.com', 'Petroleum / Caf Amazon', 1, NULL, NULL),
(75, 'Quality TV Shopping Co.,Ltd', '01-Sep-2016/qualitytv.jpg', 4, 5, 2, 'Mr.Narest Wongudom', 'Cambodia', 1, '', '070 400 819', '#35E0, street. 374,sangkat tuolsvayprey II, khan chamkamorn, phnom penh', '#35E0, street. 374,sangkat tuolsvayprey II, khan chamkamorn, phnom penh', 'narest.1972@gmail.com', 'TV Shopping and Household Products', 1, NULL, NULL),
(76, 'Regent Park Hotel', '01-Sep-2016/regent-park.jpg', 5, 10, 4, 'Mr. Surin Banyatpiyaphod', 'Cambodia', 1, '', '099 998 992', ' # 58 Samdech Sothearos (St.3) PHNOM PENH ', ' # 58 Samdech Sothearos (St.3) PHNOM PENH ', 'regentpark@online.com.kh', 'Hotel/Restaurant/Spa', 1, NULL, NULL),
(78, 'Royal Phnom Penh Hospital', NULL, 5, 20, 28, 'Dr. Somarch Wongkhomthong', 'Cambodia', 1, 'www.bangkokhospital.com', '099 631 403', 'No.888, Confederation de la Russie Blyd (110), 12102 Phnom Penh', 'No.888, Confederation de la Russie Blyd (110), 12102 Phnom Penh', 'somarch@bangkokhospital.com', '', 1, NULL, NULL),
(79, 'S.Khonkaen Food Industry Public Company Limited', NULL, 4, 5, 4, 'Ms.Monthira Boonnak', 'Cambodia', 1, '', '012 839 139', '70CEo-70DEo,Rue 110 soviet union st, Khan Toul kok, Phnom penh', '70CEo-70DEo,Rue 110 soviet union st, Khan Toul kok, Phnom penh', 'sanoe1966@gmail.com', 'Food Products', 1, NULL, NULL),
(80, 'Sahakrungroeung Panich Company Ltd', NULL, 4, 5, 4, 'Ms.Sanoe Khukhantin', 'Cambodia', 1, '', '012 839 139', '70CEo-70DEo,Rue 110 soviet union st, Khan Toul kok, Phnom penh', '70CEo-70DEo,Rue 110 soviet union st, Khan Toul kok, Phnom penh', 'sanoe1966@gmail.com', 'Fishing Net', 1, NULL, NULL),
(81, 'Sammitr Green power Co.,Ltd ', NULL, 4, 12, 4, 'Mr.Thanawat Koomsin', 'Thailand', 1, '', '(66) 89 813 4573', '703 Petchkasem rd., Bangwa Pasijaroen Bangkok 10160', '703 Petchkasem rd., Bangwa Pasijaroen Bangkok 10160', 'thanawat.koo@sgp.co.th', 'Logistic & Energy Solution', 1, NULL, NULL),
(82, 'SCG Cambodia', NULL, 5, 6, 34, 'Ms. Paravee Tumrongsiskul', 'Cambodia', 1, 'paraveet@scg.co.th', '085-777006', '#100,National Road#2,Sangkat Chak Angle Leu, Khan Mean Chey, PHN', '#100,National Road#2,Sangkat Chak Angle Leu, Khan Mean Chey, PHN', '', 'Cement, Counstruction Material', 1, NULL, NULL),
(83, 'SGS Cambodia Limited', NULL, 5, 27, 4, 'Mr.Amnat Pisutsin', 'Cambodia', 1, '', '088 3711 1439', '1076A-1076C,St 371,Sangkat Steung Meanchey,Khan Meanchey,PNH', '1076A-1076C,St 371,Sangkat Steung Meanchey,Khan Meanchey,PNH', 'amnat.pisutsin@sgs.com', 'Inspector  / Auditor', 1, NULL, NULL),
(84, 'SHO Skincare', NULL, 3, 5, 2, 'Ms. Apiraporn Manochat', 'Thailand', 1, '', '(66) 96 7559378  / 095 5800622', 'Bangkok', 'Bangkok', 'apiraporn.may@gmail.com', 'Cosmetice and Personal Care', 1, NULL, NULL),
(85, 'Siamkhmer Wholesales Limited Partnership', NULL, 5, 5, 25, 'Mr.Threeraphong Phuangphosiri', 'Cambodia', 1, '', '', '369 Km.5 Fangkwa-khongloak Aranyaprathet Sakeac ', '369 Km.5 Fangkwa-khongloak Aranyaprathet Sakeac ', 'jp_689@yahoo.com, siamka@yahoo.com', 'Food Product, Meatball, Saugesage', 1, NULL, NULL),
(86, 'Smilephan Co.,Ltd', NULL, 5, 5, 4, 'Mr. Wiroj Hunsamran', 'Cambodia', 1, '', '011 996 601/017 323 621', '#18 B St. Toul Svay Prey 1, Khan Chamkarmon, Phnom Penh', '#18 B St. Toul Svay Prey 1, Khan Chamkarmon, Phnom Penh', 'wrj515@hotmail.com, vichai@smilephan.com', 'Consumer and Personal Care', 1, NULL, NULL),
(87, 'Sompong Sea Food', NULL, 3, 10, 7, 'Mr.Sompong Kitthammaphong', 'Cambodia', 1, '', '069 445 579', '#74,St 245 ,Sangkat Tek laaakII, Khan Toul kork, Phnom penh', '#74,St 245 ,Sangkat Tek laaakII, Khan Toul kork, Phnom penh', 'n/a', 'Thai Food Restaurant', 1, NULL, NULL),
(88, 'Sovannaphum Life Assurance Plc.', NULL, 4, 21, 15, 'Ms.Umapan Charoenying', 'Cambodia', 1, '', '077 991799 / 010 989187', 'Canadia Tower 27th Floor no.315 Monivomg Blvd, PNH, Cambodia', 'Canadia Tower 27th Floor no.315 Monivomg Blvd, PNH, Cambodia', 'talk2umapan@gmail.com , umapan.c@sovannaphumlife.c', 'Life Assurance', 1, NULL, NULL),
(89, 'SSCORP(Cambodia)LTD', NULL, 5, 12, 24, 'Mr.Thanaphol Leelangamwong', 'Cambodia', 1, '', '088 6179 589', 'NR5 Lu Village, Sangkat Svaypak, Khan Russey Keo, PNH', 'NR5 Lu Village, Sangkat Svaypak, Khan Russey Keo, PNH', 'thanaphol@stc-group.com , mom.sscorp@gmail.com, an', 'Rice Miller and Exporter', 1, NULL, NULL),
(90, 'TCC Agro-Industrial(Cambodia) Group', NULL, 5, 16, 25, 'Mr.Visut Somchai', 'Cambodia', 1, '', '012 209 588', 'Reththy 1 village, Keo Phos commune,Stoeng hav district,Preah sihanuk province', 'Reththy 1 village, Keo Phos commune,Stoeng hav district,Preah sihanuk province', 'visuts2011@hotmail.com', 'Port / Palm Plant / Industrial Park', 1, NULL, NULL),
(91, 'Techno - Smile Art', NULL, 3, 5, 7, ' Mr. Boonkue Tungsritrakool', 'Cambodia', 1, '', '011 838388', 'Phnom Penh', 'Phnom Penh', 'boonkue_t@yahoo.com', 'Photo Frame', 1, NULL, NULL),
(92, 'Ten Cousultants Co., Ltd', NULL, 3, 24, 25, 'Mr.Jirasak Ratanaphaithun', 'Thailand', 1, '', '(66) 84 0889305', 'Thailand', 'Thailand', 'jirasak@tenconsultants.com ', 'Enginerring Consultant', 1, NULL, NULL),
(93, 'Thai Airways International', NULL, 5, 10, 4, 'Mr.Chatiya Apinyanukul', 'Cambodia', 1, '', '016 449 399', '#9-14B Regency Business Complex, 294 M.V, Mao Tse Toung, PHN', '#9-14B Regency Business Complex, 294 M.V, Mao Tse Toung, PHN', 'pnhaa@thaiairways.com.kh', 'Airline', 1, NULL, NULL),
(94, 'The Billabong Hotel', NULL, 3, 10, 4, 'Ms.Janny  Newman', 'Cambodia', 1, '', '089 976565', '# 5 St.158 Phnom Penh Cambodia', '# 5 St.158 Phnom Penh Cambodia', 'info@thebillabonghotel.com, janies77@hotmail.com', 'Hotel/Restaurant/Spa', 1, NULL, NULL),
(95, 'The Seaboard Cambodia Development Construction Co.,Ltd.', NULL, 5, 24, 25, 'Mr.Manop Phumkhem', 'Cambodia', 1, '', '016 952 011', '#16,R N 4, Bum Trapeang tool, sangkat kambo khan Dangkor, PNH', '#16,R N 4, Bum Trapeang tool, sangkat kambo khan Dangkor, PNH', 'pumkhem@gmail.com', 'Engineering Contractor', 1, NULL, NULL),
(96, 'The Spa', NULL, 3, 10, 7, 'Mrs.Onanong Keawduangdee', 'Cambodia', 1, '', '092 802119', 'F 62 A, St. Fortune, Teuk Thla, Sensok, Phnom Penh', 'F 62 A, St. Fortune, Teuk Thla, Sensok, Phnom Penh', 'n/a', 'Spa Thai Massage', 1, NULL, NULL),
(97, 'Thomas International Services Co.,Ltd', NULL, 5, 28, 23, 'Mr.Chong Jua Yangthaworntrakoon', 'Cambodia', 1, '', '017 911 578', '#113, 3FDE Parkway Square, Mao Tse Toung Blvd, Sangkat Toul svay Prey I, Khan Chamkamorn, PHN', '#113, 3FDE Parkway Square, Mao Tse Toung Blvd, Sangkat Toul svay Prey I, Khan Chamkamorn, PHN', 'chongjua@thomas-cambodia.com , afongyang@gmail.com', 'Freight Forwarder , Warehouse and Logistics', 1, NULL, NULL),
(98, 'Tilleke & Gibbins (cambodia) Ltd.', NULL, 5, 4, 4, 'Mr.Wiwat Nopparat', 'Cambodia', 1, '', '099 243 374', '16th floor, Phnom Penh Tower,#445, Monivong Blvd, Sangkat Boeung Pralit,PP', '16th floor, Phnom Penh Tower,#445, Monivong Blvd, Sangkat Boeung Pralit,PP', 'wiwat.n@tilleke.com', 'IP Comsultant', 1, NULL, NULL),
(99, 'TK Chen Fu Co., Ltd.', NULL, 4, 12, 35, 'Mr.Techapon', 'Cambodia', 1, '', '096 999 0099', 'Phum Preykambot, Sangkat Chomchao, Khan Posenchey, Phnom Penh', 'Phum Preykambot, Sangkat Chomchao, Khan Posenchey, Phnom Penh', 'techapon@braiform-kh.com', 'Plastic Product and Ploy-Bag', 1, NULL, NULL),
(100, 'Tom Yum Kung Restaurant (Jasmine branch)', NULL, 3, 10, 22, 'Mrs.Saithong  Groeneveld', 'Cambodia', 1, '', '011 800025 ', '# 59 St.432 Toul Tom Pong 2 PP, Cambodia', '# 59 St.432 Toul Tom Pong 2 PP, Cambodia', 'saithongm@hotmail.com', 'Thai Food Restaurant', 1, NULL, NULL),
(101, 'Uni-Charm (Thailand) Co., Ltd.', NULL, 3, 5, 21, 'Mr. Somlerk Mahapokai', 'Thailand', 1, '', '(66) 89 245 0924 ', 'Cambodia and Thailand', 'Cambodia and Thailand', 'somlerk-mahapokai@unicharm.com', 'Consumer Products', 1, NULL, NULL),
(102, 'VITA Longa Clinic', NULL, 4, 10, 26, 'Ms.Irada Bama', 'Cambodia', 1, '', '086 356941', 'Street 57 BKK1 Phnom Penh', 'Street 57 BKK1 Phnom Penh', 'irada.st@gmail.com', 'Beauty Clinic and Plastic Surgery', 1, NULL, NULL),
(103, 'Worldbank', NULL, 3, 29, 20, 'Ms.Ratchada Anantavrasilpa', 'Cambodia', 1, '', 'n/a', 'Worldbank, Bangkok, Thailand', 'Worldbank, Bangkok, Thailand', 'ratchada@worldbank.org', 'World Bank', 1, NULL, NULL),
(104, 'XiangLi Shop', NULL, 3, 5, 7, 'Ms.Jintana Prasertarunchai', 'Cambodia', 1, '', '088 859 5929', 'Regency Residence, 296 Mao Tse Tong Blvd, PNH', 'Regency Residence, 296 Mao Tse Tong Blvd, PNH', 'xianglipnh@gmail.com', 'Consumer Product', 1, NULL, NULL);

-- --------------------------------------------------------

--
-- Table structure for table `tbl_member_type`
--

CREATE TABLE IF NOT EXISTS `tbl_member_type` (
  `id` int(5) NOT NULL AUTO_INCREMENT,
  `name` varchar(120) COLLATE utf8_unicode_ci NOT NULL,
  `modified_by` int(5) NOT NULL,
  `created_at` datetime DEFAULT NULL,
  `updated_at` datetime DEFAULT NULL,
  PRIMARY KEY (`id`)
) ENGINE=InnoDB  DEFAULT CHARSET=utf8 COLLATE=utf8_unicode_ci AUTO_INCREMENT=6 ;

--
-- Dumping data for table `tbl_member_type`
--

INSERT INTO `tbl_member_type` (`id`, `name`, `modified_by`, `created_at`, `updated_at`) VALUES
(3, 'Individual Membership', 1, '2016-08-22 21:38:23', '2016-08-22 21:38:23'),
(4, 'Associated Membership', 1, '2016-08-22 21:38:33', '2016-08-22 21:38:33'),
(5, 'Ordinary Membership', 1, '2016-08-22 21:38:44', '2016-08-22 21:38:44');

-- --------------------------------------------------------

--
-- Table structure for table `tbl_menu`
--

CREATE TABLE IF NOT EXISTS `tbl_menu` (
  `id` int(11) NOT NULL AUTO_INCREMENT,
  `icon` varchar(45) COLLATE utf8_unicode_ci DEFAULT NULL,
  `fa_icon` varchar(120) COLLATE utf8_unicode_ci DEFAULT NULL,
  `menu_name` varchar(45) COLLATE utf8_unicode_ci NOT NULL,
  `menu_code` varchar(45) COLLATE utf8_unicode_ci NOT NULL,
  `order_level` int(11) NOT NULL,
  `url` varchar(120) COLLATE utf8_unicode_ci DEFAULT NULL,
  `ordering` varchar(120) COLLATE utf8_unicode_ci DEFAULT NULL,
  `menu_link` varchar(120) COLLATE utf8_unicode_ci DEFAULT NULL,
  `default` int(1) unsigned zerofill NOT NULL COMMENT 'default = 1 means that menu has one tree(such as : Dashboard)',
  `parent_id` int(11) NOT NULL,
  PRIMARY KEY (`id`)
) ENGINE=InnoDB  DEFAULT CHARSET=utf8 COLLATE=utf8_unicode_ci AUTO_INCREMENT=93 ;

--
-- Dumping data for table `tbl_menu`
--

INSERT INTO `tbl_menu` (`id`, `icon`, `fa_icon`, `menu_name`, `menu_code`, `order_level`, `url`, `ordering`, `menu_link`, `default`, `parent_id`) VALUES
(1, 'fa-user', NULL, 'User Management', 'm01', 4, '/admin/user_mgr', NULL, NULL, 0, 0),
(7, 'fa-dashboard', NULL, 'Dashboard', 'm05', 1, '/admin/dashboard', NULL, NULL, 0, 0),
(8, NULL, NULL, 'Users', 's01', 1, '/admin/user_mgr/user', NULL, NULL, 0, 1),
(9, NULL, NULL, 'User Groups', 's02', 2, '/admin/user_mgr/group_user', NULL, NULL, 0, 1),
(10, NULL, NULL, 'Group Roles', 's03', 3, '/admin/user_mgr/group_role', NULL, NULL, 0, 1),
(33, NULL, NULL, 'Dashboard', 's04', 4, '/admin/dashboard', NULL, NULL, 0, 7),
(34, 'fa-bars', NULL, 'Catalog', 'm04', 2, '/admin/menu_mgr', NULL, NULL, 0, 0),
(36, NULL, NULL, 'Category Menu', 's05', 5, '/admin/menu_mgr/fmenu', NULL, NULL, 0, 34),
(37, 'fa-gears', NULL, 'Setting', 'm03', 7, '/admin/setting', NULL, NULL, 0, 0),
(38, 'fa-cog', NULL, 'Configuration', 's08', 8, '/admin/setting/config', NULL, NULL, 0, 37),
(39, NULL, NULL, 'Config Group', 's07', 7, '/admin/setting/config_group', NULL, NULL, 0, 37),
(40, 'fa-users', NULL, 'Members Management', 'm02', 3, 'admin/members', NULL, NULL, 0, 0),
(44, NULL, NULL, 'Language', 's06', 6, '/admin/setting/language', NULL, NULL, 0, 37),
(46, NULL, NULL, 'Banner', 's09', 9, 'admin/design/banner', NULL, NULL, 0, 63),
(63, 'fa fa-image', NULL, 'Design', 'm06', 5, 'admin/design', NULL, NULL, 0, 0),
(65, 'fa fa-pencil', NULL, 'Event Management', 'm07', 4, '/admin/event_mgr', NULL, NULL, 0, 0),
(66, NULL, NULL, 'Event Category', 's10', 1, '/admin/event_mgr/event_category', NULL, NULL, 0, 65),
(70, 'fa fa-info-circle', NULL, 'Useful Information', 'm08', 6, 'admin/useful_information', NULL, NULL, 0, 0),
(71, NULL, NULL, 'Category', 's14', 1, 'admin/useful_information/useful_category', NULL, NULL, 0, 70),
(72, NULL, NULL, 'Useful Info Listing', 's15', 2, 'admin/useful_information/useful_listing', NULL, NULL, 0, 70),
(76, NULL, NULL, 'Our Current Members', 's18', 1, 'admin/members/member', NULL, NULL, 0, 40),
(79, NULL, NULL, 'All Events', 's21', 2, 'admin/event_mgr/event', NULL, NULL, 0, 65),
(80, NULL, NULL, 'Members Type', 's22', 4, 'admin/members/member_type', NULL, NULL, 0, 40),
(81, NULL, NULL, 'Business Type', 's23', 5, 'admin/members/business_type', NULL, NULL, 0, 40),
(82, NULL, NULL, 'Position', 's24', 6, 'admin/members/position', NULL, NULL, 0, 40),
(83, 'fa fa-info-circle', NULL, 'Information', 'm09', 8, '/admin/information', NULL, NULL, 0, 0),
(84, NULL, NULL, 'Information', 's25', 1, 'admin/information', NULL, NULL, 0, 83),
(86, NULL, NULL, 'Partner', 's27', 2, 'admin/design/partner', NULL, NULL, 0, 63),
(87, 'fa fa-pencil', NULL, 'Useful Link', 'm10', 9, 'admin/link', NULL, NULL, 0, 0),
(88, NULL, NULL, 'Link', 's28', 1, 'admin/link/useful_link', NULL, NULL, 0, 87),
(89, NULL, NULL, 'Committee', 's29', 2, 'admin/information/committee', NULL, NULL, 0, 83),
(90, NULL, NULL, 'Category', 's30', 5, 'admin/category/product_category', NULL, NULL, 0, 34),
(91, NULL, NULL, 'Product', 's31', 2, 'admin/category/product', NULL, NULL, 0, 34),
(92, NULL, NULL, 'Sub Category', 's32', 2, 'admin/category/product_sub_category', NULL, NULL, 0, 34);

-- --------------------------------------------------------

--
-- Table structure for table `tbl_menu_description`
--

CREATE TABLE IF NOT EXISTS `tbl_menu_description` (
  `id` int(11) NOT NULL AUTO_INCREMENT,
  `menu_id` int(11) NOT NULL,
  `language_id` int(11) NOT NULL DEFAULT '1',
  `name` varchar(64) CHARACTER SET utf8 COLLATE utf8_unicode_ci DEFAULT NULL,
  `meta_description` varchar(255) CHARACTER SET utf8 COLLATE utf8_unicode_ci DEFAULT NULL,
  `meta_keywords` varchar(255) CHARACTER SET utf8 COLLATE utf8_unicode_ci DEFAULT NULL,
  PRIMARY KEY (`id`)
) ENGINE=InnoDB  DEFAULT CHARSET=latin1 AUTO_INCREMENT=138 ;

--
-- Dumping data for table `tbl_menu_description`
--

INSERT INTO `tbl_menu_description` (`id`, `menu_id`, `language_id`, `name`, `meta_description`, `meta_keywords`) VALUES
(1, 1, 2, 'Dashboard', NULL, NULL),
(2, 2, 2, 'Administrator', NULL, NULL),
(3, 3, 2, 'Setup Management', NULL, NULL),
(4, 4, 2, 'Operation Management', NULL, NULL),
(5, 5, 2, 'Schedule Management', NULL, NULL),
(6, 6, 2, 'Employee Management', NULL, NULL),
(7, 7, 2, 'Report', NULL, NULL),
(8, 8, 2, 'Tools', NULL, NULL),
(9, 9, 2, 'Audit Trail', NULL, NULL),
(10, 10, 2, 'Users', NULL, NULL),
(11, 11, 2, 'Configuration', NULL, NULL),
(12, 12, 2, 'Schedule', NULL, NULL),
(13, 13, 2, 'Flight Notification', NULL, NULL),
(14, 14, 2, 'Flight Status', NULL, NULL),
(15, 15, 2, 'Flight Location', NULL, NULL),
(16, 16, 2, 'Aircrafts', NULL, NULL),
(17, 17, 2, 'Update Status', NULL, NULL),
(18, 18, 2, 'UTC Time Zone', NULL, NULL),
(39, 19, 2, 'Schedule Assignment', NULL, NULL),
(40, 20, 2, 'Crews Assignment', NULL, NULL),
(41, 21, 2, 'Flight Log', NULL, NULL),
(42, 22, 2, 'Flight Notification', NULL, NULL),
(43, 23, 2, 'Cancel Flight', NULL, NULL),
(44, 24, 2, 'Diverted Flight', NULL, NULL),
(45, 25, 2, 'Retime Flight', NULL, NULL),
(47, 27, 2, 'Requested Flight', NULL, NULL),
(55, 28, 2, 'Crew', NULL, NULL),
(57, 30, 2, 'Positions', NULL, NULL),
(58, 31, 2, 'License', NULL, NULL),
(63, 32, 2, 'Schedule(All)', 'Summer schedule', NULL),
(64, 33, 2, 'All Flights Report', 'All Flight Report', NULL),
(69, 35, 2, 'Users', NULL, NULL),
(70, 36, 2, 'User Groups', NULL, NULL),
(71, 37, 2, 'Group Roles', NULL, NULL),
(75, 38, 2, 'Config Groups', NULL, NULL),
(76, 39, 2, 'Configuration', NULL, NULL),
(81, 41, 2, 'Schedule Monitoring', NULL, NULL),
(82, 42, 2, 'Flight Log', NULL, NULL),
(83, 43, 2, 'Admin', NULL, NULL),
(84, 44, 2, 'Comment request', NULL, NULL),
(97, 45, 2, 'Flight Group Itinerary', NULL, NULL),
(99, 46, 2, 'Schedule Summary', 'Sammary schedule', NULL),
(101, 47, 2, 'Flight Summary', 'Summary flight', NULL),
(103, 48, 2, 'Department', NULL, NULL),
(105, 49, 2, 'PAX Movement', NULL, NULL),
(107, 50, 2, 'Crew Personal Article', NULL, NULL),
(109, 51, 2, 'Crew Compliance', NULL, NULL),
(111, 52, 2, 'Crew Health Application', NULL, NULL),
(113, 53, 2, 'List of Entry Departure flight', NULL, NULL),
(115, 56, 2, 'Aircraft Type', NULL, NULL),
(117, 57, 2, 'Crew GD', NULL, NULL),
(118, 58, 2, 'Delayed Flight', NULL, NULL),
(119, 59, 2, 'Swap Flight', NULL, NULL),
(120, 60, 2, 'CITS Schedule', 'Summer schedule for %s', NULL),
(121, 61, 2, 'CITS Flight', 'Summer flight for %s', NULL),
(122, 62, 2, 'Total Flying Time', NULL, NULL),
(124, 63, 2, 'Crews', NULL, NULL),
(125, 64, 2, 'Custom Report', 'Custom Report', NULL),
(126, 65, 2, 'View Custom Report', 'View Custom Report', NULL),
(127, 66, 2, 'Flight Log Detail', 'Flight Log Detail', NULL),
(128, 67, 2, 'CITS Cancel Flight', 'CITS Cancel Flight', NULL),
(129, 68, 2, 'Performent On Time', 'Performent On Time', NULL),
(130, 69, 2, 'Load Factor', 'Load Factor', NULL),
(131, 70, 2, 'Cancellation Charge', 'Cancellation Charge', NULL),
(132, 71, 2, 'Maintenance', 'Maintenance', NULL),
(133, 72, 2, 'Graph Summary', 'Graph Summary', NULL),
(134, 73, 2, 'Delay Summary', 'Delay Summary', NULL),
(135, 74, 2, 'Chat', 'Live Chat', 'Live Chat'),
(136, 75, 2, 'Backup', 'Backup', 'Backup'),
(137, 76, 2, 'Mail Movement', 'Mail Movement', 'Mail Movement');

-- --------------------------------------------------------

--
-- Table structure for table `tbl_menu_type`
--

CREATE TABLE IF NOT EXISTS `tbl_menu_type` (
  `id` int(11) NOT NULL AUTO_INCREMENT,
  `name` varchar(32) DEFAULT NULL,
  PRIMARY KEY (`id`)
) ENGINE=InnoDB  DEFAULT CHARSET=latin1 AUTO_INCREMENT=2 ;

--
-- Dumping data for table `tbl_menu_type`
--

INSERT INTO `tbl_menu_type` (`id`, `name`) VALUES
(1, 'Top Menu');

-- --------------------------------------------------------

--
-- Table structure for table `tbl_partner`
--

CREATE TABLE IF NOT EXISTS `tbl_partner` (
  `id` int(11) NOT NULL AUTO_INCREMENT,
  `name` varchar(120) COLLATE utf8_unicode_ci DEFAULT NULL,
  `image` varchar(120) COLLATE utf8_unicode_ci DEFAULT NULL,
  `url` varchar(120) COLLATE utf8_unicode_ci DEFAULT NULL,
  `description` longtext COLLATE utf8_unicode_ci,
  `order_level` int(4) DEFAULT NULL,
  `modified_by` int(5) DEFAULT NULL,
  `created_at` datetime DEFAULT NULL,
  `updated_at` datetime DEFAULT NULL,
  PRIMARY KEY (`id`)
) ENGINE=InnoDB  DEFAULT CHARSET=utf8 COLLATE=utf8_unicode_ci AUTO_INCREMENT=15 ;

--
-- Dumping data for table `tbl_partner`
--

INSERT INTO `tbl_partner` (`id`, `name`, `image`, `url`, `description`, `order_level`, `modified_by`, `created_at`, `updated_at`) VALUES
(7, 'THAI Embassy', '22-Aug-2016/emblogo.jpg', 'http://www.thaiembassy.org/phnompenh ', '', 1, NULL, NULL, NULL),
(8, 'DITP', '22-Aug-2016/LOGO DITP[1].jpg', 'http://www.ditp.go.th ', '', 2, NULL, NULL, NULL),
(9, 'Thaitrade', '22-Aug-2016/thaitrede.jpg', 'https://www.thaitrade.com/home ', '', 3, NULL, NULL, NULL),
(10, 'AEC - BSC', '22-Aug-2016/AEC-Business-Support-Center-Logo.jpg', 'http://aec.ditp.go.th/main.php?filename=aec_intro ', '', 4, NULL, NULL, NULL),
(11, 'IBC', '22-Aug-2016/IBC_Logo.png', 'http://ibccambodia.com/ ', '', 5, NULL, NULL, NULL),
(12, 'Camfeba', '22-Aug-2016/CAMFEBA_Logo.png', 'http://www.camfeba.com ', '', 6, NULL, NULL, NULL),
(13, 'The Boss', '22-Aug-2016/TheBOSS.png', 'http://bossthai.com/website/home/index ', '', 7, NULL, NULL, NULL),
(14, 'CamThai Alumni', '22-Aug-2016/CamThaiAlumni.png', 'http://camthaialumni.net', '', 8, NULL, NULL, NULL);

-- --------------------------------------------------------

--
-- Table structure for table `tbl_position`
--

CREATE TABLE IF NOT EXISTS `tbl_position` (
  `id` int(5) NOT NULL AUTO_INCREMENT,
  `name` varchar(50) COLLATE utf8_unicode_ci NOT NULL,
  `modified_by` int(5) NOT NULL,
  `created_at` datetime DEFAULT NULL,
  `updated_at` datetime DEFAULT NULL,
  PRIMARY KEY (`id`)
) ENGINE=InnoDB  DEFAULT CHARSET=utf8 COLLATE=utf8_unicode_ci AUTO_INCREMENT=36 ;

--
-- Dumping data for table `tbl_position`
--

INSERT INTO `tbl_position` (`id`, `name`, `modified_by`, `created_at`, `updated_at`) VALUES
(2, 'Marketing Manager', 1, '2016-08-20 20:01:17', '2016-08-22 21:46:48'),
(3, 'Business Support Specialist', 1, '2016-08-20 20:01:35', '2016-08-22 21:46:52'),
(4, 'General Manager', 1, '2016-08-22 21:47:00', '2016-08-22 21:47:00'),
(5, 'Vice President', 1, '2016-08-22 21:47:05', '2016-08-22 21:47:05'),
(6, 'Assistant General Manager', 1, '2016-08-22 21:47:11', '2016-08-22 21:47:11'),
(7, 'Ownner', 1, '2016-08-22 21:47:17', '2016-08-22 21:47:17'),
(8, 'Country Director-Cambodia', 1, '2016-08-22 21:47:27', '2016-08-22 21:47:27'),
(9, 'Senior Vice President', 1, '2016-08-22 21:47:36', '2016-08-22 21:47:36'),
(10, 'Director & General Manager', 1, '2016-08-22 21:47:45', '2016-08-22 21:47:45'),
(11, 'Project Manager & GM', 1, '2016-08-22 21:47:56', '2016-08-22 21:47:56'),
(12, 'Laboratory Manager', 1, '2016-08-22 21:48:03', '2016-08-22 21:48:03'),
(13, 'Finance & Acc Asst Manager', 1, '2016-08-22 21:48:11', '2016-08-22 21:48:11'),
(14, 'Executive Vice President', 1, '2016-08-22 21:48:17', '2016-08-22 21:48:17'),
(15, 'Chief  Operation Officer+', 1, '2016-08-22 21:48:27', '2016-08-22 21:48:27'),
(16, 'Marketing & Communications Officer', 1, '2016-08-22 21:48:46', '2016-08-22 21:48:46'),
(17, 'Operation & Sales Manager', 1, '2016-08-22 21:49:06', '2016-08-22 21:49:06'),
(18, 'Chief of Rep.Office', 1, '2016-08-22 21:49:13', '2016-08-22 21:49:13'),
(19, 'Advisor', 1, '2016-08-22 21:49:22', '2016-08-22 21:49:22'),
(20, 'Financial Specialist', 1, '2016-08-22 21:49:36', '2016-08-22 21:49:36'),
(21, 'Director - Modern Trade', 1, '2016-08-22 21:49:43', '2016-08-22 21:49:43'),
(22, 'Restaurant owner', 1, '2016-08-22 21:49:50', '2016-08-22 21:49:50'),
(23, 'business Development Manager', 1, '2016-08-22 21:49:58', '2016-08-22 21:49:58'),
(24, '2', 1, NULL, NULL),
(25, 'Managing Director', 1, NULL, '2016-08-24 09:16:16'),
(26, 'Manager', 1, NULL, '2016-08-24 09:17:15'),
(27, 'Branch Manager', 1, NULL, '2016-08-24 09:18:17'),
(28, 'Director', 1, NULL, '2016-08-24 09:19:38'),
(29, 'Sales and Marketing Manager', 1, NULL, '2016-08-24 09:20:40'),
(30, 'Operation Manager', 1, NULL, '2016-08-24 09:21:34'),
(31, 'Chairman', 1, NULL, '2016-08-24 09:23:41'),
(32, 'Assistant Country Manager', 1, NULL, '2016-08-24 09:24:51'),
(34, 'A', 1, NULL, NULL),
(35, 'A', 1, NULL, NULL);

-- --------------------------------------------------------

--
-- Table structure for table `tbl_product`
--

CREATE TABLE IF NOT EXISTS `tbl_product` (
  `id` int(11) NOT NULL AUTO_INCREMENT,
  `pc_id` int(11) NOT NULL,
  `spc_id` int(11) NOT NULL,
  `icon` varchar(120) COLLATE utf8_unicode_ci NOT NULL,
  `photo` varchar(150) COLLATE utf8_unicode_ci DEFAULT NULL,
  `name_en` varchar(120) COLLATE utf8_unicode_ci DEFAULT NULL,
  `name_kh` varchar(120) COLLATE utf8_unicode_ci DEFAULT NULL,
  `price` float DEFAULT NULL,
  `description` varchar(255) COLLATE utf8_unicode_ci DEFAULT NULL,
  `created_at` datetime DEFAULT NULL,
  `updated_at` datetime DEFAULT NULL,
  `created_by` int(5) DEFAULT NULL,
  `updated_by` int(5) DEFAULT NULL,
  PRIMARY KEY (`id`)
) ENGINE=InnoDB  DEFAULT CHARSET=utf8 COLLATE=utf8_unicode_ci AUTO_INCREMENT=61 ;

--
-- Dumping data for table `tbl_product`
--

INSERT INTO `tbl_product` (`id`, `pc_id`, `spc_id`, `icon`, `photo`, `name_en`, `name_kh`, `price`, `description`, `created_at`, `updated_at`, `created_by`, `updated_by`) VALUES
(1, 1, 1, '', '30-Oct-2016/14740966_1297662306951076_1711039656_n.jpg', 'Singapore Sling', '  ', 6, 'Gin, Cointreau, Cherry Brandy, Pineapple Juice, DOM, Angostura', '2016-10-28 09:37:50', '2016-10-30 22:16:47', NULL, 1),
(2, 1, 1, '', '30-Oct-2016/Sex on The Beach.jpg', 'Sex On The Beach', '', 6, 'Vodka, Peach Schnapps, Crane Berry Juice,    Orange Juice', '2016-10-28 09:37:50', '2016-10-30 22:17:11', NULL, 1),
(3, 1, 1, '', '30-Oct-2016/Blue Hawaiian.jpg', 'Blue Hawaiian', '', 5, 'Rum, Malibu, Blue Curacao, Coconut Crme, Pineapple Juice', '2016-10-28 09:37:50', '2016-10-30 22:17:59', NULL, 1),
(11, 1, 1, '', '30-Oct-2016/Blue Magarita.jpg', 'Blue Magarita ', ' ', 5.5, 'Tequila, Triple Sec, Blue Curacao, Lime Juice, Simple Syrup', '2016-10-28 09:37:50', '2016-10-30 22:30:48', NULL, 1),
(12, 1, 1, '', '30-Oct-2016/Cosmopolitan.jpg', 'Cosmopolitan', ' ', 5.5, 'Vodka, Triple Sec, Cranberry Juice, Lime Juice ', '2016-10-30 13:21:26', '2016-10-30 23:03:28', 1, 1),
(13, 1, 1, '', '30-Oct-2016/Long Island Ice Tea.jpg', 'Long Island Ice Tea', ' ', 6, 'Gin, Vodka, Rum,Tequila, Cointreau, Lime Juice, Coke\r\n', '2016-10-30 13:27:37', '2016-10-30 22:49:53', 1, 1),
(14, 1, 1, '', '30-Oct-2016/Mai Tai.jpg', 'Maitai', '', 5.5, 'Dark Rum, Light Rum, Cointreau, Lime Juice, Grenadines, Orange Juice, Pineapple Juice', '2016-10-30 13:37:26', NULL, 1, NULL),
(15, 1, 1, '', '30-Oct-2016/Pina Colada.jpg', 'Pina Colada', '', 5, 'Rum, Coconut Crme, Pineapple Juice,         Coconut Juice\r\n', '2016-10-30 13:40:20', NULL, 1, NULL),
(16, 1, 2, '', '30-Oct-2016/Vanilla Passion.jpg', 'Vanilla Passion', '', 6.5, 'Rum, Yogurt, Lime Juice, Passion Juice, Vanilla        Syrup\r\n', '2016-10-30 13:44:03', '2016-10-30 18:47:00', 1, 1),
(17, 1, 2, '', '30-Oct-2016/Fruit Punch.jpg', 'Fruit Punch', '  ', 6.5, 'Rum, Passion Juice, Orange Juice, Pineapple Juice, Lime Juice, Grenadine Syrup', '2016-10-30 18:31:18', '2016-10-30 18:34:39', 1, 1),
(18, 1, 2, '', '30-Oct-2016/Great Sympathy.jpg', 'Great Sympathy', 'N/A', 6.5, 'Malibu, Pineapple Juice, Cranberry Juice, \r\nGrenadine Syrup , Lime Juice\r\n', '2016-10-30 19:21:49', NULL, 1, NULL),
(19, 1, 2, '', '30-Oct-2016/Green Corona Rita.jpg', 'Green Corona Rita', 'N/A', 8, 'Tequila, Blue Curacao, Crme De Banana, Lime Juice, Corona Beer\r\n', '2016-10-30 19:23:49', NULL, 1, NULL),
(20, 1, 2, '', '30-Oct-2016/Lychee Martini.jpg', 'Lychee Martini', 'N/A', 6.5, 'Vodka, Hpnotiq Liquor, Lychee Juice, Lychee Fruit\r\n', '2016-10-30 19:26:15', '2016-10-30 19:27:24', 1, 1),
(21, 1, 2, '', '30-Oct-2016/Passion Corona Rita.jpg', 'Passion Corona Rita', 'N/A', 8, 'Tequila, Cointreau, Fresh Passion Fruit, Sweet &  Sour Mix, Corona Beer\r\n', '2016-10-30 19:28:17', NULL, 1, NULL),
(22, 1, 2, '', '30-Oct-2016/Passion Fashion.jpg', 'Passion Fashion', 'N/A', 6.5, 'Rum, Bourbon Whisky, Fresh Passion,                          Sweet & Sour Mix, Grenadine Syrup\r\n', '2016-10-30 19:29:00', NULL, 1, NULL),
(23, 1, 16, '', '30-Oct-2016/Bubble Passion.jpg', 'Bubble Passion', 'N/A', 20, 'Vodka, Triple Sec, Passion Syrup, Lime Juice,          Passion Juice\r\n', '2016-10-30 19:35:27', NULL, 1, NULL),
(24, 1, 16, '', '30-Oct-2016/Bubble Strawberry.jpg', 'Bubble Strawberry', 'N/A', 20, 'Rum, Strawberry Liquor, Strawberry Syrup,          Lime  Juice, Pomegranate Juice \r\n', '2016-10-30 19:37:26', '2016-10-30 22:54:21', 1, 1),
(25, 1, 16, '', '30-Oct-2016/Ice On Fire.jpg', 'Ice On Fire', 'N/A', 3.3, 'Crme De Menthe, Sambuca, Baileys, Galliano\r\n', '2016-10-30 19:39:19', NULL, 1, NULL),
(26, 1, 16, '', '30-Oct-2016/Jager Bomb.jpg', 'Jager Bomb', 'N/A', 16, 'Jagermeiste or Sake , Red Bull\r\n\r\nSET:\r\n- 5 set 16$\r\n- 10 set 20$\r\n- 15 set 36$', '2016-10-30 19:42:31', NULL, 1, NULL),
(27, 17, 35, '', '30-Oct-2016/Angus Beef Burger.jpg', 'Angus Beef Burger', 'N/A', 13, 'Served with French fries & mix salad \r\n', '2016-10-30 19:50:47', NULL, 1, NULL),
(28, 17, 35, '', '30-Oct-2016/Coq Au Vin.jpg', 'Coq Au Vin', 'N/A', 8, 'Braised chicken, lardons, mushrooms and red wine\r\n', '2016-10-30 20:04:37', NULL, 1, NULL),
(29, 17, 35, '', '30-Oct-2016/Fajita.jpg', 'Fajita', 'N/A', 18, 'Fried pork belly, grilled chicken, shrimp, mixed vegetables and french fries with tortilla on side \r\n', '2016-10-30 20:09:54', NULL, 1, NULL),
(30, 17, 35, '', '30-Oct-2016/Nasi Goreng.jpg', 'Nasi Goreng', 'N/A', 8, 'Chicken skewer, eggs serviced with fried rice and prawn crackers\r\n', '2016-10-30 20:14:05', NULL, 1, NULL),
(31, 17, 35, '', '30-Oct-2016/Seafood Fried Rice.jpg', 'Seafood Fried Rice', 'N/A', 9, 'Fried shrimp, squid and vegetables with rice                    \r\n', '2016-10-30 20:15:18', NULL, 1, NULL),
(32, 17, 35, '', '30-Oct-2016/Steak Tartare.jpg', 'Steak Tartare', 'N/A', 11, 'Angus beef mince, pickle, rocket  with crispy bread\r\n', '2016-10-30 20:21:22', NULL, 1, NULL),
(33, 3, 8, '', '30-Oct-2016/Thin Crispy Pizza.jpg', 'Thin Crispy Pizza', '  ', 8, 'Pepperoni , Ham & Pineapple, Cheese\r\n', '2016-10-30 20:32:36', NULL, 1, NULL),
(34, 3, 8, '', '30-Oct-2016/Thin Crispy Pizza.jpg', 'Thin Crispy Pizza(Sea Food)', '  ()', 10, 'Seafood ( Shrimp & calamari )\r\n', '2016-10-30 20:34:30', NULL, 1, NULL),
(35, 3, 6, '', '30-Oct-2016/Risotto with Mushroom.jpg', 'Risotto with Mushroom', 'N/A', 7, 'Mushroom with cheese \r\n', '2016-10-30 20:37:21', NULL, 1, NULL),
(36, 3, 6, '', '30-Oct-2016/Seafood Spaghetti.jpg', 'Seafood Spaghetti', '', 10, 'Prawn, blue mussel, scallop, calamari with tomato sauce\r\n', '2016-10-30 20:39:10', NULL, 1, NULL),
(37, 3, 6, '', '30-Oct-2016/Spaghetti Bolognese.jpg', 'Spaghetti Bolognese', 'N/A', 7, 'Spaghetti with beef mince and tomato sauce\r\n', '2016-10-30 20:41:53', NULL, 1, NULL),
(38, 3, 6, '', '30-Oct-2016/Spaghetti Carbonara.jpg', 'Spaghetti Carbonara', 'N/A', 8, 'Spaghetti with bacon,  white wine and cream sauce \r\n', '2016-10-30 20:42:50', NULL, 1, NULL),
(39, 5, 36, '', '30-Oct-2016/Angus Tenderloin Steak.jpg', 'Angus Tenderloin Steak', 'N/A', 25, 'Angus beef tenderloin, dijon mustard, asparagus,grilled tomato & mash potatoes  \r\n', '2016-10-30 20:48:57', NULL, 1, NULL),
(40, 5, 37, '', '30-Oct-2016/Grilled Chicken Skewer.jpg', 'Grilled Chicken Skewer', '', 7, 'Chicken skewer, served with spring  onion, grilled pepper\r\n', '2016-10-30 20:52:02', NULL, 1, NULL),
(41, 5, 37, '', '30-Oct-2016/Grilled Lamb Chop.jpg', 'Grilled Lamb Chop', '', 22, 'Lamb chops with asparagus, tomatoes & zucchini   \r\n', '2016-10-30 20:58:02', NULL, 1, NULL),
(42, 5, 37, '', '30-Oct-2016/Grilled River Fish Fillet.jpg', 'Grilled River Fish Fillet', '', 9, 'Serve with curry sauce and crispy bread \r\n', '2016-10-30 21:00:55', NULL, 1, NULL),
(43, 5, 37, '', '30-Oct-2016/Grilled Salmon with Gratin Potatoes.jpg', 'Grilled Salmon with Gratin Potatoes', '', 12, 'Salmon, gratin potatoes with passion sauce \r\n', '2016-10-30 21:03:58', NULL, 1, NULL),
(44, 16, 34, '', '30-Oct-2016/Adamame.JPG', 'Adamame', 'N/A', 3.5, 'Mixed Green Soybean and Salt\r\n', '2016-10-30 21:49:03', NULL, 1, NULL),
(45, 16, 34, '', '30-Oct-2016/Avocado Guacamole.JPG', 'Avocado Guacamole', 'N/A', 7.5, 'Avocado, tomatoes, Onions, & chili sauce with Nacho\r\n', '2016-10-30 21:51:20', NULL, 1, NULL),
(46, 16, 34, '', '30-Oct-2016/Beef Carpaccio.jpg', 'Beef Carpaccio', 'N/A', 12, 'Sliced Angus beef with rocket and sliced cheese\r\n', '2016-10-30 21:54:03', NULL, 1, NULL),
(47, 16, 34, '', '30-Oct-2016/Chicken Cordon Bleu.jpg', 'Chicken Cordon Bleu', 'N/A', 8, 'Chicken breast, wrapped with ham, cheese and mushroom sauce\r\n', '2016-10-30 21:56:10', NULL, 1, NULL),
(48, 16, 34, '', '30-Oct-2016/Chicken Wrap.jpg', 'Chicken Wrap', '', 7, 'Chicken breast, lettuce and tomatoes \r\n', '2016-10-30 21:58:11', NULL, 1, NULL),
(49, 16, 34, '', '30-Oct-2016/Club Sandwich.jpg', 'Club Sandwich', '', 7, 'Fried bacon, egg, lettuce & tomatoes\r\n', '2016-10-30 21:59:50', NULL, 1, NULL),
(50, 16, 34, '', '30-Oct-2016/Fish & Chips.jpg', 'Fish & Chips', '', 9, 'Crispy fish, French fries served with tomato ketchup and garlic chili sauce\r\n', '2016-10-30 22:01:51', NULL, 1, NULL),
(51, 16, 34, '', '30-Oct-2016/Fresh Pacific Oysters ( 6pcs ).jpg', 'Fresh Pacific Oysters ( 6pcs )', ' (6pcs)', 10, 'French or Khemer Style\r\n', '2016-10-30 22:04:51', NULL, 1, NULL),
(52, 16, 34, '', '30-Oct-2016/Fried Spring Rolls & Shrimp Wonton.jpg', 'Fried Spring Rolls & Shrimp Wonton', 'N/A', 7, 'Vegetable spring rolls and shrimp wonton served with sweet chili sauce\r\n', '2016-10-30 22:06:51', NULL, 1, NULL),
(53, 16, 34, '', '30-Oct-2016/Lentil Soup.jpg', 'Lentil Soup', 'N/A', 5.5, 'Lentil, onion and celery\r\n', '2016-10-30 22:08:31', NULL, 1, NULL),
(54, 16, 34, '', '30-Oct-2016/Mini Burgers ( 3pcs ).jpg', 'Mini Burgers ( 3pcs )', '  (3pcs)', 6, 'Serve with French fries', '2016-10-30 22:09:51', '2016-10-30 22:16:01', 1, 1),
(55, 16, 34, '', '30-Oct-2016/Mixed Sausages.jpg', 'Mixed Sausages', '', 8.5, 'Four type of mixed sausages', '2016-10-30 22:11:44', '2016-10-30 22:15:51', 1, 1),
(56, 16, 34, '', '30-Oct-2016/Potato Skin.jpg', 'Potato Skin', 'N/A', 7, 'Skin potato stuffed with crispy bacon, Kimchi, topped with mozzarella cheese served with garlic and  sweet chili sauce', '2016-10-30 22:13:11', '2016-10-30 22:15:41', 1, 1),
(57, 16, 34, '', '30-Oct-2016/Potatoes Wedges.jpg', 'Potatoes Wedges', '', 4, 'Deep fried potato wedges with ketchup tomato sauce', '2016-10-30 22:14:41', '2016-10-30 22:15:30', 1, 1),
(58, 16, 34, '', '30-Oct-2016/Pumpkin Soup.jpg', 'Pumpkin Soup', '', 5.5, 'Pumpkin, onion, celery and cream \r\n', '2016-10-30 22:16:13', NULL, 1, NULL),
(59, 16, 34, '', '30-Oct-2016/Salmon Sashimi.jpg', 'Salmon Sashimi', '', 9, 'Fresh Salmon Sashimi\r\n', '2016-10-30 22:17:15', NULL, 1, NULL),
(60, 15, 33, '', '30-Oct-2016/Mixed Cheese, Ham _ Salami.jpg', 'Mixed Cheese, Ham and Salami', 'N/A', 20, 'Blue cheese, edam cheese, cheddar cheese, mixed ham, sausages with dry fruits & walnuts\r\n', '2016-10-30 22:23:56', NULL, 1, NULL);

-- --------------------------------------------------------

--
-- Table structure for table `tbl_product_category`
--

CREATE TABLE IF NOT EXISTS `tbl_product_category` (
  `id` int(11) NOT NULL AUTO_INCREMENT,
  `icon` varchar(120) COLLATE utf8_unicode_ci NOT NULL,
  `name` varchar(150) COLLATE utf8_unicode_ci DEFAULT NULL,
  `created_at` datetime DEFAULT NULL,
  `updated_at` datetime DEFAULT NULL,
  `created_by` int(5) DEFAULT NULL,
  `updated_by` int(5) DEFAULT NULL,
  PRIMARY KEY (`id`)
) ENGINE=InnoDB  DEFAULT CHARSET=utf8 COLLATE=utf8_unicode_ci AUTO_INCREMENT=18 ;

--
-- Dumping data for table `tbl_product_category`
--

INSERT INTO `tbl_product_category` (`id`, `icon`, `name`, `created_at`, `updated_at`, `created_by`, `updated_by`) VALUES
(1, '', 'COCKTAILS', '2016-10-28 00:00:06', '2016-10-29 12:53:01', NULL, NULL),
(2, '', 'BEVERAGE', '2016-10-28 09:36:06', '2016-10-29 12:50:18', NULL, NULL),
(3, '', 'PASTA & PIZZA', '2016-10-28 09:36:17', '2016-10-29 12:55:56', NULL, NULL),
(4, '', 'RED WINE', '2016-10-29 11:21:03', '2016-10-29 11:21:03', NULL, NULL),
(5, '', 'STEAK & GRILL', '2016-10-29 12:56:20', '2016-10-29 12:56:20', NULL, NULL),
(6, '', 'COFFEE & TEA', '2016-10-29 13:00:35', '2016-10-29 13:00:35', NULL, NULL),
(7, '', 'BEERS', '2016-10-29 13:00:53', '2016-10-29 13:00:53', NULL, NULL),
(8, '', 'WHITE WINES', '2016-10-29 13:02:52', '2016-10-29 13:02:52', NULL, NULL),
(9, '', 'WHITE SPIRIT', '2016-10-29 13:03:10', '2016-10-29 13:03:10', NULL, NULL),
(10, '', 'COGNAC & LIQUOR', '2016-10-29 13:03:36', '2016-10-29 13:03:36', NULL, NULL),
(12, '', 'WHISKY', '2016-10-29 13:04:34', '2016-10-29 13:23:59', NULL, NULL),
(13, '', 'SAKE & RICE WINES', '2016-10-29 13:04:57', '2016-10-29 13:04:57', NULL, NULL),
(14, '', 'PARTY COCKTAILS & SHOOTERS ', '2016-10-29 13:05:35', '2016-10-29 13:05:35', NULL, NULL),
(15, '', 'SALADS & MIX CHEESE', '2016-10-29 20:29:06', '2016-10-29 20:48:49', 1, NULL),
(16, '', 'STARTERS', '2016-10-29 20:34:11', '2016-10-29 20:34:11', 1, NULL),
(17, '', 'MAINS', '2016-10-29 20:56:23', '2016-10-29 20:56:23', 1, NULL);

-- --------------------------------------------------------

--
-- Table structure for table `tbl_product_image`
--

CREATE TABLE IF NOT EXISTS `tbl_product_image` (
  `pc_id` int(11) NOT NULL,
  `image` varchar(120) COLLATE utf8_unicode_ci DEFAULT NULL,
  `title_en` varchar(120) COLLATE utf8_unicode_ci DEFAULT NULL,
  `title_kh` varchar(120) COLLATE utf8_unicode_ci DEFAULT NULL,
  `order_level` int(11) NOT NULL DEFAULT '0'
) ENGINE=InnoDB DEFAULT CHARSET=utf8 COLLATE=utf8_unicode_ci;

--
-- Dumping data for table `tbl_product_image`
--

INSERT INTO `tbl_product_image` (`pc_id`, `image`, `title_en`, `title_kh`, `order_level`) VALUES
(17, '30-Oct-2016/FruitPunch.jpg', '', '', 1),
(16, '30-Oct-2016/VanillaPassion.jpg', '', '', 0),
(18, '/tmp/phpFoqYTD', '', '', 0),
(19, '/tmp/phpRRrxcT', '', '', 0),
(20, '/tmp/phprH3kkw', '', '', 0),
(21, '/tmp/phpL4H5mr', '', '', 0),
(23, '/tmp/phpxb1Tbx', '', '', 0),
(25, '/tmp/phpTZA4sr', '', '', 0),
(26, '/tmp/php58m7oU', '', '', 0),
(27, '/tmp/phpz1GMMX', '', '', 0),
(28, '/tmp/phpC3lH2n', '', '', 0),
(29, '/tmp/phpKCL5tj', '', '', 0),
(30, '/tmp/php9eqrHq', '', '', 0),
(31, '/tmp/phpL8IafI', '', '', 0),
(32, '/tmp/phpekIsJc', '', '', 0),
(33, '/tmp/phpGsFf00', '', '', 0),
(34, '/tmp/phpuMtqoH', '', '', 0),
(35, '/tmp/phpQjCUoR', '', '', 0),
(36, '/tmp/phpWixJlc', '', '', 0),
(37, '/tmp/phpgpuxti', '', '', 0),
(38, '/tmp/php0m9Udc', '', '', 0),
(39, '/tmp/phpD788A4', '', '', 0),
(40, '/tmp/phpneYdVB', '', '', 0),
(41, '/tmp/phpQslTKS', '', '', 0),
(42, '/tmp/phpdOO30s', '', '', 0),
(43, '/tmp/phpbPmqox', '', '', 0),
(44, '/tmp/phpynEjWX', '', '', 0),
(45, '/tmp/php6lbIXy', '', '', 0),
(46, '/tmp/phpikewXA', '', '', 0),
(47, '/tmp/php65z68K', '', '', 0),
(48, '/tmp/phpkXR8DA', '', '', 0),
(49, '/tmp/php8taOqL', '', '', 0),
(50, '/tmp/php6puDcc', '', '', 0),
(51, '/tmp/phpgl7iUY', '', '', 0),
(52, '/tmp/phpQ1gOnU', '', '', 0),
(53, '/tmp/phpMp2ibh', '', '', 0),
(57, '/tmp/phpQJyNRX', '', '', 0),
(56, '/tmp/phpE3EXnk', '', '', 0),
(55, '/tmp/phpcTS4Tg', '', '', 0),
(54, '/tmp/phpd5TSIh', '', '', 0),
(58, '/tmp/phpi0LSJp', '', '', 0),
(2, '30-Oct-2016/6.jpg', 'asdfsdf', 'test', 1),
(2, '30-Oct-2016/4.jpg', 'asdfsdf', 'asdfsdf', 2),
(59, '/tmp/phpyO8wE6', '', '', 0),
(60, '/tmp/phpcLOApG', '', '', 0),
(1, '30-Oct-2016/SingaporeSling.jpg', 'Singapore Sling', '  ', 1),
(11, '30-Oct-2016/BlueMagarita.jpg', '', '', 0),
(13, '30-Oct-2016/LongIslandIceTea.jpg', '', '', 0),
(24, '30-Oct-2016/BubbleStrawberry.jpg', '', '', 1),
(12, '30-Oct-2016/Cosmopolitan.jpg', '', '', 0),
(3, '30-Oct-2016/BlueHawaiian.jpg', '', '', 1);

-- --------------------------------------------------------

--
-- Table structure for table `tbl_product_sub_category`
--

CREATE TABLE IF NOT EXISTS `tbl_product_sub_category` (
  `id` int(11) NOT NULL AUTO_INCREMENT,
  `pc_id` int(11) NOT NULL,
  `icon` varchar(120) COLLATE utf8_unicode_ci NOT NULL,
  `name_en` varchar(50) COLLATE utf8_unicode_ci DEFAULT NULL,
  `name_kh` varchar(50) COLLATE utf8_unicode_ci DEFAULT NULL,
  `created_at` datetime DEFAULT NULL,
  `updated_at` datetime DEFAULT NULL,
  `created_by` int(11) DEFAULT NULL,
  `updated_by` int(11) DEFAULT NULL,
  PRIMARY KEY (`id`)
) ENGINE=InnoDB  DEFAULT CHARSET=utf8 COLLATE=utf8_unicode_ci AUTO_INCREMENT=39 ;

--
-- Dumping data for table `tbl_product_sub_category`
--

INSERT INTO `tbl_product_sub_category` (`id`, `pc_id`, `icon`, `name_en`, `name_kh`, `created_at`, `updated_at`, `created_by`, `updated_by`) VALUES
(1, 1, '', 'Classic Cocktails', '', '2016-10-28 23:01:46', '2016-10-29 13:09:43', NULL, NULL),
(2, 1, '', 'Signature Cocktails', '', '2016-10-28 23:01:46', '2016-10-29 13:11:36', NULL, NULL),
(4, 2, '', 'Beverage', '', '2016-10-28 23:01:46', '2016-10-29 20:00:15', NULL, 1),
(5, 2, '', 'Juice', ' ', '2016-10-28 23:01:46', '2016-10-29 20:01:55', NULL, 1),
(6, 3, '', 'Pasta', '', '2016-10-28 23:01:46', '2016-10-29 21:00:04', NULL, 1),
(7, 2, '', 'Sparling Water', '  Sparling', '2016-10-28 23:01:46', '2016-10-29 20:03:03', NULL, 1),
(8, 3, '', 'Pizza', '', '2016-10-28 23:01:46', '2016-10-29 21:01:04', NULL, 1),
(10, 4, '', 'Frence ', '', '2016-10-29 11:22:26', '2016-10-29 19:51:27', NULL, 1),
(11, 4, '', 'ITALIA', '', '2016-10-29 12:40:35', '2016-10-29 12:40:35', NULL, NULL),
(12, 4, '', 'SPAIN', '', '2016-10-29 12:40:53', '2016-10-29 12:40:53', NULL, NULL),
(13, 4, '', 'CHILE', '', '2016-10-29 12:42:54', '2016-10-29 12:42:54', NULL, NULL),
(14, 4, '', 'ARGENTINA', '', '2016-10-29 12:43:17', '2016-10-29 12:43:17', NULL, NULL),
(15, 4, '', 'AUSTRALIA ', '', '2016-10-29 12:46:56', '2016-10-29 12:46:56', NULL, NULL),
(16, 1, '', 'Party Cocktails & Shooters', '', '2016-10-29 13:16:16', '2016-10-29 13:16:16', NULL, NULL),
(17, 12, '', 'Scotch Whisky', '', '2016-10-29 13:22:44', '2016-10-29 13:25:51', NULL, NULL),
(18, 12, '', 'Bourbon Whisky', ' Bourbon', '2016-10-29 13:25:25', '2016-10-29 13:25:25', NULL, NULL),
(19, 12, '', 'Singal Malt Whisky', 'Singal Malt Whisky', '2016-10-29 13:26:55', '2016-10-29 13:26:55', NULL, NULL),
(20, 10, '', 'Cognac', 'Cognac', '2016-10-29 19:42:25', '2016-10-29 19:42:25', 1, NULL),
(21, 10, '', 'Liquor', ' ', '2016-10-29 19:43:45', '2016-10-29 19:43:45', 1, NULL),
(22, 9, '', 'Vodka', '', '2016-10-29 19:48:09', '2016-10-29 19:48:09', 1, NULL),
(23, 9, '', 'Tequila', 'Tequila', '2016-10-29 19:48:44', '2016-10-29 19:48:44', 1, NULL),
(24, 9, '', 'Gin', 'Gin', '2016-10-29 19:49:27', '2016-10-29 19:49:27', 1, NULL),
(25, 9, '', 'Rum', 'Rum', '2016-10-29 19:49:44', '2016-10-29 19:49:44', 1, NULL),
(26, 7, '', 'Draft Beer', ' ', '2016-10-29 19:56:37', '2016-10-29 19:56:37', 1, NULL),
(27, 7, '', 'Bottle/Can', ' / ', '2016-10-29 19:59:36', '2016-10-29 19:59:36', 1, NULL),
(28, 2, '', 'Shake & Smoothies', ' / ', '2016-10-29 20:04:19', '2016-10-29 20:04:19', 1, NULL),
(29, 2, '', 'Water', ' ', '2016-10-29 20:04:41', '2016-10-29 20:04:41', 1, NULL),
(30, 6, '', 'Coffee(Hot or Ice)', '', '2016-10-29 20:06:59', '2016-10-29 20:06:59', 1, NULL),
(31, 6, '', 'Tea(Malongo Selection)', ' ', '2016-10-29 20:07:55', '2016-10-29 20:07:55', 1, NULL),
(32, 15, '', 'Salad', '', '2016-10-29 20:29:55', '2016-10-29 20:29:55', 1, NULL),
(33, 15, '', 'Fruits & Cheese', ' ', '2016-10-29 20:30:36', '2016-10-29 20:30:36', 1, NULL),
(34, 16, '', 'Starters', 'Starters', '2016-10-29 20:42:43', '2016-10-29 20:42:43', 1, NULL),
(35, 17, '', 'Mains', '', '2016-10-29 20:57:07', '2016-10-29 20:57:07', 1, NULL),
(36, 5, '', 'Steak', '', '2016-10-29 21:22:32', '2016-10-29 21:22:32', 1, NULL),
(37, 5, '', 'Grill', '', '2016-10-29 21:23:10', '2016-10-29 21:23:10', 1, NULL),
(38, 12, '', 'Sake & Japenese Whisky', '', '2016-10-29 21:27:56', '2016-10-29 21:27:56', 1, NULL);

-- --------------------------------------------------------

--
-- Table structure for table `tbl_useful_data`
--

CREATE TABLE IF NOT EXISTS `tbl_useful_data` (
  `useful_description_id` int(11) NOT NULL,
  `name` varchar(120) COLLATE utf8_unicode_ci DEFAULT NULL,
  `attach_file` varchar(120) COLLATE utf8_unicode_ci DEFAULT NULL,
  `is_server` tinyint(1) DEFAULT '0' COMMENT 'if is server 1 means download file from grand-optics.com'
) ENGINE=InnoDB DEFAULT CHARSET=utf8 COLLATE=utf8_unicode_ci;

--
-- Dumping data for table `tbl_useful_data`
--

INSERT INTO `tbl_useful_data` (`useful_description_id`, `name`, `attach_file`, `is_server`) VALUES
(90, 'Report 1', '2014/Monthly-Economic-Report/1.pdf', 0),
(90, 'Report 2', '2014/Monthly-Economic-Report/2.pdf', 0),
(90, 'Report 3', '2014/Monthly-Economic-Report/3.pdf', 0),
(90, 'Report 4', '2014/Monthly-Economic-Report/4.pdf', 0),
(90, 'Report 5', '2014/Monthly-Economic-Report/5.pdf', 0),
(90, 'Report 6', '2014/Monthly-Economic-Report/6.pdf', 0),
(90, 'Report 7', '2014/Monthly-Economic-Report/7.pdf', 0),
(88, 'Business Directory', '2014/Guide-book/Business-Directory.pdf', 0),
(88, 'DFDL Cambodia Tax Pocket Guide 2013', '2014/Guide-book/dfdl_cambodia_tax_pocket_guide_2013_06112013_opts.pdf', 0),
(88, 'DFDL Cambodia Tax Pocket Guide 2013', '2014/Guide-book/dfdl_cambodia_tax_pocket_guide_2013_06112013_opts.pdf', 0),
(88, 'Doing Business In Cambodia Grant Thornton', '2014/Guide-book/Doing_Business_In_Cambodia-Grant-Thornton.pdf', 0),
(88, 'ExportProcedure', '2014/Guide-book/ExportProcedure.pdf', 0),
(88, 'GuideBook 2012 DITP', '2014/Guide-book/GuideBook2012 DITP.pdf', 0),
(88, 'Guide to Business in Cambodia BNG.pdf', '2014/Guide-book/Guide-to-Business-in-Cambodia BNG.pdf', 0),
(88, 'Handbook on Commercial Registration (ADB-2007) English', '2014/Guide-book/Handbook-on-Commercial-Registration-(ADB-2007)-English.pdf', 0),
(88, 'Handbook on Commercial Registration (ADB-2007) English', '2014/Guide-book/Handbook-on-Commercial-Registration-(ADB-2007)-English.pdf', 0),
(88, 'Investing- in-Cambodia KPMG', '2014/Guide-book/Investing-in-Cambodia-KPMG.pdf', 0),
(88, 'World Bank KHM 2014', '2014/Guide-book/WorldBankKHM 2014.pdf', 0),
(89, 'Labour Law', '2014/Law-and-Regulation/Labour-Law.pdf', 0),
(89, 'Law on Commercial Enterprises English', '2014/Law-and-Regulation/Law-on-Commercial-Enterprises_English_050517.pdf', 0),
(89, 'Law on Investment', '2014/Law-and-Regulation/Law-on-Investment.pdf', 0),
(89, 'Law on Taxation of 2004', '2014/Law-and-Regulation/Law-on-Investment.pdf', 0),
(89, 'Minimun Wage 2014', '2014/Law-and-Regulation/Minimun-Wage2014.pdf', 0),
(89, 'Procedures and Formalities of Company Registration at Province', '2014/Law-and-Regulation/Procedures-and-Formalities-of-Company-Registration-at-Province.pdf', 0),
(89, 'Procedures and Formalities of Company Registration at Province', '2014/Law-and-Regulation/Procedures-and-Formalities-of-Company-Registration-at-Province.pdf', 0),
(89, 'Procedures and Formalities of Company Registration at Province', '2014/Law-and-Regulation/Procedures-and-Formalities-of-Company-Registration-at-Province.pdf', 0),
(89, 'Procedures and Formalities of Company Registration at Province', '2014/Law-and-Regulation/Procedures-and-Formalities-of-Company-Registration-at-Province.pdf', 0),
(91, 'CDC', '2014/Special-Report/CDC.pdf', 0),
(92, 'Study GM 1', '2014/studygm/1.pdf', 0),
(92, 'Study GM 2', '2014/studygm/2.doc', 0),
(92, 'Study GM 3', '2014/studygm/3.pdf', 0),
(160, 'Mr.Vann Puthipol.EN', '28-Sep-2016/Mr.VannPuthipol.EN.pdf', 0),
(160, 'Mr.Vann Puthipol.KH', '28-Sep-2016/Mr.VannPuthipol.KH.pdf', 0),
(162, 'asdf', '12-Oct-2016/Mr.VannPuthipol.KH.pdf', 0);

-- --------------------------------------------------------

--
-- Table structure for table `tbl_useful_description`
--

CREATE TABLE IF NOT EXISTS `tbl_useful_description` (
  `id` int(11) NOT NULL AUTO_INCREMENT,
  `useful_InfoCategory_id` int(5) NOT NULL,
  `name` varchar(120) COLLATE utf8_unicode_ci NOT NULL,
  `image` varchar(120) COLLATE utf8_unicode_ci DEFAULT NULL,
  `url` varchar(120) COLLATE utf8_unicode_ci DEFAULT NULL,
  `attach_file` varchar(120) COLLATE utf8_unicode_ci DEFAULT NULL,
  `description` longtext COLLATE utf8_unicode_ci,
  `modified_by` int(11) NOT NULL,
  `year` year(4) DEFAULT NULL,
  `is_server` tinyint(1) DEFAULT '0' COMMENT 'if is server 1 means download file from grand-optics.com',
  `created_at` datetime DEFAULT NULL,
  `updated_at` datetime DEFAULT NULL,
  PRIMARY KEY (`id`)
) ENGINE=InnoDB  DEFAULT CHARSET=utf8 COLLATE=utf8_unicode_ci AUTO_INCREMENT=163 ;

--
-- Dumping data for table `tbl_useful_description`
--

INSERT INTO `tbl_useful_description` (`id`, `useful_InfoCategory_id`, `name`, `image`, `url`, `attach_file`, `description`, `modified_by`, `year`, `is_server`, `created_at`, `updated_at`) VALUES
(1, 4, 'Airline Market in Cambodia 2014', NULL, '', '20-Sep-2016/Research-and-Special-Report/Airline Market in Cambodia 2014.pdf', '', 1, 2016, 0, '2016-08-22 00:00:00', '2016-08-24 13:40:27'),
(2, 4, 'Banking and Financial Market in Cambodia 2014', NULL, '', '20-Sep-2016/Research-and-Special-Report/Banking and Financial Market in Cambodia 2014.pdf', '', 1, 2016, 0, '2016-08-22 00:00:00', '2016-08-22 23:23:30'),
(3, 4, 'Cambodia Business Confidence Index 2014', NULL, '', '20-Sep-2016/Research-and-Special-Report/Cambodia Business Confidence Index 2014.pdf', '', 1, 2016, 0, '2016-08-22 00:00:00', '2016-08-22 23:23:39'),
(4, 4, 'China investment inpact in Cambodia', NULL, '', '20-Sep-2016/Research-and-Special-Report/China investment inpact in Cambodia.pdf', '', 1, 2016, 0, '2016-08-22 00:00:00', '2016-08-22 23:23:46'),
(5, 4, 'Condominium Market in Cambodia 2015', NULL, '', '20-Sep-2016/Research-and-Special-Report/Condominium Market in Cambodia 2015.pdf', '', 1, 2016, 0, '2016-08-22 00:00:00', '2016-08-22 23:23:53'),
(6, 4, 'Construction and related business in Cambodia 2015', NULL, '', '20-Sep-2016/Research-and-Special-Report/Construction and related business in Cambodia 2015.pdf', '', 1, 2016, 0, '2016-08-22 00:00:00', '2016-08-22 23:24:00'),
(7, 4, 'Electrical Appliance Market in Cambodia 2016', NULL, '', '20-Sep-2016/Research-and-Special-Report/Electrical Appliance Market in Cambodia 2016.pdf', '', 1, 2016, 0, '2016-08-22 00:00:00', '2016-08-22 23:24:08'),
(8, 4, 'Jewellry and Accessories Market in Cambodia 2016', NULL, '', '20-Sep-2016/Research-and-Special-Report/Jewellry and Accessories Market in Cambodia 2016.pdf', '', 1, 2016, 0, '2016-08-22 00:00:00', '2016-08-22 23:24:15'),
(9, 4, 'Restaurant Business in Cambodia 2015', NULL, '', '20-Sep-2016/Research-and-Special-Report/Restaurant Business in Cambodia 2015.pdf', '', 1, 2016, 0, '2016-08-22 00:00:00', '2016-08-22 23:24:21'),
(10, 4, 'Restaurant Market in Cambodia 2014', NULL, '', '20-Sep-2016/Research-and-Special-Report/Restaurant Market in Cambodia 2014.pdf', '', 1, 2016, 0, '2016-08-22 00:00:00', '2016-08-22 23:24:28'),
(11, 3, 'AEC meaing for Cambodia Business and Economic by CDRI', NULL, '', '20-Sep-2016/Presentation/AEC meaing for Cambodia Business and Economic by CDRI.pdf', '<p>We provide multiple services all global bank. Now a day,we have cooperate with many bank in Cambodia. We have multiple service such as: Credit Card, National Bank Account..</p>\r\n', 1, 2016, 0, '2016-08-22 00:00:00', '2016-08-23 12:38:42'),
(12, 3, 'AEC_Guide_for_business_in Cambodia', NULL, '', '20-Sep-2016/Presentation/AEC_Guide_for_business_in Cambodia.pdf', '', 1, 2016, 0, '2016-08-22 00:00:00', '2016-08-22 23:26:54'),
(13, 3, 'Cambodia Real Estate Report 2015 by BONNA', NULL, '', '20-Sep-2016/Presentation/Cambodia Real Estate Report 2015 by BONNA.pdf', '', 1, 2016, 0, '2016-08-22 00:00:00', '2016-08-22 23:27:02'),
(14, 3, 'Cambodia Refore for AEC - August 2016 by MOC', NULL, '', '20-Sep-2016/Presentation/Cambodia Refore for AEC - August 2016 by MOC.pdf', '', 1, 2016, 0, '2016-08-22 00:00:00', '2016-08-22 23:27:07'),
(15, 3, 'Cambodia_Singapore Double Taxation Presentation July 2016 by DFDL', NULL, '', '20-Sep-2016/Presentation/Cambodia_Singapore Double Taxation Presentation July 2016 by DFDL.pdf', '', 1, 2016, 0, '2016-08-22 00:00:00', '2016-08-22 23:27:13'),
(16, 3, 'Charting Cambodia''s Economy 1H16', NULL, '', '20-Sep-2016/Presentation/Charting Cambodia''s Economy 1H16.pdf', '', 1, 2016, 0, '2016-08-22 00:00:00', '2016-08-22 23:27:20'),
(17, 3, 'Economic Development and reasons to invest in Cambodia by MOC July 2016', NULL, '', '20-Sep-2016/Presentation/Economic Development and reasons to invest in Cambodia by MOC July 2016.pdf', '', 1, 2016, 0, '2016-08-22 00:00:00', '2016-08-22 23:27:29'),
(18, 3, 'Investing in Cambodia by H.E SUN Chanthol _08 October 2015', NULL, '', '20-Sep-2016/Presentation/Investing in Cambodia by H.E SUN Chanthol _08 October 2015.pdf', '', 1, 2016, 0, '2016-08-22 00:00:00', '2016-08-22 23:27:35'),
(19, 3, 'Investment Environment and Opportunities in Cambodia by CDC- 25 Apr 2016', NULL, '', '20-Sep-2016/Presentation/Investment Environment and Opportunities in Cambodia by CDC- 25 Apr 2016.pdf', NULL, 1, 2016, 0, '2016-08-22 00:00:00', '2016-08-22 23:27:41'),
(20, 2, 'Cambodia Agricultural Sector Strategic Development Plan 2014-2018', NULL, '', '20-Sep-2016/Cambodia Agricultural Sector Strategic Development Plan 2014-2018.pdf', '', 1, 2016, 0, '2016-08-23 00:00:00', '2016-08-23 20:27:16'),
(21, 2, 'Cambodia Frequently Ask Question about doing business 2016', NULL, '', '20-Sep-2016/Cambodia Frequently Ask Question about doing business 2016.pdf', '', 1, 2016, 0, '2016-08-23 00:00:00', '2016-08-23 20:27:28'),
(22, 2, 'Cambodia Industrial Development Policy 2015-2025', NULL, '', '20-Sep-2016/Cambodia Industrial Development Policy 2015-2025.pdf', '', 1, 2016, 0, '2016-08-23 00:00:00', '2016-08-23 20:27:42'),
(23, 2, 'Cambodia Trade Integration Strategy 2014-2018', NULL, '', '20-Sep-2016/Cambodia Trade Integration Strategy 2014-2018.pdf', '', 1, 2016, 0, '2016-08-23 00:00:00', '2016-08-23 20:27:49'),
(24, 2, 'Cambodia_Investment Guide_2016_by K-Bank', NULL, '', '20-Sep-2016/Cambodia_Investment Guide_2016_by K-Bank.pdf', '', 1, 2016, 0, '2016-08-23 00:00:00', '2016-08-23 20:27:55'),
(25, 2, 'Cambodia-Tax-Pocket-Guide-2016 by DFDL', NULL, '', '15-Sep-2016/Cambodia-Tax-Pocket-Guide-2016_by_DFDL.pdf', '', 1, 2016, 0, '2016-08-23 00:00:00', '2016-08-23 20:28:01'),
(26, 2, 'NATIONAL STRATEGIC DEVELOPMENT PLAN 2014-2018', NULL, '', '15-Sep-2016/NATIONAL_STRATEGIC_DEVELOPMENT_PLAN_2014-2018.pdf', '', 1, 2016, 0, '2016-08-23 00:00:00', '2016-08-23 20:28:08'),
(27, 2, 'Singapore-Cambodia DTA (Not in force) (20 May 2016)', NULL, '', '15-Sep-2016/Singapore-Cambodia_DTA_(Not_in_force)_(20_May_2016).pdf', '', 1, 2016, 0, '2016-08-23 00:00:00', '2016-08-23 20:28:13'),
(88, 2, 'Guide Book', NULL, NULL, NULL, NULL, 1, 2014, 0, NULL, NULL),
(89, 2, 'Law and Regulation', NULL, NULL, NULL, NULL, 1, 2014, 0, NULL, NULL),
(90, 2, 'Monthly Economic Report', NULL, NULL, NULL, NULL, 1, 2014, 0, NULL, NULL),
(91, 2, 'Special Report', NULL, NULL, NULL, NULL, 1, 2014, 0, NULL, NULL),
(92, 2, 'Studygm', NULL, NULL, NULL, NULL, 1, 2014, 0, NULL, NULL),
(93, 2, 'Agenda', NULL, NULL, '2014/Agenda.pdf', NULL, 1, 2014, 0, NULL, NULL),
(94, 2, 'ANNEX D - Example Form D.pdf', NULL, NULL, '2014/ANNEX D - Example Form D(1).pdf', NULL, 1, 2014, 0, NULL, NULL),
(95, 2, 'ANNEX A ATIGA PRODUCT LIST', NULL, NULL, '2014/ANNEX-A-ATIGA-PRODUCT-LIST.pdf', NULL, 1, 2014, 0, NULL, NULL),
(96, 2, 'ANNEX-B-PSRs-LIST', NULL, NULL, '2014/ANNEX-B-PSRs-LIST.pdf', NULL, 1, 2014, 0, NULL, NULL),
(97, 2, 'ANNEX-C-IT-PRODUCT-LIST', NULL, NULL, '2014/ANNEX-C-IT-PRODUCT-LIST.pdf', NULL, 1, 2014, 0, NULL, NULL),
(98, 2, 'ANNEX-D-Example-Form-D', NULL, NULL, '2014/ANNEX-D-Example-Form-D.pdf', NULL, 1, 2014, 0, NULL, NULL),
(99, 2, 'ANNEX-E-Example-Invoice-Declaration', NULL, NULL, '2014/ANNEX-E-Example-Invoice-Declaration.pdf', NULL, 1, 2014, 0, NULL, NULL),
(100, 2, 'April-2014-Cambodia-Economic-Update (Final)', NULL, NULL, '2014/April-2014-Cambodia-Economic-Update (Final).pdf', NULL, 1, 2014, 0, NULL, NULL),
(101, 2, 'April-2014-Cambodia-Economic-Update-(Final-Khmer-version)', NULL, NULL, '2014/April-2014-Cambodia-Economic-Update-(Final-Khmer-version).pdf', NULL, 1, 2014, 0, NULL, NULL),
(102, 2, 'ASEAN-Infrastructure-and-Regional-Competitiveness-by-Ruth-Banomyong-(Ph.D.)', NULL, NULL, '2014/ASEAN-Infrastructure-and-Regional-Competitiveness-by-Ruth-Banomyong-(Ph.D.).pptx', NULL, 1, 2014, 0, NULL, NULL),
(103, 2, 'Cambodia-P.P.-Ho-Chi-Minh-City-P.P.-Ring-Road-3-&-Asian-Highway-I-by-VASIM-SORYA', NULL, NULL, '2014/Cambodia-P.P.-Ho-Chi-Minh-City-P.P.-Ring-Road-3-&-Asian-Highway-I-by-VASIM-SORYA.ppt', NULL, 1, 2014, 0, NULL, NULL),
(104, 2, 'Cam-DB-presentation IFC', NULL, NULL, '2014/Cam-DB-presentation _IFC.pdf', NULL, 1, 2014, 0, NULL, NULL),
(105, 2, 'Group-1-Issues-&-challenges-faced-by-PS', NULL, NULL, '2014/Group-1-Issues-&-challenges-faced-by-PS.pdf', NULL, 1, 2014, 0, NULL, NULL),
(106, 2, 'Group-2-Streamling-import-&-export', NULL, NULL, '2014/Group-2-Streamling-import-&-export.pdf', NULL, 1, 2014, 0, NULL, NULL),
(107, 2, 'Group-3-Promoting-Cambodia-competitiveness', NULL, NULL, '2014/Group-3-Promoting-Cambodia-competitiveness.pdf', NULL, 1, 2014, 0, NULL, NULL),
(108, 2, 'Group-4-Trade-fairs-&-exhibitions', NULL, NULL, '2014/Group-4-Trade-fairs-&-exhibitions.pdf', NULL, 1, 2014, 0, NULL, NULL),
(109, 2, 'IDE-Geographical-Simulation-Model-(GSM)-by-Satoru-KUMAGAI', NULL, NULL, '2014/IDE-Geographical-Simulation-Model-(GSM)-by-Satoru-KUMAGAI.pptx', NULL, 1, 2014, 0, NULL, NULL),
(110, 2, 'Indonesia-Logistics-Services-in-Indonesia-Archipelago-by-Akbar-Djohan', NULL, NULL, '2014/Indonesia-Logistics-Services-in-Indonesia-Archipelago-by-Akbar-Djohan.pdf', NULL, 1, 2014, 0, NULL, NULL),
(111, 2, 'Laos-Infrastructure-for-Logistics-Connectivity-in-Lao-PDR-by-Sengsavang-PHANDANOUVONG', NULL, NULL, '2014/Laos-Infrastructure-for-Logistics-Connectivity-in-Lao-PDR-by-Sengsavang-PHANDANOUVONG.pdf', NULL, 1, 2014, 0, NULL, NULL),
(112, 2, 'Malaysia-A-logistics-Connectivity-Perspective-by-Kenneth', NULL, NULL, '2014/Malaysia-A-logistics-Connectivity-Perspective-by-Kenneth.pdf', NULL, 1, 2014, 0, NULL, NULL),
(113, 2, 'Minute Report', NULL, NULL, '2014/Minute-Report.doc', NULL, 1, 2014, 0, NULL, NULL),
(114, 2, 'Myanmar-Logistics-Connectivity-by-Hla-Hla-Yee-(Honey-Tha)', NULL, NULL, '2014/Myanmar-Logistics-Connectivity-by-Hla-Hla-Yee-(Honey-Tha).pdf', NULL, 1, 2014, 0, NULL, NULL),
(115, 2, 'Presentation-Fabio-25-Nov', NULL, NULL, '2014/Presentation-Fabio-25-Nov.pdf', NULL, 1, 2014, 0, NULL, NULL),
(116, 2, 'Report-Seminar-AEC', NULL, NULL, '2014/Report-Seminar-AEC.pdf', NULL, 1, 2014, 0, NULL, NULL),
(117, 2, 'Singapore-Infrastructure-Projects-by-Karmjit-singh', NULL, NULL, '2014/Singapore-Infrastructure-Projects-by-Karmjit-singh.ppt', NULL, 1, 2014, 0, NULL, NULL),
(118, 2, 'Summary-of-recommendations-CEO-breakfast_11Nov2013', NULL, NULL, '2014/Summary-of-recommendations-CEO-breakfast_11Nov2013.pdf', NULL, 1, 2014, 0, NULL, NULL),
(119, 2, 'TBCC_AEC_Self-Certification', NULL, NULL, '2014/TBCC_AEC_Self-Certification.ppt', NULL, 1, 2014, 0, NULL, NULL),
(120, 2, 'TBCC-Membership-Application-Form-2557', NULL, NULL, '2014/TBCC-Membership-Application-Form-2557.doc', NULL, 1, 2014, 0, NULL, NULL),
(121, 2, 'TDRI-30yrs-web-preview', NULL, NULL, '2014/TDRI-30yrs-web-preview.pdf', NULL, 1, 2014, 0, NULL, NULL),
(122, 2, 'Thailand-Week-2014', NULL, NULL, '2014/Thailand-Week-2014.pdf', NULL, 1, 2014, 0, NULL, NULL),
(123, 2, 'Vietnam-The-Priority-of-Vietnam-Logistics-Infrastructures-by-TRINH-Thu-Huong', NULL, NULL, '2014/Vietnam-The-Priority-of-Vietnam-Logistics-Infrastructures-by-TRINH-Thu-Huong.pdf', NULL, 1, 2014, 0, NULL, NULL),
(124, 2, 'WB_Presentation-Julian_24-Nov', NULL, NULL, '2014/WB_Presentation-Julian_24-Nov.pdf', NULL, 1, 2014, 0, NULL, NULL),
(125, 2, 'Welcome-speech-by-Dr.Chantravipha-Dhanasobhon', NULL, NULL, '2014/Welcome-speech-by-Dr.Chantravipha-Dhanasobhon.docx', NULL, 1, 2014, 0, NULL, NULL),
(126, 2, 'Welcome-speech-by-Mr.-Myo-Thant', NULL, NULL, '2014/Welcome-speech-by-Mr.-Myo-Thant.docx', NULL, 1, 2014, 0, NULL, NULL),
(127, 2, 'Transportation Map', NULL, NULL, '2013/transportation-map.pdf', NULL, 1, 2013, 0, NULL, NULL),
(128, 2, 'Top 5 Hot Topics for Tax Audit', NULL, NULL, '2013/Top-5-Hot-Topics-for-Tax Audit.ppt', NULL, 1, 2013, 0, NULL, NULL),
(129, 2, 'Tax System English', NULL, NULL, '2013/Tax-System-English-(3).pptx', NULL, 1, 2013, 0, NULL, NULL),
(130, 2, 'Taxpayer Obligation2', NULL, NULL, '2013/Taxpayer-Obligation2.doc', NULL, 1, 2013, 0, NULL, NULL),
(131, 2, 'Scheduledseminars', NULL, NULL, '2013/Scheduledseminars.docx', NULL, 1, 2013, 0, NULL, NULL),
(132, 2, 'Presentation Slide 6 August 2013', NULL, NULL, '2013/Presentation-Slide-6-August-2013.pptx', NULL, 1, 2013, 0, NULL, NULL),
(133, 2, 'LOT-English-from-Mr.Puthipol', NULL, NULL, '2013/LOT-English-from-Mr.Puthipol.pdf', NULL, 1, 2013, 0, NULL, NULL),
(134, 2, 'lesson1-6', NULL, NULL, '2013/lesson1-6.pdf', NULL, 1, 2013, 0, NULL, NULL),
(135, 2, 'lesson1-5', NULL, NULL, '2013/lesson1-5.pdf', NULL, 1, 2013, 0, NULL, NULL),
(136, 2, 'lesson1-4', NULL, NULL, '2013/lesson1-4.pdf', NULL, 1, 2013, 0, NULL, NULL),
(137, 2, 'lesson1-3', NULL, NULL, '2013/lesson1-3.pdf', NULL, 1, 2013, 0, NULL, NULL),
(138, 2, 'lesson1-2', NULL, NULL, '2013/lesson1-2.pdf', NULL, 1, 2013, 0, NULL, NULL),
(139, 2, 'lesson1-1-2', NULL, NULL, '2013/lesson1-1-2.pdf', NULL, 1, 2013, 0, NULL, NULL),
(140, 2, 'lesson1-1-1', NULL, NULL, '2013/lesson1-1-1.pdf', NULL, 1, 2013, 0, NULL, NULL),
(141, 2, 'lesson1-1', NULL, NULL, '2013/lesson1-1.pdf', NULL, 1, 2013, 0, NULL, NULL),
(142, 2, 'lesson1', NULL, NULL, '2013/lesson1.pdf', NULL, 1, 2013, 0, NULL, NULL),
(143, 2, 'KPMG-handout', NULL, NULL, '2013/KPMG-handout.pptx', NULL, 1, 2013, 0, NULL, NULL),
(144, 2, 'FR2013-12', NULL, NULL, '2013/FR2013-12.pdf', NULL, 1, 2013, 0, NULL, NULL),
(145, 2, 'FR2013-10', NULL, NULL, '2013/FR2013-10.pdf', NULL, 1, 2013, 0, NULL, NULL),
(146, 2, 'FR2013-08', NULL, NULL, '2013/FR2013-08.pdf', NULL, 1, 2013, 0, NULL, NULL),
(147, 2, 'FR2013_11', NULL, NULL, '2013/FR2013_11.pdf', NULL, 1, 2013, 0, NULL, NULL),
(148, 2, 'FR2013_09', NULL, NULL, '2013/FR2013_09.pdf', NULL, 1, 2013, 0, NULL, NULL),
(149, 2, 'FR2013_07', NULL, NULL, '2013/FR2013_07.pdf', NULL, 1, 2013, 0, NULL, NULL),
(150, 2, 'FR2013_06', NULL, NULL, '2013/FR2013_06.pdf', NULL, 1, 2013, 0, NULL, NULL),
(151, 2, 'FR2013_05', NULL, NULL, '2013/FR2013_05.pdf', NULL, 1, 2013, 0, NULL, NULL),
(152, 2, 'FR2013_04', NULL, NULL, '2013/FR2013_04.pdf', NULL, 1, 2013, 0, NULL, NULL),
(153, 2, 'FR2013_03', NULL, NULL, '2013/FR2013_03.pdf', NULL, 1, 2013, 0, NULL, NULL),
(154, 2, 'FR2013_02', NULL, NULL, '2013/FR2013_02.pdf', NULL, 1, 2013, 0, NULL, NULL),
(155, 2, 'FR2013_01', NULL, NULL, '2013/FR2013_01.pdf', NULL, 1, 2013, 0, NULL, NULL),
(156, 2, 'Doing-Business-in-Cam', NULL, NULL, '2013/Doing-Business-in-Cam.pdf', NULL, 1, 2013, 0, NULL, NULL),
(157, 2, 'dfdl_cambodia_tax_pocket_guide_2013_06112013_opts', NULL, NULL, '2013/dfdl_cambodia_tax_pocket_guide_2013_06112013_opts.pdf', NULL, 1, 2013, 0, NULL, NULL),
(158, 2, 'BOI-2012_Border-Trade-(KR)', NULL, NULL, '2013/BOI-2012_Border-Trade-(KR).pptx', NULL, 1, 2013, 0, NULL, NULL),
(159, 2, 'Annex-2_Interim-Progress-Matrix_Mekong-Development-Roadmap-JICA-update', NULL, NULL, '2013/Annex-2_Interim-Progress-Matrix_Mekong-Development-Roadmap-JICA-update.xls', NULL, 1, 2013, 0, NULL, NULL),
(160, 2, 'Cambodia Tax Seminar DFDL', NULL, '', '28-Sep-2016/CambodiaTaxSeminarDFDL.pdf', '', 1, 2016, 0, '2016-09-28 15:02:35', '2016-09-28 15:02:35'),
(162, 2, 'Khmer Study', NULL, '', '12-Oct-2016/Mr.VannPuthipol.EN.pdf', '', 1, 2016, 0, '2016-10-12 10:11:58', '2016-10-12 10:11:58');

-- --------------------------------------------------------

--
-- Table structure for table `tbl_useful_infocategory`
--

CREATE TABLE IF NOT EXISTS `tbl_useful_infocategory` (
  `id` int(11) NOT NULL AUTO_INCREMENT,
  `name` varchar(50) COLLATE utf8_unicode_ci NOT NULL,
  `order_level` int(2) DEFAULT NULL,
  `modified_by` int(3) NOT NULL,
  `created_at` datetime DEFAULT NULL,
  `updated_at` datetime DEFAULT NULL,
  PRIMARY KEY (`id`)
) ENGINE=InnoDB  DEFAULT CHARSET=utf8 COLLATE=utf8_unicode_ci AUTO_INCREMENT=5 ;

--
-- Dumping data for table `tbl_useful_infocategory`
--

INSERT INTO `tbl_useful_infocategory` (`id`, `name`, `order_level`, `modified_by`, `created_at`, `updated_at`) VALUES
(2, 'Download Document', 1, 1, '2016-08-22 23:15:28', '2016-08-22 23:18:29'),
(3, 'Presentation', 2, 1, '2016-08-22 23:18:39', '2016-08-22 23:18:39'),
(4, 'Research and Special Report', 3, 1, '2016-08-22 23:18:47', '2016-08-22 23:23:03');

-- --------------------------------------------------------

--
-- Table structure for table `tbl_useful_link`
--

CREATE TABLE IF NOT EXISTS `tbl_useful_link` (
  `id` int(5) NOT NULL AUTO_INCREMENT,
  `modified_by` int(5) NOT NULL,
  `name` varchar(120) COLLATE utf8_unicode_ci NOT NULL,
  `url` varchar(120) COLLATE utf8_unicode_ci NOT NULL,
  `created_at` datetime DEFAULT NULL,
  `updated_at` datetime DEFAULT NULL,
  PRIMARY KEY (`id`)
) ENGINE=InnoDB  DEFAULT CHARSET=utf8 COLLATE=utf8_unicode_ci AUTO_INCREMENT=10 ;

--
-- Dumping data for table `tbl_useful_link`
--

INSERT INTO `tbl_useful_link` (`id`, `modified_by`, `name`, `url`, `created_at`, `updated_at`) VALUES
(1, 1, 'Royal Thai Embassy in Phnom Penh', 'http://www.thaiembassy.org/phnompenh', NULL, NULL),
(2, 1, 'Department of International Trade Promotion\r\n', 'http://www.ditp.go.th', NULL, NULL),
(3, 1, 'The Council for Development of Cambodia', 'http://www.cambodiainvestment.gov.kh/', NULL, NULL),
(4, 1, 'Ministry of Commerce of Cambodia', 'http://www.moc.gov.kh/', NULL, NULL),
(5, 1, 'General Tax Department of Cambodia', 'http://www.tax.gov.kh/', NULL, NULL),
(6, 1, 'Cambodia Chamber of Commerce', 'http://www.ccc.org.kh/', NULL, NULL),
(7, 1, 'International Business Chamber of Cambodia', 'http://www.ibccambodia.com/', NULL, NULL),
(8, 1, 'Cambodian Federation of Employers and Business Associations', 'http://www.camfeba.com/', NULL, NULL),
(9, 1, 'Cambodian \r\n\r\nThai Alumni Network', 'http://www.camthaialumni.net/', NULL, NULL);

-- --------------------------------------------------------

--
-- Table structure for table `tbl_user`
--

CREATE TABLE IF NOT EXISTS `tbl_user` (
  `id` int(11) NOT NULL AUTO_INCREMENT,
  `username` varchar(45) COLLATE utf8_unicode_ci NOT NULL,
  `password` varchar(100) COLLATE utf8_unicode_ci NOT NULL,
  `group_id` int(5) DEFAULT NULL,
  `photo` varchar(120) COLLATE utf8_unicode_ci DEFAULT NULL,
  `remember_token` varchar(100) COLLATE utf8_unicode_ci DEFAULT NULL,
  `email` varchar(45) COLLATE utf8_unicode_ci DEFAULT NULL,
  `profile_image` varchar(120) COLLATE utf8_unicode_ci DEFAULT NULL,
  `modified_by` int(4) NOT NULL,
  `created_at` datetime DEFAULT NULL,
  `updated_at` datetime DEFAULT NULL,
  PRIMARY KEY (`id`)
) ENGINE=InnoDB  DEFAULT CHARSET=utf8 COLLATE=utf8_unicode_ci AUTO_INCREMENT=19 ;

--
-- Dumping data for table `tbl_user`
--

INSERT INTO `tbl_user` (`id`, `username`, `password`, `group_id`, `photo`, `remember_token`, `email`, `profile_image`, `modified_by`, `created_at`, `updated_at`) VALUES
(1, 'admin', '$2y$10$l/vfR6YCZj3Ck9kPYc6Ar.B7FEqxvHSq70zQY7rpaHl6SnU0rElGm', 3, '28-Oct-2016/avatar.png', 'OFUimdoKM4dd8W6nVOM30rsl2NQe2P6lxAlg2p7Ikhy5IQBMOR2nmEb9PV1V', 'sim_sineth@ymail.com', NULL, 0, '2015-11-04 03:27:20', '2016-10-29 22:03:18'),
(2, 'administrator', '$2y$10$l/vfR6YCZj3Ck9kPYc6Ar.B7FEqxvHSq70zQY7rpaHl6SnU0rElGm', 1, 'logo.png', 'mimjM9ng4a62orfKjNHwSx4i89LSaiGTDQeDLDi1DN9TGC3d4DAZGTQELiXn', 'sreyleakyem@hotmail.com', NULL, 0, NULL, '2016-08-18 22:31:51');

-- --------------------------------------------------------

--
-- Table structure for table `tbl_user_group`
--

CREATE TABLE IF NOT EXISTS `tbl_user_group` (
  `id` int(11) NOT NULL AUTO_INCREMENT,
  `name` varchar(50) COLLATE utf8_unicode_ci NOT NULL,
  `is_active` tinyint(1) NOT NULL DEFAULT '0',
  `is_delete` tinyint(1) DEFAULT '0',
  `remark` varchar(150) COLLATE utf8_unicode_ci DEFAULT NULL,
  `created_by` int(4) DEFAULT NULL,
  `updated_by` int(4) DEFAULT NULL,
  `created_at` datetime DEFAULT NULL,
  `updated_at` datetime DEFAULT NULL,
  PRIMARY KEY (`id`)
) ENGINE=InnoDB  DEFAULT CHARSET=utf8 COLLATE=utf8_unicode_ci AUTO_INCREMENT=2 ;

--
-- Dumping data for table `tbl_user_group`
--

INSERT INTO `tbl_user_group` (`id`, `name`, `is_active`, `is_delete`, `remark`, `created_by`, `updated_by`, `created_at`, `updated_at`) VALUES
(1, 'Top Administrator', 1, 0, 'Full System Control', NULL, 2, NULL, NULL);

/*!40101 SET CHARACTER_SET_CLIENT=@OLD_CHARACTER_SET_CLIENT */;
/*!40101 SET CHARACTER_SET_RESULTS=@OLD_CHARACTER_SET_RESULTS */;
/*!40101 SET COLLATION_CONNECTION=@OLD_COLLATION_CONNECTION */;
